path,ext,size,sha256,module,domain,gate,authority,purpose,deps,consumers,test_cov,sec,prod
.gitignore,(none),59,245b1e79192065156ffb4e54766a6352ec9c99918b0ec32a973988dea9914bc1,repo-root,Platform,pre-Gate0(reference),Historical,Repository governance/state document,-,-,-,info,support/historical
Karen_Home_Project_Artifacts_CURRENT_v1.zip,.zip,3019028,ff42f446c0c38144b29c9f384d72d9a509fc8b1f61d5979b672023345ab0b3ad,bundles,Platform,pre-Gate0(reference),Historical,Self-contained artifact bundle,-,-,-,info,support/historical
PROJECT_STATE_SUMMARY.md,.md,3466,908a7ba52247e3f90bf971e572c4207e5fee343d01c1b5f7e02bcfc980cec56d,repo-root,Platform,pre-Gate0(reference),Historical,Repository governance/state document,-,-,-,info,support/historical
README.md,.md,1873,047b5145dbf0d46b9ec5bae252072bd51e98bfffcd159fceeae0133a05687e2a,repo-root,Platform,pre-Gate0(reference),Historical,Repository governance/state document,-,-,-,info,support/historical
backend/.env.example,.example,369,9fd5b35efb0399c22b59a163632cec9e6833870dd2554516af657c6880a0258e,repo-root,Platform,Gate4,Authoritative,Backend root config,-,-,config — covered indirectly,info,support/historical
backend/.gitignore,(none),74,c2c09d334767c3f577565510994816d4c3539a2fdfe123a9ff4768e1fad4a085,repo-root,Platform,Gate4,Authoritative,Backend root config,-,-,config — covered indirectly,info,support/historical
backend/README.md,.md,879,88c58f09a458b59c767ad72f2bafdb3e5c6ad60e65ce69a0c15c7db6a7b221b0,repo-root,Platform,Gate4,Authoritative,Backend root config,-,-,config — covered indirectly,info,support/historical
backend/RECOVERY.md,.md,2424,7dcffa6fb4260077e2dd641d99c377f41a7940f832a0a07fa58ac59c80de6b76,repo-root,Platform,Gate4,Authoritative,Backend root config,-,-,config — covered indirectly,info,support/historical
backend/apps/api/jest.config.js,.js,587,eb55148256489916b60444cc9bc2db1114893b4b2e5332ce24cc9aeadfeb5716,api,Platform,Gate4,Authoritative,API config/build,"contracts, db-kernel, fastify/nest","HTTP clients, benchmark, E2E tests",covered by jest suites (see D_jest_full.log),info,production-relevant
backend/apps/api/nest-cli.json,.json,117,923a037ebaf2bc590c7ae65359551c6476e30ab79f854a03c29704b7f0817f5c,api,Platform,Gate4,Authoritative,API config/build,"contracts, db-kernel, fastify/nest","HTTP clients, benchmark, E2E tests",covered by jest suites (see D_jest_full.log),info,production-relevant
backend/apps/api/package.json,.json,1245,e838f4334bd1866eadb37e5c7602a00f3d769342db6a5b6fc0f55b2bb7769d1c,api,Platform,Gate4,Authoritative,API config/build,"contracts, db-kernel, fastify/nest","HTTP clients, benchmark, E2E tests",covered by jest suites (see D_jest_full.log),info,production-relevant
backend/apps/api/src/app.module.ts,.ts,2222,22723325b810438414a7e8f85614d87b811ea01dd849b64465858d3b0a7dc666,api,Platform,Gate4,Authoritative,API application source,"contracts, db-kernel, fastify/nest","HTTP clients, benchmark, E2E tests",covered by jest suites (see D_jest_full.log),info,production-relevant
backend/apps/api/src/common/antibot/antibot.service.ts,.ts,5473,047e7f3c230637c99b8bc8538b02a028e209e79f5db3fca9ab0321a70396bde2,api,Platform,Gate4,Authoritative,API application source,"contracts, db-kernel, fastify/nest","HTTP clients, benchmark, E2E tests",covered by jest suites (see D_jest_full.log),info,production-relevant
backend/apps/api/src/common/auth/access-token.guard.ts,.ts,1405,4a6f8e021ec5f81ce482428f1f2db6cbebba4fc2b283810bbd92970e70f0bf6a,api,Platform,Gate4,Authoritative,API application source,"contracts, db-kernel, fastify/nest","HTTP clients, benchmark, E2E tests",covered by jest suites (see D_jest_full.log),security-critical,production-relevant
backend/apps/api/src/common/auth/access-token.service.ts,.ts,2051,29dbdbd77f719d60e5ac62a6bbe9fbd40d16034b1bd1b5df02bd01c82a1abccc,api,Platform,Gate4,Authoritative,API application source,"contracts, db-kernel, fastify/nest","HTTP clients, benchmark, E2E tests",covered by jest suites (see D_jest_full.log),security-critical,production-relevant
backend/apps/api/src/common/auth/auth.module.ts,.ts,302,6781fb7c48e7f4e440d0572ff161a3c23ec65686f90fe7753999075790c2b82a,api,Platform,Gate4,Authoritative,API application source,"contracts, db-kernel, fastify/nest","HTTP clients, benchmark, E2E tests",covered by jest suites (see D_jest_full.log),security-critical,production-relevant
backend/apps/api/src/common/auth/auth.spec.ts,.ts,450,00feceb9bdbcd28e8d33a9bf08369a3435b578b54a00f2736582318f738cce45,api,Platform,Gate4,Authoritative,API application source,"contracts, db-kernel, fastify/nest","HTTP clients, benchmark, E2E tests",IS test,security-critical,production-relevant
backend/apps/api/src/common/auth/auth.types.ts,.ts,259,98228ff28564b9f51398c932940ee4a5193d3fbd0cd75470d67d3bb57cbf2a6a,api,Platform,Gate4,Authoritative,API application source,"contracts, db-kernel, fastify/nest","HTTP clients, benchmark, E2E tests",covered by jest suites (see D_jest_full.log),security-critical,production-relevant
backend/apps/api/src/common/auth/current-user.decorator.ts,.ts,315,be9f0b7aed26e041578fab61a47b966d9a600699319c100db6ada803b2c03412,api,Platform,Gate4,Authoritative,API application source,"contracts, db-kernel, fastify/nest","HTTP clients, benchmark, E2E tests",covered by jest suites (see D_jest_full.log),security-critical,production-relevant
backend/apps/api/src/common/auth/permissions.decorator.ts,.ts,208,01e26f3aebfd11bbdc7122c477288525f5be78be179514808633c9754a67d684,api,Platform,Gate4,Authoritative,API application source,"contracts, db-kernel, fastify/nest","HTTP clients, benchmark, E2E tests",covered by jest suites (see D_jest_full.log),security-critical,production-relevant
backend/apps/api/src/common/auth/permissions.guard.ts,.ts,1596,3c0dc2c3440ca05f87086bc0376f22316c61977092bd5490a1c07f5d254462f8,api,Platform,Gate4,Authoritative,API application source,"contracts, db-kernel, fastify/nest","HTTP clients, benchmark, E2E tests",covered by jest suites (see D_jest_full.log),security-critical,production-relevant
backend/apps/api/src/common/auth/secret-cipher.ts,.ts,1535,d2b944f571ab0a66fa1d1ab5d8a82960ea282109de113f005d4fb1600a2ce9d1,api,Platform,Gate4,Authoritative,API application source,"contracts, db-kernel, fastify/nest","HTTP clients, benchmark, E2E tests",covered by jest suites (see D_jest_full.log),security-critical,production-relevant
backend/apps/api/src/common/auth/totp.ts,.ts,2913,c19b3a14366e003478d08d630a1f000dae6b476bc0fe5161c05ec6ca7ace6a32,api,Platform,Gate4,Authoritative,API application source,"contracts, db-kernel, fastify/nest","HTTP clients, benchmark, E2E tests",covered by jest suites (see D_jest_full.log),security-critical,production-relevant
backend/apps/api/src/common/config/app-config.ts,.ts,4797,a6686fd49af398ff496e74cb6b5ed2a0f353aa73e81341014cda5bf1ca5477c3,api,Platform,Gate4,Authoritative,API application source,"contracts, db-kernel, fastify/nest","HTTP clients, benchmark, E2E tests",covered by jest suites (see D_jest_full.log),info,production-relevant
backend/apps/api/src/common/config/env.validation.ts,.ts,1177,af8d33f06e0b8268af913a0f3ba6539f99aefd19067937de6f726cfb26859401,api,Platform,Gate4,Authoritative,API application source,"contracts, db-kernel, fastify/nest","HTTP clients, benchmark, E2E tests",covered by jest suites (see D_jest_full.log),info,production-relevant
backend/apps/api/src/common/errors/http-exception.filter.ts,.ts,4098,3e78418b58d13e43a78b9371278c14fd1b4504d0844e2ff858963f333d38fee3,api,Platform,Gate4,Authoritative,API application source,"contracts, db-kernel, fastify/nest","HTTP clients, benchmark, E2E tests",covered by jest suites (see D_jest_full.log),info,production-relevant
backend/apps/api/src/common/http/rate-limit.service.ts,.ts,2420,3ffa08682b86c88d741e9dcc06cdf22d8a63123d82cb3f69233d47eff95ebd42,api,Platform,Gate4,Authoritative,API application source,"contracts, db-kernel, fastify/nest","HTTP clients, benchmark, E2E tests",covered by jest suites (see D_jest_full.log),info,production-relevant
backend/apps/api/src/common/i18n/error-catalog.ts,.ts,6583,510766fed2d42afb3199886b36c00740efc8d0d198ba21bc2a26d5f9e56f0731,api,Platform,Gate4,Authoritative,API application source,"contracts, db-kernel, fastify/nest","HTTP clients, benchmark, E2E tests",covered by jest suites (see D_jest_full.log),info,production-relevant
backend/apps/api/src/common/observability/logger.ts,.ts,2402,71b62580aa445ffb21a9ee69d7d315b43b8dceebde4d1f53d396a45c860d6fb4,api,Platform,Gate4,Authoritative,API application source,"contracts, db-kernel, fastify/nest","HTTP clients, benchmark, E2E tests",covered by jest suites (see D_jest_full.log),info,production-relevant
backend/apps/api/src/common/observability/metrics.controller.ts,.ts,450,d2c78aeb7bb38bcabaacb3ee21995d70c7e9923532d1bd5f5dad467d4f4d93e8,api,Platform,Gate4,Authoritative,API application source,"contracts, db-kernel, fastify/nest","HTTP clients, benchmark, E2E tests",covered by jest suites (see D_jest_full.log),info,production-relevant
backend/apps/api/src/common/observability/metrics.ts,.ts,4032,29000ba709d1a5f3bd9d981bc0dc4b22dda6062a50aed21fd51e111c80d41ebe,api,Platform,Gate4,Authoritative,API application source,"contracts, db-kernel, fastify/nest","HTTP clients, benchmark, E2E tests",covered by jest suites (see D_jest_full.log),info,production-relevant
backend/apps/api/src/common/observability/observability.module.ts,.ts,513,0eb3cf3fdf9819bc10fbc783e5915e59a3a06bf26843ffabeb8af508eaeee870,api,Platform,Gate4,Authoritative,API application source,"contracts, db-kernel, fastify/nest","HTTP clients, benchmark, E2E tests",covered by jest suites (see D_jest_full.log),info,production-relevant
backend/apps/api/src/infrastructure/database.module.ts,.ts,3381,b6e502561a332eef7571ee6359932b6eb875455f1714bb04de0c95aad4e3cedc,api,Platform,Gate4,Authoritative,API application source,"contracts, db-kernel, fastify/nest","HTTP clients, benchmark, E2E tests",covered by jest suites (see D_jest_full.log),info,production-relevant
backend/apps/api/src/main.ts,.ts,5155,fba6187563b65727886b56d0d9cf6f4658f71a3e0f70162027bea4f636e01f7f,api,Platform,Gate4,Authoritative,API application source,"contracts, db-kernel, fastify/nest","HTTP clients, benchmark, E2E tests",covered by jest suites (see D_jest_full.log),info,production-relevant
backend/apps/api/src/modules/admin/admin.module.ts,.ts,499,1d78c9cf7441e99d2d72eb17f65811b7f37b93f9b1cda56850c1fb7010a71378,api,Admin,Gate4,Authoritative,API application source,"contracts, db-kernel, fastify/nest","HTTP clients, benchmark, E2E tests",covered by jest suites (see D_jest_full.log),info,production-relevant
backend/apps/api/src/modules/admin/presentation/admin.controller.ts,.ts,2856,bb76232171c3abf040e47c7d124d8381c598fceb8e3715f0ef510acfd9542617,api,Admin,Gate4,Authoritative,API application source,"contracts, db-kernel, fastify/nest","HTTP clients, benchmark, E2E tests",covered by jest suites (see D_jest_full.log),info,production-relevant
backend/apps/api/src/modules/advertising/advertising.module.ts,.ts,588,c2188f5b139bd5f3eaeb34278751b39938d542c356b0d5cda817228ecf399218,api,Advertising,Gate4,Authoritative,API application source,"contracts, db-kernel, fastify/nest","HTTP clients, benchmark, E2E tests",covered by jest suites (see D_jest_full.log),info,production-relevant
backend/apps/api/src/modules/advertising/application/advertising-admin.service.ts,.ts,3058,92a8968748fbce233c2526f55ba6cebe02157d9a3b2fe59324a66a67a2d50691,api,Advertising,Gate4,Authoritative,API application source,"contracts, db-kernel, fastify/nest","HTTP clients, benchmark, E2E tests",covered by jest suites (see D_jest_full.log),info,production-relevant
backend/apps/api/src/modules/advertising/application/advertising.service.ts,.ts,5484,3ecc17fe78f0cc86b6086a7867f85fb4866113783e6efde921feb0d7ebf4751a,api,Advertising,Gate4,Authoritative,API application source,"contracts, db-kernel, fastify/nest","HTTP clients, benchmark, E2E tests",covered by jest suites (see D_jest_full.log),info,production-relevant
backend/apps/api/src/modules/advertising/presentation/ads.controller.ts,.ts,5085,f160cbfdcb433582e728a24e339c28fbd31f465225383eafb3fa1fd3de202e14,api,Advertising,Gate4,Authoritative,API application source,"contracts, db-kernel, fastify/nest","HTTP clients, benchmark, E2E tests",covered by jest suites (see D_jest_full.log),info,production-relevant
backend/apps/api/src/modules/authorization/authorization.module.ts,.ts,338,4e543f45605e5834ba3aefffe4d57ca3f2f065fb73cb1e235cf31823782cb755,api,Platform,Gate4,Authoritative,API application source,"contracts, db-kernel, fastify/nest","HTTP clients, benchmark, E2E tests",covered by jest suites (see D_jest_full.log),security-critical,production-relevant
backend/apps/api/src/modules/billing/application/billing-admin.guard.ts,.ts,833,5fae891b611eabcddf30f722a23b8909fe145981bb633fdc71ecdd29b365a6c3,api,Billing/Subscriptions,Gate4,Authoritative,API application source,"contracts, db-kernel, fastify/nest","HTTP clients, benchmark, E2E tests",covered by jest suites (see D_jest_full.log),info,production-relevant
backend/apps/api/src/modules/billing/application/billing.service.ts,.ts,7998,9a9819708c34e12a0976947ad8132267845ee1b6b4e014e5da48a68f2c8032ed,api,Billing/Subscriptions,Gate4,Authoritative,API application source,"contracts, db-kernel, fastify/nest","HTTP clients, benchmark, E2E tests",covered by jest suites (see D_jest_full.log),info,production-relevant
backend/apps/api/src/modules/billing/billing.module.ts,.ts,506,742224ac3e569e37ad40d6560601f1d01b4c0828b96dd9888848eea98279d41c,api,Billing/Subscriptions,Gate4,Authoritative,API application source,"contracts, db-kernel, fastify/nest","HTTP clients, benchmark, E2E tests",covered by jest suites (see D_jest_full.log),info,production-relevant
backend/apps/api/src/modules/billing/presentation/billing.controller.ts,.ts,3496,75c9a003b1b05c3cdec5cf740de3d7251b6bdc4b4417ad7b5c062cffd530ef99,api,Billing/Subscriptions,Gate4,Authoritative,API application source,"contracts, db-kernel, fastify/nest","HTTP clients, benchmark, E2E tests",covered by jest suites (see D_jest_full.log),info,production-relevant
backend/apps/api/src/modules/commission/application/commission-engine.service.ts,.ts,8898,cd5e8e79e7982f14db5c3b60fc33fb7475a1d3436fb0a782c46696ca098485db,api,Commission,Gate4,Authoritative,API application source,"contracts, db-kernel, fastify/nest","HTTP clients, benchmark, E2E tests",covered by jest suites (see D_jest_full.log),info,production-relevant
backend/apps/api/src/modules/commission/application/commission-settlement.service.ts,.ts,3678,e8ec6b968290868fea2150fa688bc7cc04b9addb7cd4389a355f1e1a79edfaf4,api,Commission,Gate4,Authoritative,API application source,"contracts, db-kernel, fastify/nest","HTTP clients, benchmark, E2E tests",covered by jest suites (see D_jest_full.log),info,production-relevant
backend/apps/api/src/modules/commission/commission.module.ts,.ts,585,e0a085780e134b7b20061bcaf264001036e42de8c82d75d7da23bdf3acbe60c5,api,Commission,Gate4,Authoritative,API application source,"contracts, db-kernel, fastify/nest","HTTP clients, benchmark, E2E tests",covered by jest suites (see D_jest_full.log),info,production-relevant
backend/apps/api/src/modules/commission/presentation/commission.controller.ts,.ts,5375,8f401e25d472ec0684f06e7bcfdbe51ef6d2d205301f0e54c9cf9e8388fa3330,api,Commission,Gate4,Authoritative,API application source,"contracts, db-kernel, fastify/nest","HTTP clients, benchmark, E2E tests",covered by jest suites (see D_jest_full.log),info,production-relevant
backend/apps/api/src/modules/health/health.module.ts,.ts,644,7a0a2be7c65499871df51d5bcdd7cbbf06e812c67174c3a6876894e8642aa826,api,Platform,Gate4,Authoritative,API application source,"contracts, db-kernel, fastify/nest","HTTP clients, benchmark, E2E tests",covered by jest suites (see D_jest_full.log),info,production-relevant
backend/apps/api/src/modules/i18n/application/i18n.service.ts,.ts,5252,a75ce7384a0e5a5493c10c07faf67fa0962bff300642eadf6e7b9e4acc568bba,api,i18n,Gate4,Authoritative,API application source,"contracts, db-kernel, fastify/nest","HTTP clients, benchmark, E2E tests",covered by jest suites (see D_jest_full.log),info,production-relevant
backend/apps/api/src/modules/i18n/i18n.module.ts,.ts,448,973a59c8a055cffa377c575738cc41ebd424c1e4f9b7b3aa36214e45d84e5f8b,api,i18n,Gate4,Authoritative,API application source,"contracts, db-kernel, fastify/nest","HTTP clients, benchmark, E2E tests",covered by jest suites (see D_jest_full.log),info,production-relevant
backend/apps/api/src/modules/i18n/presentation/i18n.controller.ts,.ts,3252,390f149df8063081567c081e5a24c34ade1b4744fe2ab86437de4d6474032a8d,api,i18n,Gate4,Authoritative,API application source,"contracts, db-kernel, fastify/nest","HTTP clients, benchmark, E2E tests",covered by jest suites (see D_jest_full.log),info,production-relevant
backend/apps/api/src/modules/iam/application/iam-hardening.service.ts,.ts,15171,36c119101fcaec20e88f860e50f820177363ef947a8b74525ddc1a11b592c41e,api,IAM,Gate4,Authoritative,API application source,"contracts, db-kernel, fastify/nest","HTTP clients, benchmark, E2E tests",covered by jest suites (see D_jest_full.log),security-critical,production-relevant
backend/apps/api/src/modules/iam/application/iam.service.ts,.ts,8350,206bf2559eab01a18c03682f974252ff323b4d01718c8b1a74d1a57b77ecfe4d,api,IAM,Gate4,Authoritative,API application source,"contracts, db-kernel, fastify/nest","HTTP clients, benchmark, E2E tests",covered by jest suites (see D_jest_full.log),security-critical,production-relevant
backend/apps/api/src/modules/iam/domain/iam.errors.ts,.ts,157,73f0fcd21af62fcbf170059c41ab9f648e8d15ae0d59a88809a5e67be40ca34a,api,IAM,Gate4,Authoritative,API application source,"contracts, db-kernel, fastify/nest","HTTP clients, benchmark, E2E tests",covered by jest suites (see D_jest_full.log),security-critical,production-relevant
backend/apps/api/src/modules/iam/iam.module.ts,.ts,1505,d1a882f3eeb8b8c35666bb1061f293f205725c45290a9fb2bb44d15eb2c81fc8,api,IAM,Gate4,Authoritative,API application source,"contracts, db-kernel, fastify/nest","HTTP clients, benchmark, E2E tests",covered by jest suites (see D_jest_full.log),security-critical,production-relevant
backend/apps/api/src/modules/iam/infrastructure/oauth-providers.ts,.ts,4965,a0be0cd45381bb9654b3b987ca5e4745f321e16f08f4cab7042d91357bbceb8a,api,IAM,Gate4,Authoritative,API application source,"contracts, db-kernel, fastify/nest","HTTP clients, benchmark, E2E tests",covered by jest suites (see D_jest_full.log),security-critical,production-relevant
backend/apps/api/src/modules/iam/presentation/dto/hardening.dto.ts,.ts,1013,12fe08bd7d351a6edbd76331e25adb92deae41ac7e797acc43e17ae45c615e5e,api,IAM,Gate4,Authoritative,API application source,"contracts, db-kernel, fastify/nest","HTTP clients, benchmark, E2E tests",covered by jest suites (see D_jest_full.log),security-critical,production-relevant
backend/apps/api/src/modules/iam/presentation/dto/login.dto.ts,.ts,193,9e1bee41d12c9cb006c0ed709395abd7fc3678ee00addc6cb82ae08b7dbf3b25,api,IAM,Gate4,Authoritative,API application source,"contracts, db-kernel, fastify/nest","HTTP clients, benchmark, E2E tests",covered by jest suites (see D_jest_full.log),security-critical,production-relevant
backend/apps/api/src/modules/iam/presentation/dto/refresh.dto.ts,.ts,135,eab106890e26cbae1cbe3ae11d2bab79a025d8231b146e27ab7e5545cb65bcca,api,IAM,Gate4,Authoritative,API application source,"contracts, db-kernel, fastify/nest","HTTP clients, benchmark, E2E tests",covered by jest suites (see D_jest_full.log),security-critical,production-relevant
backend/apps/api/src/modules/iam/presentation/dto/register.dto.ts,.ts,644,3be4d0d5558a9e0a65be86d474065fe43e6819c5bc583c557994881f0bb86a15,api,IAM,Gate4,Authoritative,API application source,"contracts, db-kernel, fastify/nest","HTTP clients, benchmark, E2E tests",covered by jest suites (see D_jest_full.log),security-critical,production-relevant
backend/apps/api/src/modules/iam/presentation/iam-hardening.controller.ts,.ts,5524,7e7bff62f024ff94dde64f4010e51dc3f7f7800f958e0dfe2d957699481b787c,api,IAM,Gate4,Authoritative,API application source,"contracts, db-kernel, fastify/nest","HTTP clients, benchmark, E2E tests",covered by jest suites (see D_jest_full.log),security-critical,production-relevant
backend/apps/api/src/modules/iam/presentation/iam.controller.ts,.ts,1942,6cda677a0facb2e6f44e44dc35d3cd7470d8a5db390d0efc5f36ca4e2bf9515e,api,IAM,Gate4,Authoritative,API application source,"contracts, db-kernel, fastify/nest","HTTP clients, benchmark, E2E tests",covered by jest suites (see D_jest_full.log),security-critical,production-relevant
backend/apps/api/src/modules/legal/legal.module.ts,.ts,2457,bf6fa95b78451a9454b7416d6e8b26ead6c7e9f52a0a384abb04f7fa2686d7af,api,Platform,Gate4,Authoritative,API application source,"contracts, db-kernel, fastify/nest","HTTP clients, benchmark, E2E tests",covered by jest suites (see D_jest_full.log),info,production-relevant
backend/apps/api/src/modules/listings/application/listing-search.service.ts,.ts,1662,9d7374238e0506a61b7c3293c5b513ddece125e53c547217568f787445007ee8,api,Listings,Gate4,Authoritative,API application source,"contracts, db-kernel, fastify/nest","HTTP clients, benchmark, E2E tests",covered by jest suites (see D_jest_full.log),info,production-relevant
backend/apps/api/src/modules/listings/application/listing.service.ts,.ts,10040,814ed1eeaf67210829aa5632ed56065ca2d597cf7aaacf202d81151bbb73b3dc,api,Listings,Gate4,Authoritative,API application source,"contracts, db-kernel, fastify/nest","HTTP clients, benchmark, E2E tests",covered by jest suites (see D_jest_full.log),info,production-relevant
backend/apps/api/src/modules/listings/domain/listing-state.machine.ts,.ts,6377,43489971d64ad0b864a483906ea9392a3e596a44603a962d1c355b808f7de5cb,api,Listings,Gate4,Authoritative,API application source,"contracts, db-kernel, fastify/nest","HTTP clients, benchmark, E2E tests",covered by jest suites (see D_jest_full.log),info,production-relevant
backend/apps/api/src/modules/listings/domain/publication-policy.ts,.ts,2135,dec3dd41684ee5a618ba32b246c7959beedf569815931edb6051cee1ff1b9de9,api,Listings,Gate4,Authoritative,API application source,"contracts, db-kernel, fastify/nest","HTTP clients, benchmark, E2E tests",covered by jest suites (see D_jest_full.log),info,production-relevant
backend/apps/api/src/modules/listings/listings.module.ts,.ts,560,1016effc8127195727722a6b1f81dd26cffa22e14a018afbc35e0bdacbc96ba1,api,Listings,Gate4,Authoritative,API application source,"contracts, db-kernel, fastify/nest","HTTP clients, benchmark, E2E tests",covered by jest suites (see D_jest_full.log),info,production-relevant
backend/apps/api/src/modules/listings/presentation/dto/attach-media.dto.ts,.ts,325,78dad222500bc65713545b319fe7c4235acbd2bff45679dae7133546c822355a,api,Listings,Gate4,Authoritative,API application source,"contracts, db-kernel, fastify/nest","HTTP clients, benchmark, E2E tests",covered by jest suites (see D_jest_full.log),info,production-relevant
backend/apps/api/src/modules/listings/presentation/dto/create-listing.dto.ts,.ts,727,c2c2a0aee39048557ef6aa8edebe0166489dbb2f416b8819f11eae56f2821dcc,api,Listings,Gate4,Authoritative,API application source,"contracts, db-kernel, fastify/nest","HTTP clients, benchmark, E2E tests",covered by jest suites (see D_jest_full.log),info,production-relevant
backend/apps/api/src/modules/listings/presentation/dto/listing-search-query.dto.ts,.ts,937,e140b281a0eb4d393232fb8ad3190c4f9d8d7c61fca8119946f8d98a8c34f2f3,api,Listings,Gate4,Authoritative,API application source,"contracts, db-kernel, fastify/nest","HTTP clients, benchmark, E2E tests",covered by jest suites (see D_jest_full.log),info,production-relevant
backend/apps/api/src/modules/listings/presentation/dto/state-transition.dto.ts,.ts,227,4e8c3ae0b4877ac70746b9031fc771d8fb416d289599f7d4c82ba22cb06b2dfe,api,Listings,Gate4,Authoritative,API application source,"contracts, db-kernel, fastify/nest","HTTP clients, benchmark, E2E tests",covered by jest suites (see D_jest_full.log),info,production-relevant
backend/apps/api/src/modules/listings/presentation/listings.controller.ts,.ts,5581,edb5e7c1519e6b3a35e1fe3ba8d7a9a23bf2344b370b2cff82763403b405b3a6,api,Listings,Gate4,Authoritative,API application source,"contracts, db-kernel, fastify/nest","HTTP clients, benchmark, E2E tests",covered by jest suites (see D_jest_full.log),info,production-relevant
backend/apps/api/src/modules/media/application/media.service.ts,.ts,5297,0649614b8c72c01b80df485c5864a17f4e4deeea11f399546ae0eb7204e9c62c,api,Media,Gate4,Authoritative,API application source,"contracts, db-kernel, fastify/nest","HTTP clients, benchmark, E2E tests",covered by jest suites (see D_jest_full.log),info,production-relevant
backend/apps/api/src/modules/media/media.module.ts,.ts,400,bf6f373b6961da048b6e5a059dc91e84f054e92f62591606afa9161b8f2dda5d,api,Media,Gate4,Authoritative,API application source,"contracts, db-kernel, fastify/nest","HTTP clients, benchmark, E2E tests",covered by jest suites (see D_jest_full.log),info,production-relevant
backend/apps/api/src/modules/media/presentation/media.controller.ts,.ts,2429,30be633179e0efcbfe14e53396491babb489a7b6cf8796bf4b356efa7b4aa139,api,Media,Gate4,Authoritative,API application source,"contracts, db-kernel, fastify/nest","HTTP clients, benchmark, E2E tests",covered by jest suites (see D_jest_full.log),info,production-relevant
backend/apps/api/src/modules/notifications/application/notification.service.ts,.ts,3462,e1ecfea187aa4f307315a10f7f471662b2c11419b2055ec23ba797d84b13774e,api,Notifications,Gate4,Authoritative,API application source,"contracts, db-kernel, fastify/nest","HTTP clients, benchmark, E2E tests",covered by jest suites (see D_jest_full.log),info,production-relevant
backend/apps/api/src/modules/notifications/notifications.module.ts,.ts,460,2c45d56860e7f39b51db8b63432cd8685ceaa85ad57b23772ca1c22cb3a6f52a,api,Notifications,Gate4,Authoritative,API application source,"contracts, db-kernel, fastify/nest","HTTP clients, benchmark, E2E tests",covered by jest suites (see D_jest_full.log),info,production-relevant
backend/apps/api/src/modules/notifications/presentation/notifications.controller.ts,.ts,2385,1648bbe175744f96d284ae64ecd0ca96e929cfccac738db3a23feb4651b1e473,api,Notifications,Gate4,Authoritative,API application source,"contracts, db-kernel, fastify/nest","HTTP clients, benchmark, E2E tests",covered by jest suites (see D_jest_full.log),info,production-relevant
backend/apps/api/src/modules/properties/application/assign-owner.handler.ts,.ts,1248,c53e32970f7424b58ffac00e756ab47537e3d08a7f7f4fe61ae3299199cf88f7,api,Properties,Gate4,Authoritative,API application source,"contracts, db-kernel, fastify/nest","HTTP clients, benchmark, E2E tests",covered by jest suites (see D_jest_full.log),info,production-relevant
backend/apps/api/src/modules/properties/application/create-property.handler.ts,.ts,595,ee5e5014ee7444d6daff57841eda9f077338c5d76d890b6cb9c945d70cc4e5f2,api,Properties,Gate4,Authoritative,API application source,"contracts, db-kernel, fastify/nest","HTTP clients, benchmark, E2E tests",covered by jest suites (see D_jest_full.log),info,production-relevant
backend/apps/api/src/modules/properties/domain/property.repository.ts,.ts,173,3c293a6f10eab76b9cb7171bb7baf5a79765b0659e0b3674cd5171223a3fc001,api,Properties,Gate4,Authoritative,API application source,"contracts, db-kernel, fastify/nest","HTTP clients, benchmark, E2E tests",covered by jest suites (see D_jest_full.log),info,production-relevant
backend/apps/api/src/modules/properties/presentation/dto/assign-owner.dto.ts,.ts,397,19d0b8e89c3b8d38beed488df6928c1f2633127e1e9e483a0dfe1720dffc9b41,api,Properties,Gate4,Authoritative,API application source,"contracts, db-kernel, fastify/nest","HTTP clients, benchmark, E2E tests",covered by jest suites (see D_jest_full.log),info,production-relevant
backend/apps/api/src/modules/properties/presentation/dto/create-property.dto.ts,.ts,302,88355cc20769fe4a84a68c60861ddd8515e354023679a3a373cbc70d44726edb,api,Properties,Gate4,Authoritative,API application source,"contracts, db-kernel, fastify/nest","HTTP clients, benchmark, E2E tests",covered by jest suites (see D_jest_full.log),info,production-relevant
backend/apps/api/src/modules/properties/presentation/properties.controller.ts,.ts,2618,d61b8140dcdf8bcd8eca1a60e1824bdb40d17009f032ff475edcce7de2bd4ed3,api,Properties,Gate4,Authoritative,API application source,"contracts, db-kernel, fastify/nest","HTTP clients, benchmark, E2E tests",covered by jest suites (see D_jest_full.log),info,production-relevant
backend/apps/api/src/modules/properties/properties.module.ts,.ts,514,9610e349bfca78d5579d9014eaafe6ed24eb08e7741cfc4947ac54f96aeeda98,api,Properties,Gate4,Authoritative,API application source,"contracts, db-kernel, fastify/nest","HTTP clients, benchmark, E2E tests",covered by jest suites (see D_jest_full.log),info,production-relevant
backend/apps/api/src/modules/search/application/search.service.ts,.ts,5866,52f6fa7a28f97c4fa384cd23ff0b19eec923748298fe534a05486623e5724917,api,Search,Gate4,Authoritative,API application source,"contracts, db-kernel, fastify/nest","HTTP clients, benchmark, E2E tests",covered by jest suites (see D_jest_full.log),info,production-relevant
backend/apps/api/src/modules/search/domain/search-engine.port.ts,.ts,1459,1dbf61b9e34ee198b42466579a9d838f8ac4f356320655726ede69ad57ae0b48,api,Search,Gate4,Authoritative,API application source,"contracts, db-kernel, fastify/nest","HTTP clients, benchmark, E2E tests",covered by jest suites (see D_jest_full.log),info,production-relevant
backend/apps/api/src/modules/search/infrastructure/opensearch.engine.ts,.ts,6275,0aa6be2ea873d1628ed1d0d20ed38726913d6e8501f88e789ca106abd4cf989c,api,Search,Gate4,Authoritative,API application source,"contracts, db-kernel, fastify/nest","HTTP clients, benchmark, E2E tests",covered by jest suites (see D_jest_full.log),info,production-relevant
backend/apps/api/src/modules/search/infrastructure/pg-fts.engine.ts,.ts,7661,458f8f0220d76c7702989dab3662c466f98dd6a0c844201be287741e246ddb0e,api,Search,Gate4,Authoritative,API application source,"contracts, db-kernel, fastify/nest","HTTP clients, benchmark, E2E tests",covered by jest suites (see D_jest_full.log),info,production-relevant
backend/apps/api/src/modules/search/presentation/dto/search-query.dto.ts,.ts,937,e140b281a0eb4d393232fb8ad3190c4f9d8d7c61fca8119946f8d98a8c34f2f3,api,Search,Gate4,Authoritative,API application source,"contracts, db-kernel, fastify/nest","HTTP clients, benchmark, E2E tests",covered by jest suites (see D_jest_full.log),info,production-relevant
backend/apps/api/src/modules/search/presentation/search.controller.ts,.ts,1639,0fef6a9e2b951a211f2d279b0662ba9abef33aa744359a27cea19d7bded7c2ab,api,Search,Gate4,Authoritative,API application source,"contracts, db-kernel, fastify/nest","HTTP clients, benchmark, E2E tests",covered by jest suites (see D_jest_full.log),info,production-relevant
backend/apps/api/src/modules/search/search.module.ts,.ts,408,7217f8b0d792b23b7cfed9178a689f823e8fbee35afde90e660109401cc68b28,api,Search,Gate4,Authoritative,API application source,"contracts, db-kernel, fastify/nest","HTTP clients, benchmark, E2E tests",covered by jest suites (see D_jest_full.log),info,production-relevant
backend/apps/api/test/g4-commission-engine.spec.ts,.ts,6480,3c69c77d8cbcf72d05b1110d2acee038d4fab8fc9174a651b5ce9706a47fd280,api,Platform,Gate4,Authoritative,API test suite,"contracts, db-kernel, fastify/nest","HTTP clients, benchmark, E2E tests",IS test,info,production-relevant
backend/apps/api/test/g4-e2e-redteam.spec.ts,.ts,17369,ec54de1b53b66053708c76a05cb4c62a965ebebd2d7dea69fccffefc5045992a,api,Platform,Gate4,Authoritative,API test suite,"contracts, db-kernel, fastify/nest","HTTP clients, benchmark, E2E tests",IS test,info,production-relevant
backend/apps/api/test/g4-i18n.spec.ts,.ts,2875,bc3fe9f67a3b8c63707afde08e11489c10a440a4eda5f0282d23a73016608a11,api,Platform,Gate4,Authoritative,API test suite,"contracts, db-kernel, fastify/nest","HTTP clients, benchmark, E2E tests",IS test,info,production-relevant
backend/apps/api/test/g4-listing-state-machine.spec.ts,.ts,2082,aab447c58c63a29cb67e21dd27f176abfb30d491d45271b062ab906ccd40e9b1,api,Platform,Gate4,Authoritative,API test suite,"contracts, db-kernel, fastify/nest","HTTP clients, benchmark, E2E tests",IS test,info,production-relevant
backend/apps/api/test/g4-mfa-antibot.spec.ts,.ts,2940,6497c6d060d579dbaa128d6684a39341a04daef2ade0391f2d2773639a3a0d6f,api,Platform,Gate4,Authoritative,API test suite,"contracts, db-kernel, fastify/nest","HTTP clients, benchmark, E2E tests",IS test,security-critical,production-relevant
backend/apps/api/test/g4-publication-policy.spec.ts,.ts,3296,0cc6b8cad5ac66298837a40699d9e177e8ebd8816654eaacc8e31bd65780f85f,api,Platform,Gate4,Authoritative,API test suite,"contracts, db-kernel, fastify/nest","HTTP clients, benchmark, E2E tests",IS test,info,production-relevant
backend/apps/api/test/iam.service.spec.ts,.ts,2768,07136f7ec1375f7c1b8bab6913a6092e27770b3dee6c0048358da594fbee61df,api,Platform,Gate4,Authoritative,API test suite,"contracts, db-kernel, fastify/nest","HTTP clients, benchmark, E2E tests",IS test,security-critical,production-relevant
backend/apps/api/test/integration/db.integration.spec.ts,.ts,536,f30aaf04fbea0ab0574715de94ed89ce15f83f2e3d2a6484ee3d9b9d70ffb4dd,api,Platform,Gate4,Authoritative,API test suite,"contracts, db-kernel, fastify/nest","HTTP clients, benchmark, E2E tests",IS test,info,production-relevant
backend/apps/api/test/integration/g4.integration.spec.ts,.ts,17347,c9ac904180d829ff3770cb53f13e948794081bab28a51f8d40143144c14837ca,api,Platform,Gate4,Authoritative,API test suite,"contracts, db-kernel, fastify/nest","HTTP clients, benchmark, E2E tests",IS test,info,production-relevant
backend/apps/api/test/jest-e2e.json,.json,242,c1acdb73764f2beb2365a388ef88c1256f1be321d62de05a1ce713d1b73d7f11,api,Platform,Gate4,Authoritative,API test suite,"contracts, db-kernel, fastify/nest","HTTP clients, benchmark, E2E tests",test infra,info,production-relevant
backend/apps/api/test/jest-integration.json,.json,254,a357df6a6736301786ba4d054f7d5c4b7306695ff23cc7dfc604617fb0af974a,api,Platform,Gate4,Authoritative,API test suite,"contracts, db-kernel, fastify/nest","HTTP clients, benchmark, E2E tests",test infra,info,production-relevant
backend/apps/api/test/listing-state.machine.spec.ts,.ts,809,55912d22bdae95f7ef1d64935afc6f2d2f7637057a09b658889c3598e95af283,api,Platform,Gate4,Authoritative,API test suite,"contracts, db-kernel, fastify/nest","HTTP clients, benchmark, E2E tests",IS test,info,production-relevant
backend/apps/api/test/property.repository.contract.spec.ts,.ts,367,583526b10b583f1bacfa0a00ceaa36535e506806921f8d607f0f3e2cdbe23da8,api,Platform,Gate4,Authoritative,API test suite,"contracts, db-kernel, fastify/nest","HTTP clients, benchmark, E2E tests",IS test,info,production-relevant
backend/apps/api/tsconfig.json,.json,331,806dda9b70fb9b336185645c4763ba0bc6509d6c587af25f5b8b2ab9df106b57,api,Platform,Gate4,Authoritative,API config/build,"contracts, db-kernel, fastify/nest","HTTP clients, benchmark, E2E tests",covered by jest suites (see D_jest_full.log),info,production-relevant
backend/apps/worker/package.json,.json,555,6d4086542313b745e95f4618d02901fce79bfd5442080ecf3cea2c1dc30bbf44,worker,Workers/Infrastructure,Gate4,Authoritative,Worker config,"contracts, db-kernel, sharp",job queues,covered by jest suites (see D_jest_full.log),info,production-relevant
backend/apps/worker/src/main.ts,.ts,4899,b93242b8c6c9987862d53c76b1a5c688945220a2679bdd65d07b1daf8e564aeb,worker,Workers/Infrastructure,Gate4,Authoritative,Worker source,"contracts, db-kernel, sharp",job queues,covered by jest suites (see D_jest_full.log),info,production-relevant
backend/apps/worker/src/runner.ts,.ts,3360,f221664a87ace0d59c7b852bddfcfe09038d8483421aae43ad37ba1227134d0e,worker,Workers/Infrastructure,Gate4,Authoritative,Worker source,"contracts, db-kernel, sharp",job queues,covered by jest suites (see D_jest_full.log),info,production-relevant
backend/apps/worker/src/transports/transports.ts,.ts,4705,90a606ba25485d6d9d6527d9c611ee7a9834baf8058dcfce0c3b864d606bac9a,worker,Workers/Infrastructure,Gate4,Authoritative,Worker source,"contracts, db-kernel, sharp",job queues,covered by jest suites (see D_jest_full.log),info,production-relevant
backend/apps/worker/src/workers/analytics.worker.ts,.ts,2653,bce086b6f15943429e8c02e5053741b77f298d74663bea231f7e2425974bd290,worker,Workers/Infrastructure,Gate4,Authoritative,Worker source,"contracts, db-kernel, sharp",job queues,covered by jest suites (see D_jest_full.log),info,production-relevant
backend/apps/worker/src/workers/cleanup.worker.ts,.ts,2106,519cb67c54ba33be0567d6396b08600e29c6392d2b90e65ff341b4e486f25645,worker,Workers/Infrastructure,Gate4,Authoritative,Worker source,"contracts, db-kernel, sharp",job queues,covered by jest suites (see D_jest_full.log),info,production-relevant
backend/apps/worker/src/workers/fraud.worker.ts,.ts,2929,c21d6503e4f8274016640e851713e1695da7cf6295e7060dcc4ef220d70615b3,worker,Workers/Infrastructure,Gate4,Authoritative,Worker source,"contracts, db-kernel, sharp",job queues,covered by jest suites (see D_jest_full.log),info,production-relevant
backend/apps/worker/src/workers/media.worker.ts,.ts,7300,c7981272839e863b370b8ad2befd6e7d353ccadd733bdc2eddb60f3161b1d71c,worker,Workers/Infrastructure,Gate4,Authoritative,Worker source,"contracts, db-kernel, sharp",job queues,covered by jest suites (see D_jest_full.log),info,production-relevant
backend/apps/worker/src/workers/notifications.ts,.ts,5891,c12b48f9c71ab176d1ba7e7ace3af3352bc2a857905b5ca7bb1afbb0b52e3040,worker,Workers/Infrastructure,Gate4,Authoritative,Worker source,"contracts, db-kernel, sharp",job queues,covered by jest suites (see D_jest_full.log),info,production-relevant
backend/apps/worker/src/workers/outbox-and-search.ts,.ts,5781,5c9c4ba47749c90d42fdb232a5018523c20b128bfbad9ec11e6df1e535897097,worker,Workers/Infrastructure,Gate4,Authoritative,Worker source,"contracts, db-kernel, sharp",job queues,covered by jest suites (see D_jest_full.log),info,production-relevant
backend/apps/worker/tsconfig.json,.json,414,5239174321a7668c6ab41c8fd97beae813bcc8c8854a00735b895b6891c0d696,worker,Workers/Infrastructure,Gate4,Authoritative,Worker config,"contracts, db-kernel, sharp",job queues,covered by jest suites (see D_jest_full.log),info,production-relevant
backend/database/base/enterprise_real_estate_schema_frozen_v1.sql,.sql,93699,166dc3b0134538819db064d871dca6950c267dc9708f79c4fcd018617dd51e30,db-schema,Schema/Base,Gate4 (0001..0034 chain),Authoritative,Frozen base schema v1,PostgreSQL 16 + PostGIS 3.5,"api, worker, verify suites",verify/ SQL suites + jest integration,data-integrity,production-relevant
backend/database/errata/0024_backend_critical_hardening.sql,.sql,5280,f2de8d451475ecaffc5ff75563c70780434a481cf649241766d57eed2764f898,db-schema,Schema/Errata,Gate4 (0001..0034 chain),Authoritative,Tracked erratum (fixed variant),PostgreSQL 16 + PostGIS 3.5,"api, worker, verify suites",verify/ SQL suites + jest integration,data-integrity,production-relevant
backend/database/errata/0024_backend_critical_hardening_fixed.sql,.sql,6644,99057633180f92fe3d8ef819cbf98cbe89d050a7992d45ae6e37409102275723,db-schema,Schema/Errata,Gate4 (0001..0034 chain),Authoritative,Tracked erratum (fixed variant),PostgreSQL 16 + PostGIS 3.5,"api, worker, verify suites",verify/ SQL suites + jest integration,data-integrity,production-relevant
backend/database/errata/0025_additional_indexes.sql,.sql,422,9064790b6038d90f8eae7683a8818f04ccdb002d672862728b0001256629bae9,db-schema,Schema/Errata,Gate4 (0001..0034 chain),Authoritative,Tracked erratum (fixed variant),PostgreSQL 16 + PostGIS 3.5,"api, worker, verify suites",verify/ SQL suites + jest integration,data-integrity,production-relevant
backend/database/errata/0026_outbox_claiming.sql,.sql,277,1600280b3f639a76cc754d4ffe26d7c2d4ce075edd513a8a9605519e687c510e,db-schema,Schema/Errata,Gate4 (0001..0034 chain),Authoritative,Tracked erratum (fixed variant),PostgreSQL 16 + PostGIS 3.5,"api, worker, verify suites",verify/ SQL suites + jest integration,data-integrity,production-relevant
backend/database/migrations/0027_commission_domain.sql,.sql,7528,6715f2ad68503f64d243d442feebb8640bf78a4ce88649e5dd89e34e771064a6,db-schema,Schema/Migrations,migration 0027,Authoritative,SQL migration,PostgreSQL 16 + PostGIS 3.5,"api, worker, verify suites",verify/ SQL suites + jest integration,data-integrity,production-relevant
backend/database/migrations/0028_advertising_domain.sql,.sql,10155,e810ff4aa01ce9eb64d52a3c7b3941713e86d29d08044b8cef8df1aff27470eb,db-schema,Schema/Migrations,migration 0028,Authoritative,SQL migration,PostgreSQL 16 + PostGIS 3.5,"api, worker, verify suites",verify/ SQL suites + jest integration,data-integrity,production-relevant
backend/database/migrations/0029_i18n_translations.sql,.sql,6111,2f5d510ad179c9a2b3997c190c44fab9be3e1fd546a93c554ed71749b8c3cf26,db-schema,Schema/Migrations,migration 0029,Authoritative,SQL migration,PostgreSQL 16 + PostGIS 3.5,"api, worker, verify suites",verify/ SQL suites + jest integration,data-integrity,production-relevant
backend/database/migrations/0030_iam_personal_scope_authorization.sql,.sql,5003,f7279511364b284b0282f0176549de1424703c804547f69e0d18bf856ae8f6e0,db-schema,Schema/Migrations,migration 0030,Authoritative,SQL migration,PostgreSQL 16 + PostGIS 3.5,"api, worker, verify suites",verify/ SQL suites + jest integration,security-critical,production-relevant
backend/database/migrations/0031_listing_state_reconciliation.sql,.sql,6935,e4499089560bbc7e8bc526ba5fbcf2f67c450f784836f676d52d46381c0f126e,db-schema,Schema/Migrations,migration 0031,Authoritative,SQL migration,PostgreSQL 16 + PostGIS 3.5,"api, worker, verify suites",verify/ SQL suites + jest integration,data-integrity,production-relevant
backend/database/migrations/0032_gate4_platform_infrastructure.sql,.sql,10199,e2fae56f1cd4afa2d79d08b70ceef9322e001418ca2cf4030aebddb5168b7008,db-schema,Schema/Migrations,migration 0032,Authoritative,SQL migration,PostgreSQL 16 + PostGIS 3.5,"api, worker, verify suites",verify/ SQL suites + jest integration,data-integrity,production-relevant
backend/database/migrations/0033_gate4_iam_hardening.sql,.sql,4190,eb7eda693787b0d2bebda498353bd40f74a00c43f2e42101c600ed39aa8ca536,db-schema,Schema/Migrations,migration 0033,Authoritative,SQL migration,PostgreSQL 16 + PostGIS 3.5,"api, worker, verify suites",verify/ SQL suites + jest integration,security-critical,production-relevant
backend/database/migrations/0034_gate4_billing_plans.sql,.sql,2766,209e35062f663d8af5db8e11e9d8c2932ef41895026bf37029f87d5dec796b1b,db-schema,Schema/Migrations,migration 0034,Authoritative,SQL migration,PostgreSQL 16 + PostGIS 3.5,"api, worker, verify suites",verify/ SQL suites + jest integration,data-integrity,production-relevant
backend/database/seed/seed_reference.sql,.sql,4756,a07bf35ec298ff7fd8227c3ad996a980fba101b5c077c3525cd1f51fb96325fc,db-schema,Seed,Gate4 (0001..0034 chain),Authoritative,Reference seed (zero business values),PostgreSQL 16 + PostGIS 3.5,"api, worker, verify suites",verify/ SQL suites + jest integration,data-integrity,production-relevant
backend/database/verify/critical-invariants.sql,.sql,832,0d8f44490f93385c860e3c9ebfc690494f6c42c9ec5e80ee540e4d90cb0b6026,db-schema,Verification,Gate4 (0001..0034 chain),Authoritative,SQL verification suite,PostgreSQL 16 + PostGIS 3.5,"api, worker, verify suites",verify/ SQL suites + jest integration,data-integrity,production-relevant
backend/database/verify/g3-verification.sql,.sql,16863,b9d579c68e65ada2a9b4770e61485686dfcc773d001fb90a21c0e84fad6e2e62,db-schema,Verification,Gate4 (0001..0034 chain),Authoritative,SQL verification suite,PostgreSQL 16 + PostGIS 3.5,"api, worker, verify suites",verify/ SQL suites + jest integration,data-integrity,production-relevant
backend/database/verify/g4-verification.sql,.sql,9334,57452f3d28f2d71f617aeb7aade7f49ece38bcce0591809085a9633df28fb333,db-schema,Verification,Gate4 (0001..0034 chain),Authoritative,SQL verification suite,PostgreSQL 16 + PostGIS 3.5,"api, worker, verify suites",verify/ SQL suites + jest integration,data-integrity,production-relevant
backend/docker-compose.postgres.yml,.yml,455,e0eb695653211fcff6a82f01bb4851447186479ab3e74d21c9ea622779fc7f70,repo-root,Platform,Gate4,Authoritative,Backend root config,-,-,config — covered indirectly,info,support/historical
backend/docs/API_CONTRACT_DELTA_GATE2.md,.md,870,250179f4da66bb712d3f408ae41398cc591879cbcaac12070ad029d199b7ab9e,backend-docs,Platform,Gate4,Authoritative,Backend documentation,-,-,config — covered indirectly,info,support/historical
backend/docs/DEEP_AUDIT_GATE1_FILE_BY_FILE.md,.md,10282,903e847c7aeae539c6c71f073588ea028028e13074264bb2ed3631db598832c2,backend-docs,Platform,Gate4,Authoritative,Backend documentation,-,-,config — covered indirectly,info,support/historical
backend/docs/FILE_INVENTORY_GATE2.txt,.txt,3501,7ec75081a861f3f5ca56334736636a8678cfcb51b42da9b8358babe6db0827e8,backend-docs,Platform,Gate4,Authoritative,Backend documentation,-,-,config — covered indirectly,info,support/historical
backend/docs/GATE2_CORE_DOMAIN.md,.md,1384,aa2f41cf36d5dd0c3c036b11d7403f53f91e6295346bee71d0f5c72d664af2fc,backend-docs,Platform,Gate4,Authoritative,Backend documentation,-,-,config — covered indirectly,info,support/historical
backend/docs/GATE2_MANIFEST.md,.md,1367,f31e55762acaa8fa78b8f7dd82b485d59b5cd167fdef506ef184b3b469fc6010,backend-docs,Platform,Gate4,Authoritative,Backend documentation,-,-,config — covered indirectly,info,support/historical
backend/docs/IMPLEMENTATION_GATE_1.md,.md,114,8fd3ab6e54d9feec18497b1b0789c62868124fdd660e4fbbe3000f3b85ecfbaa,backend-docs,Platform,Gate4,Authoritative,Backend documentation,-,-,config — covered indirectly,info,support/historical
backend/docs/IMPLEMENTATION_GATE_2.md,.md,288,bd83a69f8d244e862f696f0611080186629afbef13e67425e3cf28f7020d6e99,backend-docs,Platform,Gate4,Authoritative,Backend documentation,-,-,config — covered indirectly,info,support/historical
backend/docs/IMPLEMENTATION_STATUS.md,.md,583,2e337964b849047e314a418d24906f89c843f0dd010c286d303749c68c508991,backend-docs,Platform,Gate4,Authoritative,Backend documentation,-,-,config — covered indirectly,info,support/historical
backend/docs/NEXT_GATE.md,.md,176,9b2bbe36ae6997dc3641bcf820bc7c799207fe8946d2934571067d972a1e65d7,backend-docs,Platform,Gate4,Authoritative,Backend documentation,-,-,config — covered indirectly,info,support/historical
backend/docs/SCHEMA_ERRATA_1_1.md,.md,966,114d79921cd4feb1d7959f55d8ec4600d8d425586f9d3285ec9413147648fef4,backend-docs,Platform,Gate4,Authoritative,Backend documentation,-,-,config — covered indirectly,info,support/historical
backend/docs/SHA256SUMS.txt,.txt,9025,6cc65964715c9e7d87522272b0613186fdc7abed4f9dcc163422a7d5f2fcdb6c,backend-docs,Platform,Gate4,Authoritative,Backend documentation,-,-,config — covered indirectly,info,support/historical
backend/docs/STATIC_REVIEW_CHECKS.md,.md,1189,0dbc512990eed73fffeda31d83f8f8feed5642d3800ab2de5393abb7973b7175,backend-docs,Platform,Gate4,Authoritative,Backend documentation,-,-,config — covered indirectly,info,support/historical
backend/docs/STATIC_TS_SYNTAX_REPORT.json,.json,31,c020bd9d052a211452d137fe189a34016481317de8ade82e20626081efff6a57,backend-docs,Platform,Gate4,Authoritative,Backend documentation,-,-,config — covered indirectly,info,support/historical
backend/docs/reference/Karen_Home_Reference_Bundle_af3a60e5.zip,.zip,351458,af3a60e5af59fc1f90fe9c5edfd9e5dddd8afe8faf4d0de49baf3c5c00b4982a,backend-docs,Platform,Gate4,Authoritative,Backend documentation,-,-,config — covered indirectly,info,support/historical
backend/docs/reference/README.md,.md,1782,87f77907b063f0fa2fc0814e423a04dc83da343f24fb671bd01442d313160088,backend-docs,Platform,Gate4,Authoritative,Backend documentation,-,-,config — covered indirectly,info,support/historical
backend/eslint.config.mjs,.mjs,1729,281e299826d0222977567297cd06a83bc125c45bea3595376f774e43c721e2e0,repo-root,Platform,Gate4,Authoritative,Backend root config,-,-,config — covered indirectly,info,support/historical
backend/package.json,.json,1118,2c7e7ce1b1230a70195335903e49010fec5929455eb30ce658767c39b67557ae,repo-root,Platform,Gate4,Authoritative,Backend root config,-,-,config — covered indirectly,info,support/historical
backend/packages/contracts/package.json,.json,240,660e7ef2d4e3512cc51635d07c6db19c8dbecd752b121df0933c7da069720332,contracts,Contracts/DTOs,Gate4,Authoritative,Shared contracts & DTOs,typescript/class-validator,"api, worker, db-kernel",covered by jest suites (see D_jest_full.log),info,production-relevant
backend/packages/contracts/src/errors.ts,.ts,3555,8d17e25d15b8cb79f99c40b048ed60570c525402fa2c5b8361d1d3fd6598e7fc,contracts,Contracts/DTOs,Gate4,Authoritative,Shared contracts & DTOs,typescript/class-validator,"api, worker, db-kernel",covered by jest suites (see D_jest_full.log),info,production-relevant
backend/packages/contracts/src/index.ts,.ts,588,6b49e49ab8af87984451bc95c1a3fd8a8d8691c4e1285427a1060ecc721462df,contracts,Contracts/DTOs,Gate4,Authoritative,Shared contracts & DTOs,typescript/class-validator,"api, worker, db-kernel",covered by jest suites (see D_jest_full.log),info,production-relevant
backend/packages/contracts/tsconfig.json,.json,286,89b84208b883bd999233174b1ff4c1c94ff75db04cc2e511f579b37a10e79b4c,contracts,Contracts/DTOs,Gate4,Authoritative,Shared contracts & DTOs,typescript/class-validator,"api, worker, db-kernel",covered by jest suites (see D_jest_full.log),info,production-relevant
backend/packages/db/package.json,.json,367,6eadbba2ee4a3938a85b3cb78f2693e52fc647054f19f77aad11403889af0f56,db-kernel,Persistence,Gate4,Authoritative,"DB kernel (connection, ports, repositories)","pg, contracts","api, worker",covered by jest suites (see D_jest_full.log),info,production-relevant
backend/packages/db/src/README.md,.md,293,4852ae52a10eeecfaa43a9b590686df6aba35c8658b157dc260978b17a9ed221,db-kernel,Persistence,Gate4,Authoritative,"DB kernel (connection, ports, repositories)","pg, contracts","api, worker",covered by jest suites (see D_jest_full.log),info,production-relevant
backend/packages/db/src/advertising-repository.ts,.ts,15408,45d2e942f7e28dfabcf23def5c44ecdb98b471980f185577af96e18ad7d66dd3,db-kernel,Persistence,Gate4,Authoritative,"DB kernel (connection, ports, repositories)","pg, contracts","api, worker",covered by jest suites (see D_jest_full.log),info,production-relevant
backend/packages/db/src/audit-repository.ts,.ts,1151,5835f05db305fbae7105902d301aa7a4e6e285803d2aeb5ad5ab67a8b997da73,db-kernel,Persistence,Gate4,Authoritative,"DB kernel (connection, ports, repositories)","pg, contracts","api, worker",covered by jest suites (see D_jest_full.log),info,production-relevant
backend/packages/db/src/billing-repository.ts,.ts,14132,9ed4a1736465ce4c78490aefe679f0fe8c9945b28a91dc749d7d9a99a946924d,db-kernel,Persistence,Gate4,Authoritative,"DB kernel (connection, ports, repositories)","pg, contracts","api, worker",covered by jest suites (see D_jest_full.log),info,production-relevant
backend/packages/db/src/commission-repository.ts,.ts,13504,bf23ecf3846c7a40c3416e7931f1f897fcf804f467ee2f08b76a20531a1a876e,db-kernel,Persistence,Gate4,Authoritative,"DB kernel (connection, ports, repositories)","pg, contracts","api, worker",covered by jest suites (see D_jest_full.log),info,production-relevant
backend/packages/db/src/iam-hardening-repository.ts,.ts,14710,94717cd74f123315b76be4205cf51bb2ee06cb78a58b65a698d159c846fe418b,db-kernel,Persistence,Gate4,Authoritative,"DB kernel (connection, ports, repositories)","pg, contracts","api, worker",covered by jest suites (see D_jest_full.log),security-critical,production-relevant
backend/packages/db/src/iam-repository.ts,.ts,9344,25dd663778a3820282ba1f982da4f7702ec8992265aca2db775ddc649e3a5d3b,db-kernel,Persistence,Gate4,Authoritative,"DB kernel (connection, ports, repositories)","pg, contracts","api, worker",covered by jest suites (see D_jest_full.log),security-critical,production-relevant
backend/packages/db/src/index.ts,.ts,573,70e5f7766b69fe67545d88754c502c0c54782df50fd94c4521e2bf896592862b,db-kernel,Persistence,Gate4,Authoritative,"DB kernel (connection, ports, repositories)","pg, contracts","api, worker",covered by jest suites (see D_jest_full.log),info,production-relevant
backend/packages/db/src/job-repository.ts,.ts,8137,2d63fa13d3d28969e7c697e7002957f41ae61db4cd190033b4f7c8534ae08e95,db-kernel,Persistence,Gate4,Authoritative,"DB kernel (connection, ports, repositories)","pg, contracts","api, worker",covered by jest suites (see D_jest_full.log),info,production-relevant
backend/packages/db/src/listing-repository.ts,.ts,8949,52129c61313e59f161aadf8ae700af2629ac16889d852279051a16ca66117563,db-kernel,Persistence,Gate4,Authoritative,"DB kernel (connection, ports, repositories)","pg, contracts","api, worker",covered by jest suites (see D_jest_full.log),info,production-relevant
backend/packages/db/src/media-repository.ts,.ts,8724,43917db6537c302b287087d46b96deb7f36283a3a87fa93153d0a5e6c342ae1f,db-kernel,Persistence,Gate4,Authoritative,"DB kernel (connection, ports, repositories)","pg, contracts","api, worker",covered by jest suites (see D_jest_full.log),info,production-relevant
backend/packages/db/src/notification-repository.ts,.ts,7921,b0ce4df1828d97aadb802eaa58df592bdec8eef11614dd8c9fbf5fd3480f4d4d,db-kernel,Persistence,Gate4,Authoritative,"DB kernel (connection, ports, repositories)","pg, contracts","api, worker",covered by jest suites (see D_jest_full.log),info,production-relevant
backend/packages/db/src/outbox-repository.ts,.ts,2498,e71e12304424b711b8cea6d8d278cd6c9d45e26d43d3bba76380ddfe552fb1bd,db-kernel,Persistence,Gate4,Authoritative,"DB kernel (connection, ports, repositories)","pg, contracts","api, worker",covered by jest suites (see D_jest_full.log),info,production-relevant
backend/packages/db/src/policy-repository.ts,.ts,7394,56b2204e5c0c96b5b777db46c7c0172d007123332a7743460200a6e4860120d6,db-kernel,Persistence,Gate4,Authoritative,"DB kernel (connection, ports, repositories)","pg, contracts","api, worker",covered by jest suites (see D_jest_full.log),info,production-relevant
backend/packages/db/src/postgres-database.ts,.ts,2470,e36494c4a81cadc95e996a76c02fb121f9592c762df790c8402eb22f71dad6da,db-kernel,Persistence,Gate4,Authoritative,"DB kernel (connection, ports, repositories)","pg, contracts","api, worker",covered by jest suites (see D_jest_full.log),info,production-relevant
backend/packages/db/src/property-repository.ts,.ts,8297,9f34b32158e6a64fb63117fe4829ec983c3f9fc7d0d692260d133438aef91549,db-kernel,Persistence,Gate4,Authoritative,"DB kernel (connection, ports, repositories)","pg, contracts","api, worker",covered by jest suites (see D_jest_full.log),info,production-relevant
backend/packages/db/src/search-repository.ts,.ts,8423,fad597f87b0bfc981ceecb82919045cfa30e22af06b621b25a02b7e1f77ec398,db-kernel,Persistence,Gate4,Authoritative,"DB kernel (connection, ports, repositories)","pg, contracts","api, worker",covered by jest suites (see D_jest_full.log),info,production-relevant
backend/packages/db/tsconfig.json,.json,309,4ba87aeb53eb637bbfaada247a414c1e859e47c838d667795c837e4309a4a542,db-kernel,Persistence,Gate4,Authoritative,"DB kernel (connection, ports, repositories)","pg, contracts","api, worker",covered by jest suites (see D_jest_full.log),info,production-relevant
backend/pnpm-lock.yaml,.yaml,272226,74b48a3340a5cfb1c2267d0ca63057c8d4110a5d10dfd8263c69cc21d29d8b3e,repo-root,Platform,Gate4,Authoritative,Backend root config,-,-,config — covered indirectly,info,support/historical
backend/pnpm-workspace.yaml,.yaml,36,253208fa7c1b64372c219b9e19cef15ed70ca93b66a4d5c4c4d2297a5aff8880,repo-root,Platform,Gate4,Authoritative,Backend root config,-,-,config — covered indirectly,info,support/historical
backend/scripts/apply-all-migrations.sh,.sh,2775,08afabb2ea769d6ed0064a4277ff183020919affcf7c886334a28eb5cb480857,backend-scripts,Platform,Gate4,Authoritative,Backend ops script,-,-,config — covered indirectly,data-integrity,support/historical
backend/scripts/apply-schema.sh,.sh,636,669dd5a20a4dfed22f42b70d50c1b8da32d3fe262154b84cfdbe6fe277ebb775,backend-scripts,Platform,Gate4,Authoritative,Backend ops script,-,-,config — covered indirectly,info,support/historical
backend/scripts/catalog-dump.sql,.sql,1729,34e3fddf3e676dc1642eb8fd38fae4fd7b772fc00167de512ff337958766b837,backend-scripts,Platform,Gate4,Authoritative,Backend ops script,-,-,config — covered indirectly,info,support/historical
backend/scripts/g3-concurrency.js,.js,6771,e4bc5ee938ecd3ee9703da1a5393793e5c9c6bbb2be22c775a768837b897eeae,backend-scripts,Platform,Gate4,Authoritative,Backend ops script,-,-,config — covered indirectly,info,support/historical
backend/scripts/g4-benchmark.js,.js,3223,acae39d00e2fbc4e828b3db4189f814b95b2266ab6fd1c0e24718e8367f5a177,backend-scripts,Platform,Gate4,Authoritative,Backend ops script,-,-,config — covered indirectly,info,support/historical
backend/scripts/g4-concurrency.js,.js,10571,70bfaf55abcbf905223816fff9379b35a9c0a8d25154d9b787a8dce416a649b9,backend-scripts,Platform,Gate4,Authoritative,Backend ops script,-,-,config — covered indirectly,info,support/historical
gate4/FILE_MANIFEST.md,.md,6099,d4496208d969ea7667f7f8a1d5059a1c3d54ad2bd989df5ad95bcc36049a7052,gate4-reports,Platform,Gate4,Historical,Gate 4 report/evidence,-,-,-,info,support/historical
gate4/FILE_MANIFEST.sha256,.sha256,8427,0f3d007315a44e9daa7ce255fd807158bf402c6625336409d715c571cb43350d,gate4-reports,Platform,Gate4,Historical,Gate 4 report/evidence,-,-,-,info,support/historical
gate4/GATE4_ADVERTISING_REPORT.md,.md,2570,073d4ee3d1c5afd729792a5d5171c05ace285c60cc524802e164681fff553cc0,gate4-reports,Platform,Gate4,Historical,Gate 4 report/evidence,-,-,-,info,support/historical
gate4/GATE4_API_CONTRACT_REPORT.md,.md,3194,b4067d40d0b4e7d13510edbefaa4d9bf86d8e4338dece798d5227fec8c6088ff,gate4-reports,Platform,Gate4,Historical,Gate 4 report/evidence,-,-,-,info,support/historical
gate4/GATE4_COMMISSION_REPORT.md,.md,2650,31c223c469394c94b4f975d4688b2ff2a7a17b61a65697770ac7eb826f8a64b9,gate4-reports,Platform,Gate4,Historical,Gate 4 report/evidence,-,-,-,info,support/historical
gate4/GATE4_DOMAIN_IMPLEMENTATION_REPORT.md,.md,7750,2a080ab4c8fbc5e0f1debf11c4d141ef779a5bbbeae8ac8ba419ba6996bd9fd8,gate4-reports,Platform,Gate4,Historical,Gate 4 report/evidence,-,-,-,info,support/historical
gate4/GATE4_EXECUTION_REPORT.md,.md,8543,f3428756e46a6f56b8179f505187f3ec247c4608fa5032d125e4976c5bd267bf,gate4-reports,Platform,Gate4,Historical,Gate 4 report/evidence,-,-,-,info,support/historical
gate4/GATE4_I18N_REPORT.md,.md,2159,d72a2aa47796ddc213055c0dc7afcdbd50cb5bf1736fb121646cf4e5bbdb503e,gate4-reports,Platform,Gate4,Historical,Gate 4 report/evidence,-,-,-,info,support/historical
gate4/GATE4_IAM_REPORT.md,.md,3081,f173ab93d72fe4514cf56d505ac7bd74dbf9d75584637a2cb757cb1d65522d92,gate4-reports,Platform,Gate4,Historical,Gate 4 report/evidence,-,-,-,info,support/historical
gate4/GATE4_MEDIA_REPORT.md,.md,2393,67afc8c80f5093b359292b4ee663be3e1f9192546d4070a136b7a6f6612675bd,gate4-reports,Platform,Gate4,Historical,Gate 4 report/evidence,-,-,-,info,support/historical
gate4/GATE4_NOTIFICATION_REPORT.md,.md,2355,ea4faa76979e9afe3b58a88fdf730b17a76288f71085fe29d69787e0625d8612,gate4-reports,Platform,Gate4,Historical,Gate 4 report/evidence,-,-,-,info,support/historical
gate4/GATE4_PERFORMANCE_REPORT.md,.md,2454,91050de253f7d08b2ab9c5785a96442574abf308c1f4d7c7eea946d086083fe2,gate4-reports,Platform,Gate4,Historical,Gate 4 report/evidence,-,-,-,info,support/historical
gate4/GATE4_RECOVERY_REPORT.md,.md,1848,9986e1e115cbf811258bb388387f8176764a4951e9eecfbe2a8fc10f7d96b39a,gate4-reports,Platform,Gate4,Historical,Gate 4 report/evidence,-,-,-,info,support/historical
gate4/GATE4_RED_TEAM_REPORT.md,.md,3188,9c2b1970da6f931840423c64f7e2e9d310ee5f12ede76253ce48763426ea5cde,gate4-reports,Platform,Gate4,Historical,Gate 4 report/evidence,-,-,-,info,support/historical
gate4/GATE4_SCHEMA_DRIFT_REPORT.md,.md,2387,c7c2f10d0661673eb2a88e47312cb5fdf603011d792979879f57f1d76931d077,gate4-reports,Platform,Gate4,Historical,Gate 4 report/evidence,-,-,-,info,support/historical
gate4/GATE4_SEARCH_REPORT.md,.md,2783,2e3173af3c16a2ddb37ce4aeefccfda78e99aa6459ff02a68a863004cfb14ee3,gate4-reports,Platform,Gate4,Historical,Gate 4 report/evidence,-,-,-,info,support/historical
gate4/GATE4_SECURITY_REPORT.md,.md,3058,2b4c10fb75dcf36b63f45603a61cb9dd52e1bbc7523c019170637adfa53285e8,gate4-reports,Platform,Gate4,Historical,Gate 4 report/evidence,-,-,-,info,support/historical
gate4/GATE4_TEST_REPORT.md,.md,3271,7f4dc963568e80e586bf3fbdb93dae6ff34baaaf55c25014c3e07ff9ea6a86a5,gate4-reports,Platform,Gate4,Historical,Gate 4 report/evidence,-,-,-,info,support/historical
gate4/GATE4_WORKER_REPORT.md,.md,3253,5b830ea2b408c9b371d806166a89b6b803e114f600c6df1e21dbe994bbc404ff,gate4-reports,Platform,Gate4,Historical,Gate 4 report/evidence,-,-,-,info,support/historical
gate4/evidence/g3-verification-on-g4-fresh.log,.log,3331,11735a331f1441974f1b05f676557bc2ccfb9788b0e198ad4591dc2d97fa8de1,gate4-reports,Platform,Gate4,Evidence,Gate 4 report/evidence,-,-,-,info,support/historical
gate4/evidence/g4-apply-fresh.log,.log,5217,63da25f01f6714a92aa819509da67e1b3db8bc580db82d2a40b1afa539bb9826,gate4-reports,Platform,Gate4,Evidence,Gate 4 report/evidence,-,-,-,info,support/historical
gate4/evidence/g4-benchmark-results.txt,.txt,564,c4809aa42a374e7cfb0906904efa106835164e065414c4fb71766f22727e9c29,gate4-reports,Platform,Gate4,Evidence,Gate 4 report/evidence,-,-,-,info,support/historical
gate4/evidence/g4-build-final.log,.log,630,770b8f6ff2e8069f2897ff3e37c9115e664ceb4cb72e3b569dc9a12f80200f22,gate4-reports,Platform,Gate4,Evidence,Gate 4 report/evidence,-,-,-,info,support/historical
gate4/evidence/g4-concurrency.log,.log,344,473e132c485d18c3f3f076220f3d7d2a7116d6d80b62ca6aac8b15ea3c3f9ef7,gate4-reports,Platform,Gate4,Evidence,Gate 4 report/evidence,-,-,-,info,support/historical
gate4/evidence/g4-explain-analyze.txt,.txt,339,42b13d45ad88042c57d08188f9a6e6ec0d26a9209cfc34fc47ab63711d25ac6a,gate4-reports,Platform,Gate4,Evidence,Gate 4 report/evidence,-,-,-,info,support/historical
gate4/evidence/g4-lint-final.log,.log,218,60c6d0de71021aa97ef5f9fb6c0fdcec797c1c6e82be184c97e363ebe7bfad42,gate4-reports,Platform,Gate4,Evidence,Gate 4 report/evidence,-,-,-,info,support/historical
gate4/evidence/g4-schema-diff.json,.json,10204,3562f282e313edf7da46380e5f43f743acb29bdacb03dfd475c680259400eb37,gate4-reports,Platform,Gate4,Evidence,Gate 4 report/evidence,-,-,-,info,support/historical
gate4/evidence/g4-test-db-final.log,.log,595,a5ce606b9fd955df60aa53e6a6cb3a6b6fb87ddfdca2e0efa05c2ea512f529d2,gate4-reports,Platform,Gate4,Evidence,Gate 4 report/evidence,-,-,-,info,support/historical
gate4/evidence/g4-test-final.log,.log,973,36b31f52d082f7ae12636370352ff57801297b4b5f3a1ad45af1b183a7c3dfe3,gate4-reports,Platform,Gate4,Evidence,Gate 4 report/evidence,-,-,-,info,support/historical
gate4/evidence/g4-typecheck-final.log,.log,695,a19f7635522c283ee9fa4bd687921ec383c653be2781a44014cfc5089d628694,gate4-reports,Platform,Gate4,Evidence,Gate 4 report/evidence,-,-,-,info,support/historical
gate4/evidence/g4-verification.log,.log,1829,045fda029e846d50e36ae363988bc34cd99ee8421f0a37de4c0bcc2c1bb5de7f,gate4-reports,Platform,Gate4,Evidence,Gate 4 report/evidence,-,-,-,info,support/historical
gate4/schema-snapshot-g4.sha256,.sha256,65,2cd29e17a48a2bb2a8c3f39d3e7f306843dbc170c160ab50eb338607057e5e90,gate4-reports,Platform,Gate4,Historical,Gate 4 report/evidence,-,-,-,info,support/historical
gate4/schema-snapshot-g4.sql,.sql,289699,40bd5ee4ca9ff3e71c17389883c6c9bad7b0c35ba2b627a80740e2819299fe62,gate4-reports,Platform,Gate4,Historical,Gate 4 report/evidence,-,-,-,info,support/historical
gate4_1/GATE4_1_ARTIFACT_CONSISTENCY.md,.md,1622,4bbf165526838361d8461c35e9a412342569d1e2e36282fe85bf88f6375016e2,gate41,Platform,Gate4.1,Authoritative,Gate 4.1 deliverable/evidence,-,-,-,info,support/historical
gate4_1/GATE4_1_FILE_BY_FILE_AUDIT.csv,.csv,320528,4f413b2a0767c961d686c1f64ee22d8cfe77d920ba4575e93a2f913dcc0b9fb2,gate41,Platform,Gate4.1,Authoritative,Gate 4.1 deliverable/evidence,-,-,-,info,support/historical
gate4_1/GATE4_1_FILE_BY_FILE_AUDIT.md,.md,312980,4ed68569ad16766c37d31b72b7c8268a5d76a29868509417e5dfdc4c816550ed,gate41,Platform,Gate4.1,Authoritative,Gate 4.1 deliverable/evidence,-,-,-,info,support/historical
gate4_1/evidence/PHASE_A_REPO_INVENTORY.txt,.txt,2337,7e77bd7f4e42d00e94553caca5ceb0c749d1bf4ccb969de0e0f6ae7340f93434,gate41,Platform,Gate4.1,Evidence,Gate 4.1 deliverable/evidence,-,-,-,info,support/historical
gate4_1/evidence/schema-snapshot-g41.sql,.sql,289699,bdcd5586217a6df678c45c3abed9ed05585eba19a3fc81d64b4cd5a5492627b4,gate41,Platform,Gate4.1,Evidence,Gate 4.1 deliverable/evidence,-,-,-,info,support/historical
karen-home-gate4-final.tar.gz,.gz,698746,de9cfe9a42bf1769e6bd249dc74330eecace192b8c45c59e346eb8d01520934c,bundles,Platform,pre-Gate0(reference),Historical,Self-contained artifact bundle,-,-,-,info,support/historical
project-artifact-export/00_manifest/CATEGORY_INDEX.md,.md,2411,5056d8a9edb351c4f3137280482356876d31568c02714022f80350502eb300db,frozen-export,Platform,Export CURRENT-v1,Historical,Frozen artifact export snapshot,-,-,-,info,support/historical
project-artifact-export/00_manifest/CURRENT_PROJECT_STATE.md,.md,6674,81fe159171a1ffd26827c87f35b5241f8a1c1248eaace3c2ae4034e2bb7ca4c0,frozen-export,Platform,Export CURRENT-v1,Historical,Frozen artifact export snapshot,-,-,-,info,support/historical
project-artifact-export/00_manifest/EXPORT_EXCLUSIONS.md,.md,2183,10002acbef1e4d33d8edf76ba4d96ae1f6a1535c4ad63dc9503530d9e2a72daf,frozen-export,Platform,Export CURRENT-v1,Historical,Frozen artifact export snapshot,-,-,-,info,support/historical
project-artifact-export/00_manifest/FILE_COUNTS.txt,.txt,1331,faf78948c631e14d63fe8cfa7e4918737b8799c356c27aa87ffa9b66ed3b8426,frozen-export,Platform,Export CURRENT-v1,Historical,Frozen artifact export snapshot,-,-,-,info,support/historical
project-artifact-export/00_manifest/GIT_STATE.txt,.txt,1149,c85c966ca29b2e5fb3d11f9e3ff39b270989f8b00cdaec2722d283177669d8d2,frozen-export,Platform,Export CURRENT-v1,Historical,Frozen artifact export snapshot,-,-,-,info,support/historical
project-artifact-export/00_manifest/PROJECT_ARTIFACT_EXPORT_MANIFEST.csv,.csv,334241,004bd83306ca1fcfb6ff0540724f1797aecc2727b998fb106d314ea1394ed8cb,frozen-export,Platform,Export CURRENT-v1,Historical,Frozen artifact export snapshot,-,-,-,info,support/historical
project-artifact-export/00_manifest/PROJECT_ARTIFACT_EXPORT_MANIFEST.md,.md,359986,126147343cb30d3253e2167ef30bd112d9e5a3711ef601c4deb7c38a4dc80f41,frozen-export,Platform,Export CURRENT-v1,Historical,Frozen artifact export snapshot,-,-,-,info,support/historical
project-artifact-export/00_manifest/RECOVERY_FROM_EXPORT.md,.md,5881,34293245a30501262f48ffc253d2f75344ad3ae829bd1717f6edd211a606f780,frozen-export,Platform,Export CURRENT-v1,Historical,Frozen artifact export snapshot,-,-,-,info,support/historical
project-artifact-export/00_manifest/SENSITIVE_DATA_REDACTIONS.md,.md,4359,0104f6f0154160d9b12887e206d9faa9bfb8fb4ad5c709ef6edd940108cf9968,frozen-export,Platform,Export CURRENT-v1,Historical,Frozen artifact export snapshot,-,-,-,info,support/historical
project-artifact-export/00_manifest/SHA256SUMS,(none),133389,ea4b2c7ed92961df373e5c599d6ad8f7e6ed93f3c19b107a2bbb29475f096a46,frozen-export,Platform,Export CURRENT-v1,Historical,Frozen artifact export snapshot,-,-,-,info,support/historical
project-artifact-export/99_original_paths/ORIGINAL_PATH_INDEX.md,.md,1294,a53cff15de9d3fdd5204894bffb4e53264768eccb726150034a174e1d6aeca40,frozen-export,Platform,Export CURRENT-v1,Historical,Frozen artifact export snapshot,-,-,-,info,support/historical
project-artifact-export/workspace/.gitignore,(none),22,a43d030ea79902a14c4c11a90e05e481355482708579d3e061f60a8e7787887b,frozen-export,Platform,Export CURRENT-v1,Historical,Frozen artifact export snapshot,-,-,-,info,support/historical
project-artifact-export/workspace/download/PROJECT_STATE_SUMMARY.md,.md,3466,908a7ba52247e3f90bf971e572c4207e5fee343d01c1b5f7e02bcfc980cec56d,frozen-export,Platform,Export CURRENT-v1,Historical,Frozen artifact export snapshot,-,-,-,info,support/historical
project-artifact-export/workspace/download/README.md,.md,34,0a345f2f749266ca2d137ab27249a8480f89a9bcb33ad51fe3afb149c81a7acc,frozen-export,Platform,Export CURRENT-v1,Historical,Frozen artifact export snapshot,-,-,-,info,support/historical
project-artifact-export/workspace/download/gate4/FILE_MANIFEST.md,.md,6099,d4496208d969ea7667f7f8a1d5059a1c3d54ad2bd989df5ad95bcc36049a7052,frozen-export,Platform,Export CURRENT-v1,Historical,Frozen artifact export snapshot,-,-,-,info,support/historical
project-artifact-export/workspace/download/gate4/FILE_MANIFEST.sha256,.sha256,8427,0f3d007315a44e9daa7ce255fd807158bf402c6625336409d715c571cb43350d,frozen-export,Platform,Export CURRENT-v1,Historical,Frozen artifact export snapshot,-,-,-,info,support/historical
project-artifact-export/workspace/download/gate4/GATE4_ADVERTISING_REPORT.md,.md,2570,073d4ee3d1c5afd729792a5d5171c05ace285c60cc524802e164681fff553cc0,frozen-export,Platform,Export CURRENT-v1,Historical,Frozen artifact export snapshot,-,-,-,info,support/historical
project-artifact-export/workspace/download/gate4/GATE4_API_CONTRACT_REPORT.md,.md,3194,b4067d40d0b4e7d13510edbefaa4d9bf86d8e4338dece798d5227fec8c6088ff,frozen-export,Platform,Export CURRENT-v1,Historical,Frozen artifact export snapshot,-,-,-,info,support/historical
project-artifact-export/workspace/download/gate4/GATE4_COMMISSION_REPORT.md,.md,2650,31c223c469394c94b4f975d4688b2ff2a7a17b61a65697770ac7eb826f8a64b9,frozen-export,Platform,Export CURRENT-v1,Historical,Frozen artifact export snapshot,-,-,-,info,support/historical
project-artifact-export/workspace/download/gate4/GATE4_DOMAIN_IMPLEMENTATION_REPORT.md,.md,7750,2a080ab4c8fbc5e0f1debf11c4d141ef779a5bbbeae8ac8ba419ba6996bd9fd8,frozen-export,Platform,Export CURRENT-v1,Historical,Frozen artifact export snapshot,-,-,-,info,support/historical
project-artifact-export/workspace/download/gate4/GATE4_EXECUTION_REPORT.md,.md,8543,f3428756e46a6f56b8179f505187f3ec247c4608fa5032d125e4976c5bd267bf,frozen-export,Platform,Export CURRENT-v1,Historical,Frozen artifact export snapshot,-,-,-,info,support/historical
project-artifact-export/workspace/download/gate4/GATE4_I18N_REPORT.md,.md,2159,d72a2aa47796ddc213055c0dc7afcdbd50cb5bf1736fb121646cf4e5bbdb503e,frozen-export,Platform,Export CURRENT-v1,Historical,Frozen artifact export snapshot,-,-,-,info,support/historical
project-artifact-export/workspace/download/gate4/GATE4_IAM_REPORT.md,.md,3081,f173ab93d72fe4514cf56d505ac7bd74dbf9d75584637a2cb757cb1d65522d92,frozen-export,Platform,Export CURRENT-v1,Historical,Frozen artifact export snapshot,-,-,-,info,support/historical
project-artifact-export/workspace/download/gate4/GATE4_MEDIA_REPORT.md,.md,2393,67afc8c80f5093b359292b4ee663be3e1f9192546d4070a136b7a6f6612675bd,frozen-export,Platform,Export CURRENT-v1,Historical,Frozen artifact export snapshot,-,-,-,info,support/historical
project-artifact-export/workspace/download/gate4/GATE4_NOTIFICATION_REPORT.md,.md,2355,ea4faa76979e9afe3b58a88fdf730b17a76288f71085fe29d69787e0625d8612,frozen-export,Platform,Export CURRENT-v1,Historical,Frozen artifact export snapshot,-,-,-,info,support/historical
project-artifact-export/workspace/download/gate4/GATE4_PERFORMANCE_REPORT.md,.md,2454,91050de253f7d08b2ab9c5785a96442574abf308c1f4d7c7eea946d086083fe2,frozen-export,Platform,Export CURRENT-v1,Historical,Frozen artifact export snapshot,-,-,-,info,support/historical
project-artifact-export/workspace/download/gate4/GATE4_RECOVERY_REPORT.md,.md,1848,9986e1e115cbf811258bb388387f8176764a4951e9eecfbe2a8fc10f7d96b39a,frozen-export,Platform,Export CURRENT-v1,Historical,Frozen artifact export snapshot,-,-,-,info,support/historical
project-artifact-export/workspace/download/gate4/GATE4_RED_TEAM_REPORT.md,.md,3188,9c2b1970da6f931840423c64f7e2e9d310ee5f12ede76253ce48763426ea5cde,frozen-export,Platform,Export CURRENT-v1,Historical,Frozen artifact export snapshot,-,-,-,info,support/historical
project-artifact-export/workspace/download/gate4/GATE4_SCHEMA_DRIFT_REPORT.md,.md,2387,c7c2f10d0661673eb2a88e47312cb5fdf603011d792979879f57f1d76931d077,frozen-export,Platform,Export CURRENT-v1,Historical,Frozen artifact export snapshot,-,-,-,info,support/historical
project-artifact-export/workspace/download/gate4/GATE4_SEARCH_REPORT.md,.md,2783,2e3173af3c16a2ddb37ce4aeefccfda78e99aa6459ff02a68a863004cfb14ee3,frozen-export,Platform,Export CURRENT-v1,Historical,Frozen artifact export snapshot,-,-,-,info,support/historical
project-artifact-export/workspace/download/gate4/GATE4_SECURITY_REPORT.md,.md,3058,2b4c10fb75dcf36b63f45603a61cb9dd52e1bbc7523c019170637adfa53285e8,frozen-export,Platform,Export CURRENT-v1,Historical,Frozen artifact export snapshot,-,-,-,info,support/historical
project-artifact-export/workspace/download/gate4/GATE4_TEST_REPORT.md,.md,3271,7f4dc963568e80e586bf3fbdb93dae6ff34baaaf55c25014c3e07ff9ea6a86a5,frozen-export,Platform,Export CURRENT-v1,Historical,Frozen artifact export snapshot,-,-,-,info,support/historical
project-artifact-export/workspace/download/gate4/GATE4_WORKER_REPORT.md,.md,3253,5b830ea2b408c9b371d806166a89b6b803e114f600c6df1e21dbe994bbc404ff,frozen-export,Platform,Export CURRENT-v1,Historical,Frozen artifact export snapshot,-,-,-,info,support/historical
project-artifact-export/workspace/download/gate4/evidence/g3-verification-on-g4-fresh.log,.log,3331,11735a331f1441974f1b05f676557bc2ccfb9788b0e198ad4591dc2d97fa8de1,frozen-export,Platform,Export CURRENT-v1,Historical,Frozen artifact export snapshot,-,-,-,info,support/historical
project-artifact-export/workspace/download/gate4/evidence/g4-apply-fresh.log,.log,5217,63da25f01f6714a92aa819509da67e1b3db8bc580db82d2a40b1afa539bb9826,frozen-export,Platform,Export CURRENT-v1,Historical,Frozen artifact export snapshot,-,-,-,info,support/historical
project-artifact-export/workspace/download/gate4/evidence/g4-benchmark-results.txt,.txt,564,c4809aa42a374e7cfb0906904efa106835164e065414c4fb71766f22727e9c29,frozen-export,Platform,Export CURRENT-v1,Historical,Frozen artifact export snapshot,-,-,-,info,support/historical
project-artifact-export/workspace/download/gate4/evidence/g4-build-final.log,.log,630,770b8f6ff2e8069f2897ff3e37c9115e664ceb4cb72e3b569dc9a12f80200f22,frozen-export,Platform,Export CURRENT-v1,Historical,Frozen artifact export snapshot,-,-,-,info,support/historical
project-artifact-export/workspace/download/gate4/evidence/g4-concurrency.log,.log,344,473e132c485d18c3f3f076220f3d7d2a7116d6d80b62ca6aac8b15ea3c3f9ef7,frozen-export,Platform,Export CURRENT-v1,Historical,Frozen artifact export snapshot,-,-,-,info,support/historical
project-artifact-export/workspace/download/gate4/evidence/g4-explain-analyze.txt,.txt,339,42b13d45ad88042c57d08188f9a6e6ec0d26a9209cfc34fc47ab63711d25ac6a,frozen-export,Platform,Export CURRENT-v1,Historical,Frozen artifact export snapshot,-,-,-,info,support/historical
project-artifact-export/workspace/download/gate4/evidence/g4-lint-final.log,.log,218,60c6d0de71021aa97ef5f9fb6c0fdcec797c1c6e82be184c97e363ebe7bfad42,frozen-export,Platform,Export CURRENT-v1,Historical,Frozen artifact export snapshot,-,-,-,info,support/historical
project-artifact-export/workspace/download/gate4/evidence/g4-schema-diff.json,.json,10204,3562f282e313edf7da46380e5f43f743acb29bdacb03dfd475c680259400eb37,frozen-export,Platform,Export CURRENT-v1,Historical,Frozen artifact export snapshot,-,-,-,info,support/historical
project-artifact-export/workspace/download/gate4/evidence/g4-test-db-final.log,.log,595,a5ce606b9fd955df60aa53e6a6cb3a6b6fb87ddfdca2e0efa05c2ea512f529d2,frozen-export,Platform,Export CURRENT-v1,Historical,Frozen artifact export snapshot,-,-,-,info,support/historical
project-artifact-export/workspace/download/gate4/evidence/g4-test-final.log,.log,973,36b31f52d082f7ae12636370352ff57801297b4b5f3a1ad45af1b183a7c3dfe3,frozen-export,Platform,Export CURRENT-v1,Historical,Frozen artifact export snapshot,-,-,-,info,support/historical
project-artifact-export/workspace/download/gate4/evidence/g4-typecheck-final.log,.log,695,a19f7635522c283ee9fa4bd687921ec383c653be2781a44014cfc5089d628694,frozen-export,Platform,Export CURRENT-v1,Historical,Frozen artifact export snapshot,-,-,-,info,support/historical
project-artifact-export/workspace/download/gate4/evidence/g4-verification.log,.log,1829,045fda029e846d50e36ae363988bc34cd99ee8421f0a37de4c0bcc2c1bb5de7f,frozen-export,Platform,Export CURRENT-v1,Historical,Frozen artifact export snapshot,-,-,-,info,support/historical
project-artifact-export/workspace/download/gate4/schema-snapshot-g4.sha256,.sha256,65,2cd29e17a48a2bb2a8c3f39d3e7f306843dbc170c160ab50eb338607057e5e90,frozen-export,Platform,Export CURRENT-v1,Historical,Frozen artifact export snapshot,-,-,-,info,support/historical
project-artifact-export/workspace/download/gate4/schema-snapshot-g4.sql,.sql,289699,40bd5ee4ca9ff3e71c17389883c6c9bad7b0c35ba2b627a80740e2819299fe62,frozen-export,Platform,Export CURRENT-v1,Historical,Frozen artifact export snapshot,-,-,-,info,support/historical
project-artifact-export/workspace/download/karen-home-gate4-final.tar.gz,.gz,698746,de9cfe9a42bf1769e6bd249dc74330eecace192b8c45c59e346eb8d01520934c,frozen-export,Platform,Export CURRENT-v1,Historical,Frozen artifact export snapshot,-,-,-,info,support/historical
project-artifact-export/workspace/download/w0/W0_FINALIZATION.md,.md,3676,4096c173cbd48e4c2b50c074ffdabde76d4066373bb26d8f1b73f8d096c9c2cc,frozen-export,Platform,Export CURRENT-v1,Historical,Frozen artifact export snapshot,-,-,-,info,support/historical
project-artifact-export/workspace/download/w0/W0_OPEN_DECISIONS.md,.md,5241,0be3e3aefbcfd1d017383f369aca3049d8df4cbcb58a233e4f60b3b1288698bc,frozen-export,Platform,Export CURRENT-v1,Historical,Frozen artifact export snapshot,-,-,-,info,support/historical
project-artifact-export/workspace/download/w0/evidence/build-final.log,.log,500,fcc73dccfc0cd09fa70b796873f683927596d1f3b87d074aa2c119ecd302b036,frozen-export,Platform,Export CURRENT-v1,Historical,Frozen artifact export snapshot,-,-,-,info,support/historical
project-artifact-export/workspace/download/w0/evidence/g3-apply-fresh.log,.log,5089,2aaf3773ef27f9ebcf32cf5d02b65433546ca68c11bda4a462ca226fa1471337,frozen-export,Platform,Export CURRENT-v1,Historical,Frozen artifact export snapshot,-,-,-,info,support/historical
project-artifact-export/workspace/download/w0/evidence/g3-concurrency.log,.log,287,e40835469e4370b545d0318e77994cf291cc699727aa054982c7b74998e26354,frozen-export,Platform,Export CURRENT-v1,Historical,Frozen artifact export snapshot,-,-,-,info,support/historical
project-artifact-export/workspace/download/w0/evidence/g3-schema-diff.json,.json,18054,e9fd415a3da38fe2a19c72dddd32a50e3b8fe3d2c7f567efbc62adb6f6ca7ce1,frozen-export,Platform,Export CURRENT-v1,Historical,Frozen artifact export snapshot,-,-,-,info,support/historical
project-artifact-export/workspace/download/w0/evidence/g3-verification.log,.log,3291,0c547a83a5982e6ed21e305e905255d7b96b51e3f6ce4d18453d9a6ae57aed61,frozen-export,Platform,Export CURRENT-v1,Historical,Frozen artifact export snapshot,-,-,-,info,support/historical
project-artifact-export/workspace/download/w0/evidence/lint-final.log,.log,204,fe722dd8910e53698b8b64823d07d6ffe9840fd7e1d211e4c0cff45d1c422df4,frozen-export,Platform,Export CURRENT-v1,Historical,Frozen artifact export snapshot,-,-,-,info,support/historical
project-artifact-export/workspace/download/w0/evidence/test-final.log,.log,786,db65a7fac20575d2caf58b543600965ff217dcf68e5c1f485e092027c3e27ce7,frozen-export,Platform,Export CURRENT-v1,Historical,Frozen artifact export snapshot,-,-,-,info,support/historical
project-artifact-export/workspace/download/w0/evidence/typecheck-final.log,.log,1087,bf54710befee96be00373da5937a29c78cf5a28a0eec16d626a8bb7cb56db34d,frozen-export,Platform,Export CURRENT-v1,Historical,Frozen artifact export snapshot,-,-,-,info,support/historical
project-artifact-export/workspace/download/w0/gate3/GATE3_DB_EXECUTION_REPORT.md,.md,7804,17fcf0eeac5ac172e1c279195c813c8a7c84b086810cfd9b843aba117faec75c,frozen-export,Platform,Export CURRENT-v1,Historical,Frozen artifact export snapshot,-,-,-,info,support/historical
project-artifact-export/workspace/download/w0/gate3/adr/ADR_REGISTRY.md,.md,5826,3ffba2cfd3cbfe0a5057fd692eea00e7e781cb2a94f27c1eebf9cbd6914c3db4,frozen-export,Platform,Export CURRENT-v1,Historical,Frozen artifact export snapshot,-,-,-,info,support/historical
project-artifact-export/workspace/download/w0/gate3/evidence/apply-all-migrations.sh,.sh,2516,9012648d30dfbcfb611184062b97851ece0fb53eb25d5736e7672cd976fa77b3,frozen-export,Platform,Export CURRENT-v1,Historical,Frozen artifact export snapshot,-,-,-,data-integrity,support/historical
project-artifact-export/workspace/download/w0/gate3/evidence/build-final.log,.log,500,fcc73dccfc0cd09fa70b796873f683927596d1f3b87d074aa2c119ecd302b036,frozen-export,Platform,Export CURRENT-v1,Historical,Frozen artifact export snapshot,-,-,-,info,support/historical
project-artifact-export/workspace/download/w0/gate3/evidence/catalog-dump.sql,.sql,1729,34e3fddf3e676dc1642eb8fd38fae4fd7b772fc00167de512ff337958766b837,frozen-export,Platform,Export CURRENT-v1,Historical,Frozen artifact export snapshot,-,-,-,info,support/historical
project-artifact-export/workspace/download/w0/gate3/evidence/g3-apply-fresh.log,.log,5089,2aaf3773ef27f9ebcf32cf5d02b65433546ca68c11bda4a462ca226fa1471337,frozen-export,Platform,Export CURRENT-v1,Historical,Frozen artifact export snapshot,-,-,-,info,support/historical
project-artifact-export/workspace/download/w0/gate3/evidence/g3-concurrency.js,.js,6771,e4bc5ee938ecd3ee9703da1a5393793e5c9c6bbb2be22c775a768837b897eeae,frozen-export,Platform,Export CURRENT-v1,Historical,Frozen artifact export snapshot,-,-,-,info,support/historical
project-artifact-export/workspace/download/w0/gate3/evidence/g3-concurrency.log,.log,287,e40835469e4370b545d0318e77994cf291cc699727aa054982c7b74998e26354,frozen-export,Platform,Export CURRENT-v1,Historical,Frozen artifact export snapshot,-,-,-,info,support/historical
project-artifact-export/workspace/download/w0/gate3/evidence/g3-schema-diff.json,.json,18054,e9fd415a3da38fe2a19c72dddd32a50e3b8fe3d2c7f567efbc62adb6f6ca7ce1,frozen-export,Platform,Export CURRENT-v1,Historical,Frozen artifact export snapshot,-,-,-,info,support/historical
project-artifact-export/workspace/download/w0/gate3/evidence/g3-verification.log,.log,3291,0c547a83a5982e6ed21e305e905255d7b96b51e3f6ce4d18453d9a6ae57aed61,frozen-export,Platform,Export CURRENT-v1,Historical,Frozen artifact export snapshot,-,-,-,info,support/historical
project-artifact-export/workspace/download/w0/gate3/evidence/g3-verification.sql,.sql,16592,898c08c31dda5a81a0e9193b4158a129ab3e6bcc8c4dc6dacfc3f8c2750b3a27,frozen-export,Platform,Export CURRENT-v1,Historical,Frozen artifact export snapshot,-,-,-,info,support/historical
project-artifact-export/workspace/download/w0/gate3/evidence/lint-final.log,.log,204,fe722dd8910e53698b8b64823d07d6ffe9840fd7e1d211e4c0cff45d1c422df4,frozen-export,Platform,Export CURRENT-v1,Historical,Frozen artifact export snapshot,-,-,-,info,support/historical
project-artifact-export/workspace/download/w0/gate3/evidence/test-final-with-db.log,.log,62,50e34b4fc999ecd57b49328787fb26c68c424e471516e822e7d82606fb57bdb5,frozen-export,Platform,Export CURRENT-v1,Historical,Frozen artifact export snapshot,-,-,-,info,support/historical
project-artifact-export/workspace/download/w0/gate3/evidence/test-final.log,.log,786,db65a7fac20575d2caf58b543600965ff217dcf68e5c1f485e092027c3e27ce7,frozen-export,Platform,Export CURRENT-v1,Historical,Frozen artifact export snapshot,-,-,-,info,support/historical
project-artifact-export/workspace/download/w0/gate3/evidence/typecheck-final.log,.log,1087,bf54710befee96be00373da5937a29c78cf5a28a0eec16d626a8bb7cb56db34d,frozen-export,Platform,Export CURRENT-v1,Historical,Frozen artifact export snapshot,-,-,-,info,support/historical
project-artifact-export/workspace/download/w0/gate3/migrations/0024_backend_critical_hardening_fixed.sql,.sql,6644,99057633180f92fe3d8ef819cbf98cbe89d050a7992d45ae6e37409102275723,frozen-export,Platform,Export CURRENT-v1,Historical,Frozen artifact export snapshot,-,-,-,data-integrity,support/historical
project-artifact-export/workspace/download/w0/gate3/migrations/0027_commission_domain.sql,.sql,7528,6715f2ad68503f64d243d442feebb8640bf78a4ce88649e5dd89e34e771064a6,frozen-export,Platform,Export CURRENT-v1,Historical,Frozen artifact export snapshot,-,-,-,data-integrity,support/historical
project-artifact-export/workspace/download/w0/gate3/migrations/0028_advertising_domain.sql,.sql,10155,e810ff4aa01ce9eb64d52a3c7b3941713e86d29d08044b8cef8df1aff27470eb,frozen-export,Platform,Export CURRENT-v1,Historical,Frozen artifact export snapshot,-,-,-,data-integrity,support/historical
project-artifact-export/workspace/download/w0/gate3/migrations/0029_i18n_translations.sql,.sql,6111,2f5d510ad179c9a2b3997c190c44fab9be3e1fd546a93c554ed71749b8c3cf26,frozen-export,Platform,Export CURRENT-v1,Historical,Frozen artifact export snapshot,-,-,-,data-integrity,support/historical
project-artifact-export/workspace/download/w0/gate3/migrations/0030_iam_personal_scope_authorization.sql,.sql,5003,f7279511364b284b0282f0176549de1424703c804547f69e0d18bf856ae8f6e0,frozen-export,Platform,Export CURRENT-v1,Historical,Frozen artifact export snapshot,-,-,-,security-critical,production-relevant
project-artifact-export/workspace/download/w0/gate3/migrations/0031_listing_state_reconciliation.sql,.sql,6935,e4499089560bbc7e8bc526ba5fbcf2f67c450f784836f676d52d46381c0f126e,frozen-export,Platform,Export CURRENT-v1,Historical,Frozen artifact export snapshot,-,-,-,data-integrity,support/historical
project-artifact-export/workspace/download/w0/gate3/migrations/seed_reference.sql,.sql,4756,a07bf35ec298ff7fd8227c3ad996a980fba101b5c077c3525cd1f51fb96325fc,frozen-export,Platform,Export CURRENT-v1,Historical,Frozen artifact export snapshot,-,-,-,data-integrity,support/historical
project-artifact-export/workspace/download/w0/gate3/schema-snapshot-g3.sha256,.sha256,126,3f8d7e535a07a5b35cebbc6c699c3156a8c27fcb969e2c9c696579a833d558d1,frozen-export,Platform,Export CURRENT-v1,Historical,Frozen artifact export snapshot,-,-,-,info,support/historical
project-artifact-export/workspace/download/w0/gate3/schema-snapshot-g3.sql,.sql,260885,f79a3348e0f9e08084c99cc6cd455cb1c22316aacc7e3f5af8dc6ab99b8cdd63,frozen-export,Platform,Export CURRENT-v1,Historical,Frozen artifact export snapshot,-,-,-,info,support/historical
project-artifact-export/workspace/w0-rebuild/artifacts/Karen_Home_Reference_Artifacts_v1/00_schema_and_freeze/DATABASE_CONTRACT_FREEZE.md,.md,1828,fc8827ba26fa59cece6a542f156f13f20db7477e6a757f87c1e7c4d5f32e69a1,frozen-export,Platform,Export CURRENT-v1,Historical,Frozen artifact export snapshot,-,-,-,info,support/historical
project-artifact-export/workspace/w0-rebuild/artifacts/Karen_Home_Reference_Artifacts_v1/00_schema_and_freeze/enterprise_real_estate_schema_frozen_v1.sql,.sql,93699,166dc3b0134538819db064d871dca6950c267dc9708f79c4fcd018617dd51e30,frozen-export,Platform,Export CURRENT-v1,Historical,Frozen artifact export snapshot,-,-,-,info,support/historical
project-artifact-export/workspace/w0-rebuild/artifacts/Karen_Home_Reference_Artifacts_v1/00_schema_and_freeze/enterprise_real_estate_schema_v1.sql,.sql,80799,08cafc57fed939ed2279d7118ae63f7bc1c1ff4eef179835c862c465e3c4a8ce,frozen-export,Platform,Export CURRENT-v1,Historical,Frozen artifact export snapshot,-,-,-,info,support/historical
project-artifact-export/workspace/w0-rebuild/artifacts/Karen_Home_Reference_Artifacts_v1/00_schema_and_freeze/enterprise_real_estate_schema_v1_review.md,.md,6636,f156982ac14afb2d076400ff24fa8267b867b17c8a7a815f9fc599ce7ed71b7b,frozen-export,Platform,Export CURRENT-v1,Historical,Frozen artifact export snapshot,-,-,-,info,support/historical
project-artifact-export/workspace/w0-rebuild/artifacts/Karen_Home_Reference_Artifacts_v1/00_schema_and_freeze/schema_full.md,.md,36481,f521ebe01515ac42073988b1e7ad2db6b9e46a2323f19bcb2a8ce326c637302a,frozen-export,Platform,Export CURRENT-v1,Historical,Frozen artifact export snapshot,-,-,-,info,support/historical
project-artifact-export/workspace/w0-rebuild/artifacts/Karen_Home_Reference_Artifacts_v1/01_backend_contract/README.md,.md,1609,22cf3c3bf4cd524fcaaef216b886d734184e02d37ffe3f413b0813c4cbb8ce21,frozen-export,Platform,Export CURRENT-v1,Historical,Frozen artifact export snapshot,-,-,-,info,support/historical
project-artifact-export/workspace/w0-rebuild/artifacts/Karen_Home_Reference_Artifacts_v1/01_backend_contract/architecture/backend-folder-structure.txt,.txt,2508,3b7b7b064506171ed0d3455af613875a66870bda326806c998130db2f13daf1e,frozen-export,Platform,Export CURRENT-v1,Historical,Frozen artifact export snapshot,-,-,-,info,support/historical
project-artifact-export/workspace/w0-rebuild/artifacts/Karen_Home_Reference_Artifacts_v1/01_backend_contract/contracts/database-contract-freeze-v1.md,.md,1828,fc8827ba26fa59cece6a542f156f13f20db7477e6a757f87c1e7c4d5f32e69a1,frozen-export,Platform,Export CURRENT-v1,Historical,Frozen artifact export snapshot,-,-,-,info,support/historical
project-artifact-export/workspace/w0-rebuild/artifacts/Karen_Home_Reference_Artifacts_v1/01_backend_contract/contracts/database-schema-frozen-v1.sql,.sql,93699,166dc3b0134538819db064d871dca6950c267dc9708f79c4fcd018617dd51e30,frozen-export,Platform,Export CURRENT-v1,Historical,Frozen artifact export snapshot,-,-,-,info,support/historical
project-artifact-export/workspace/w0-rebuild/artifacts/Karen_Home_Reference_Artifacts_v1/01_backend_contract/contracts/typescript-contracts.ts,.ts,1708,2d50a767bff5f0f78a1184651448281742322f019fc3f0f4ac198d715e207e64,frozen-export,Platform,Export CURRENT-v1,Historical,Frozen artifact export snapshot,-,-,-,info,support/historical
project-artifact-export/workspace/w0-rebuild/artifacts/Karen_Home_Reference_Artifacts_v1/01_backend_contract/docs/01-domain-boundaries.md,.md,2544,2207517d8a007ba644819da276b54c07170b400182bcd87bee21e5a81888b4f2,frozen-export,Platform,Export CURRENT-v1,Historical,Frozen artifact export snapshot,-,-,-,info,support/historical
project-artifact-export/workspace/w0-rebuild/artifacts/Karen_Home_Reference_Artifacts_v1/01_backend_contract/docs/02-api-conventions.md,.md,2054,286c7e649849807bc7a94db77c7a03aa664bd36c68101f4a7da055ce090a2b48,frozen-export,Platform,Export CURRENT-v1,Historical,Frozen artifact export snapshot,-,-,-,info,support/historical
project-artifact-export/workspace/w0-rebuild/artifacts/Karen_Home_Reference_Artifacts_v1/01_backend_contract/docs/03-authorization-matrix.md,.md,1798,76ffa9662ee2349631db92c997e69fe5f1794dab3723581248edc5e56a76b4bb,frozen-export,Platform,Export CURRENT-v1,Historical,Frozen artifact export snapshot,-,-,-,security-critical,production-relevant
project-artifact-export/workspace/w0-rebuild/artifacts/Karen_Home_Reference_Artifacts_v1/01_backend_contract/docs/04-error-model.md,.md,1105,3e201ef29eba1c6645d67e593c69d475188dab7e75aba506dc9552ad406f81fe,frozen-export,Platform,Export CURRENT-v1,Historical,Frozen artifact export snapshot,-,-,-,info,support/historical
project-artifact-export/workspace/w0-rebuild/artifacts/Karen_Home_Reference_Artifacts_v1/01_backend_contract/docs/05-command-query-catalog.md,.md,2266,55412fb8b7b42e1b1dae4eaa0cb02b9c398aa11a66c094a37dd93bcbebb5b0c5,frozen-export,Platform,Export CURRENT-v1,Historical,Frozen artifact export snapshot,-,-,-,info,support/historical
project-artifact-export/workspace/w0-rebuild/artifacts/Karen_Home_Reference_Artifacts_v1/01_backend_contract/docs/06-event-catalog.md,.md,1438,8f11112be23e87879d2d779f9c92e17c6b8300c8a18dcd04c70b6a0120537769,frozen-export,Platform,Export CURRENT-v1,Historical,Frozen artifact export snapshot,-,-,-,info,support/historical
project-artifact-export/workspace/w0-rebuild/artifacts/Karen_Home_Reference_Artifacts_v1/01_backend_contract/docs/07-implementation-order.md,.md,757,f77a4fac2985145755f30e3a9820cd9c77974bb834c5e3ca0a7844207cc580b7,frozen-export,Platform,Export CURRENT-v1,Historical,Frozen artifact export snapshot,-,-,-,info,support/historical
project-artifact-export/workspace/w0-rebuild/artifacts/Karen_Home_Reference_Artifacts_v1/01_backend_contract/docs/CHANGE_CONTROL.md,.md,528,041c81d19d4991ca6e01cafba839feec19475a35c9301bac16fedc05e1ccf903,frozen-export,Platform,Export CURRENT-v1,Historical,Frozen artifact export snapshot,-,-,-,info,support/historical
project-artifact-export/workspace/w0-rebuild/artifacts/Karen_Home_Reference_Artifacts_v1/01_backend_contract/examples/repository-interfaces.ts,.ts,1028,e91f147492c89373dc1e6f4d6525d4ddcf9ca7a19f97a780af34cd891eb76cf3,frozen-export,Platform,Export CURRENT-v1,Historical,Frozen artifact export snapshot,-,-,-,info,support/historical
project-artifact-export/workspace/w0-rebuild/artifacts/Karen_Home_Reference_Artifacts_v1/01_backend_contract/openapi/openapi-v1.yaml,.yaml,8995,228c2cca6cf111e6350a9ed0226c238dc05b855ec1b0d31d6a4d6780cb89d8c5,frozen-export,Platform,Export CURRENT-v1,Historical,Frozen artifact export snapshot,-,-,-,info,support/historical
project-artifact-export/workspace/w0-rebuild/artifacts/Karen_Home_Reference_Artifacts_v1/01_backend_contract/tests/backend-contract-checklist.md,.md,1103,374db82bda10c342cc81cf24e9312bd0711983f513a8605614b6481ac3c161f1,frozen-export,Platform,Export CURRENT-v1,Historical,Frozen artifact export snapshot,-,-,-,info,support/historical
project-artifact-export/workspace/w0-rebuild/artifacts/Karen_Home_Reference_Artifacts_v1/02_backend_skeleton/apps/api/package.json,.json,471,f4409460f3fe769f323aa5a1a41f3a8a10d97f6f2ec95d7c231ae0cdf886a05d,frozen-export,Platform,Export CURRENT-v1,Historical,Frozen artifact export snapshot,-,-,-,info,support/historical
project-artifact-export/workspace/w0-rebuild/artifacts/Karen_Home_Reference_Artifacts_v1/02_backend_skeleton/apps/api/src/app.module.ts,.ts,416,51edb58cc547f341587fcfcdbdeec23c0e774165968405206245da75aad21abe,frozen-export,Platform,Export CURRENT-v1,Historical,Frozen artifact export snapshot,-,-,-,info,support/historical
project-artifact-export/workspace/w0-rebuild/artifacts/Karen_Home_Reference_Artifacts_v1/02_backend_skeleton/apps/api/src/main.ts,.ts,874,36ff9abb86372c81cb0346608fa63686f25233ee6fa85fcdb987166eeb853412,frozen-export,Platform,Export CURRENT-v1,Historical,Frozen artifact export snapshot,-,-,-,info,support/historical
project-artifact-export/workspace/w0-rebuild/artifacts/Karen_Home_Reference_Artifacts_v1/02_backend_skeleton/apps/api/src/modules/health/health.module.ts,.ts,238,e5442f6039fdb4f9e3eb1210559d01a205ad99edef40cd703e81ff376e2c2ad2,frozen-export,Platform,Export CURRENT-v1,Historical,Frozen artifact export snapshot,-,-,-,info,support/historical
project-artifact-export/workspace/w0-rebuild/artifacts/Karen_Home_Reference_Artifacts_v1/02_backend_skeleton/apps/api/src/modules/listings/listings.module.ts,.ts,189,4888be8f67880e51560fd94d9e6883505580dbe51a5f20177db6cc1d40f2e760,frozen-export,Platform,Export CURRENT-v1,Historical,Frozen artifact export snapshot,-,-,-,info,support/historical
project-artifact-export/workspace/w0-rebuild/artifacts/Karen_Home_Reference_Artifacts_v1/02_backend_skeleton/apps/api/src/modules/listings/presentation/listings.controller.ts,.ts,363,24df2a61f433c207ae8ddcc6b7b196b3cf5ac5925dd6309c41610beee33f3efe,frozen-export,Platform,Export CURRENT-v1,Historical,Frozen artifact export snapshot,-,-,-,info,support/historical
project-artifact-export/workspace/w0-rebuild/artifacts/Karen_Home_Reference_Artifacts_v1/02_backend_skeleton/apps/api/src/modules/properties/application/create-property.handler.ts,.ts,572,39da76e497be4ff4e17fd73c4de9fdf66880b3596e1114f13abd48425288c59d,frozen-export,Platform,Export CURRENT-v1,Historical,Frozen artifact export snapshot,-,-,-,info,support/historical
project-artifact-export/workspace/w0-rebuild/artifacts/Karen_Home_Reference_Artifacts_v1/02_backend_skeleton/apps/api/src/modules/properties/domain/property.repository.ts,.ts,333,9a434be239114eb5f5e6e858d20369c4e3c80ea53a2ebae6b202a7b8c83e75a8,frozen-export,Platform,Export CURRENT-v1,Historical,Frozen artifact export snapshot,-,-,-,info,support/historical
project-artifact-export/workspace/w0-rebuild/artifacts/Karen_Home_Reference_Artifacts_v1/02_backend_skeleton/apps/api/src/modules/properties/infrastructure/in-memory-property.repository.ts,.ts,352,3d7623e4468cd4b008708deb876a725bb378be40d313bc0ef968fb7d8b77070c,frozen-export,Platform,Export CURRENT-v1,Historical,Frozen artifact export snapshot,-,-,-,info,support/historical
project-artifact-export/workspace/w0-rebuild/artifacts/Karen_Home_Reference_Artifacts_v1/02_backend_skeleton/apps/api/src/modules/properties/presentation/dto/create-property.dto.ts,.ts,237,7f1abb8a7a1a77d2a8f98c7d2f90b7cf8e0fe1a6fd2b3a65b6f6097b9063453c,frozen-export,Platform,Export CURRENT-v1,Historical,Frozen artifact export snapshot,-,-,-,info,support/historical
project-artifact-export/workspace/w0-rebuild/artifacts/Karen_Home_Reference_Artifacts_v1/02_backend_skeleton/apps/api/src/modules/properties/presentation/properties.controller.ts,.ts,500,8b006df5c778cd7d93a3191c533be983a89220ad11e8ac2ef3c7254c8d8bbb47,frozen-export,Platform,Export CURRENT-v1,Historical,Frozen artifact export snapshot,-,-,-,info,support/historical
project-artifact-export/workspace/w0-rebuild/artifacts/Karen_Home_Reference_Artifacts_v1/02_backend_skeleton/apps/api/src/modules/properties/properties.module.ts,.ts,564,60e0d1c7c17dcdce7f685fdee2da52c6c70ec5669db2c6f5736f25de002c6e33,frozen-export,Platform,Export CURRENT-v1,Historical,Frozen artifact export snapshot,-,-,-,info,support/historical
project-artifact-export/workspace/w0-rebuild/artifacts/Karen_Home_Reference_Artifacts_v1/02_backend_skeleton/apps/api/src/modules/search/presentation/search.controller.ts,.ts,209,ea761a01ee451aa46bb94c29406367ef79729c76ae4aae55f33dfd4f295879f7,frozen-export,Platform,Export CURRENT-v1,Historical,Frozen artifact export snapshot,-,-,-,info,support/historical
project-artifact-export/workspace/w0-rebuild/artifacts/Karen_Home_Reference_Artifacts_v1/02_backend_skeleton/apps/api/src/modules/search/search.module.ts,.ts,181,4d4752f65a8b8dce2dff859d6bd0b34feb6d80aa5761d89ca66940ae07ed908a,frozen-export,Platform,Export CURRENT-v1,Historical,Frozen artifact export snapshot,-,-,-,info,support/historical
project-artifact-export/workspace/w0-rebuild/artifacts/Karen_Home_Reference_Artifacts_v1/02_backend_skeleton/apps/api/tsconfig.json,.json,331,806dda9b70fb9b336185645c4763ba0bc6509d6c587af25f5b8b2ab9df106b57,frozen-export,Platform,Export CURRENT-v1,Historical,Frozen artifact export snapshot,-,-,-,info,support/historical
project-artifact-export/workspace/w0-rebuild/artifacts/Karen_Home_Reference_Artifacts_v1/02_backend_skeleton/docs/IMPLEMENTATION_STATUS.md,.md,583,2e337964b849047e314a418d24906f89c843f0dd010c286d303749c68c508991,frozen-export,Platform,Export CURRENT-v1,Historical,Frozen artifact export snapshot,-,-,-,info,support/historical
project-artifact-export/workspace/w0-rebuild/artifacts/Karen_Home_Reference_Artifacts_v1/02_backend_skeleton/docs/NEXT_GATE.md,.md,406,705150c31681255134a9757aa065ee5eb638ad858e2aab5353fa83146471d5b8,frozen-export,Platform,Export CURRENT-v1,Historical,Frozen artifact export snapshot,-,-,-,info,support/historical
project-artifact-export/workspace/w0-rebuild/artifacts/Karen_Home_Reference_Artifacts_v1/02_backend_skeleton/package.json,.json,287,0ccb9305d2f7e13a459c2b7a20015c3734251d06210ff7a0f607a73b75bdc166,frozen-export,Platform,Export CURRENT-v1,Historical,Frozen artifact export snapshot,-,-,-,info,support/historical
project-artifact-export/workspace/w0-rebuild/artifacts/Karen_Home_Reference_Artifacts_v1/02_backend_skeleton/packages/contracts/package.json,.json,113,0263d919d3c48793abf176dabe06476abc067e3bc5951a869cac26d746c48713,frozen-export,Platform,Export CURRENT-v1,Historical,Frozen artifact export snapshot,-,-,-,info,support/historical
project-artifact-export/workspace/w0-rebuild/artifacts/Karen_Home_Reference_Artifacts_v1/02_backend_skeleton/packages/contracts/src/index.ts,.ts,281,5cc88efe7c392a2f2f32ac82f15b927fe0c018fa47ba8bbcc9f065cb80837904,frozen-export,Platform,Export CURRENT-v1,Historical,Frozen artifact export snapshot,-,-,-,info,support/historical
project-artifact-export/workspace/w0-rebuild/artifacts/Karen_Home_Reference_Artifacts_v1/02_backend_skeleton/packages/db/package.json,.json,57,29d6e8ff3228109ebaaa44e91c5ee911849b7996087baf15ab635a303d46b216,frozen-export,Platform,Export CURRENT-v1,Historical,Frozen artifact export snapshot,-,-,-,info,support/historical
project-artifact-export/workspace/w0-rebuild/artifacts/Karen_Home_Reference_Artifacts_v1/02_backend_skeleton/packages/db/src/README.md,.md,285,c5d8de5d2804e164e4d2b86f96973e1c91785b5d6f110547f9df4a70e5a55d99,frozen-export,Platform,Export CURRENT-v1,Historical,Frozen artifact export snapshot,-,-,-,info,support/historical
project-artifact-export/workspace/w0-rebuild/artifacts/Karen_Home_Reference_Artifacts_v1/02_backend_skeleton/pnpm-workspace.yaml,.yaml,36,253208fa7c1b64372c219b9e19cef15ed70ca93b66a4d5c4c4d2297a5aff8880,frozen-export,Platform,Export CURRENT-v1,Historical,Frozen artifact export snapshot,-,-,-,info,support/historical
project-artifact-export/workspace/w0-rebuild/artifacts/Karen_Home_Reference_Artifacts_v1/03_backend_gate1/.env.example,.example,296,f84336f1c4d1153d0aa1a87b02dbf27a350a00cf97c77f58feaa9d62b0643621,frozen-export,Platform,Export CURRENT-v1,Historical,Frozen artifact export snapshot,-,-,-,info,support/historical
project-artifact-export/workspace/w0-rebuild/artifacts/Karen_Home_Reference_Artifacts_v1/03_backend_gate1/README.md,.md,1194,d0d01c1c1225f825fb735d3c24e273558a67d2f6d833f7487b2c447ecd5271bd,frozen-export,Platform,Export CURRENT-v1,Historical,Frozen artifact export snapshot,-,-,-,info,support/historical
project-artifact-export/workspace/w0-rebuild/artifacts/Karen_Home_Reference_Artifacts_v1/03_backend_gate1/apps/api/jest.config.js,.js,311,0fa227c014d18ce2431bc6ea2483e0cb47f33ce3111235d8bb140c1867d19c47,frozen-export,Platform,Export CURRENT-v1,Historical,Frozen artifact export snapshot,-,-,-,info,support/historical
project-artifact-export/workspace/w0-rebuild/artifacts/Karen_Home_Reference_Artifacts_v1/03_backend_gate1/apps/api/package.json,.json,922,ec8e3d3cc219235b4d79509c7b737e81593c0330c19feab8787b9e8b629d822f,frozen-export,Platform,Export CURRENT-v1,Historical,Frozen artifact export snapshot,-,-,-,info,support/historical
project-artifact-export/workspace/w0-rebuild/artifacts/Karen_Home_Reference_Artifacts_v1/03_backend_gate1/apps/api/src/app.module.ts,.ts,764,08db08600b08bd795a85dfa250c2aad3f81ba19a33da6d72cb56bd873eea60de,frozen-export,Platform,Export CURRENT-v1,Historical,Frozen artifact export snapshot,-,-,-,info,support/historical
project-artifact-export/workspace/w0-rebuild/artifacts/Karen_Home_Reference_Artifacts_v1/03_backend_gate1/apps/api/src/common/auth/access-token.guard.ts,.ts,1137,996145116e885ba5a716efb65580c41484d72098dc40010b7f9cb80b309bf3b3,frozen-export,Platform,Export CURRENT-v1,Historical,Frozen artifact export snapshot,-,-,-,security-critical,production-relevant
project-artifact-export/workspace/w0-rebuild/artifacts/Karen_Home_Reference_Artifacts_v1/03_backend_gate1/apps/api/src/common/auth/access-token.service.ts,.ts,1337,c1de030ead753d7ab52bf91ee6dd9d8913d6635ec37611da347f0502c9b3e586,frozen-export,Platform,Export CURRENT-v1,Historical,Frozen artifact export snapshot,-,-,-,security-critical,production-relevant
project-artifact-export/workspace/w0-rebuild/artifacts/Karen_Home_Reference_Artifacts_v1/03_backend_gate1/apps/api/src/common/auth/auth.spec.ts,.ts,450,00feceb9bdbcd28e8d33a9bf08369a3435b578b54a00f2736582318f738cce45,frozen-export,Platform,Export CURRENT-v1,Historical,Frozen artifact export snapshot,-,-,-,security-critical,production-relevant
project-artifact-export/workspace/w0-rebuild/artifacts/Karen_Home_Reference_Artifacts_v1/03_backend_gate1/apps/api/src/common/auth/auth.types.ts,.ts,237,41c51316498aabe338f74239758f24089d20e1898d6f9e7863fbd0c34797a74e,frozen-export,Platform,Export CURRENT-v1,Historical,Frozen artifact export snapshot,-,-,-,security-critical,production-relevant
project-artifact-export/workspace/w0-rebuild/artifacts/Karen_Home_Reference_Artifacts_v1/03_backend_gate1/apps/api/src/common/auth/current-user.decorator.ts,.ts,315,be9f0b7aed26e041578fab61a47b966d9a600699319c100db6ada803b2c03412,frozen-export,Platform,Export CURRENT-v1,Historical,Frozen artifact export snapshot,-,-,-,security-critical,production-relevant
project-artifact-export/workspace/w0-rebuild/artifacts/Karen_Home_Reference_Artifacts_v1/03_backend_gate1/apps/api/src/common/auth/permissions.decorator.ts,.ts,208,01e26f3aebfd11bbdc7122c477288525f5be78be179514808633c9754a67d684,frozen-export,Platform,Export CURRENT-v1,Historical,Frozen artifact export snapshot,-,-,-,security-critical,production-relevant
project-artifact-export/workspace/w0-rebuild/artifacts/Karen_Home_Reference_Artifacts_v1/03_backend_gate1/apps/api/src/common/auth/permissions.guard.ts,.ts,1132,ef3e4d61616b1944ead837a05d4d0a006f6fbacc3e333532f000e1e2a684872c,frozen-export,Platform,Export CURRENT-v1,Historical,Frozen artifact export snapshot,-,-,-,security-critical,production-relevant
project-artifact-export/workspace/w0-rebuild/artifacts/Karen_Home_Reference_Artifacts_v1/03_backend_gate1/apps/api/src/common/config/app-config.ts,.ts,1135,1c47d1c1f29b17465a8a28f8295b5d897f4c18428048fa2ad11246306b8a0a32,frozen-export,Platform,Export CURRENT-v1,Historical,Frozen artifact export snapshot,-,-,-,info,support/historical
project-artifact-export/workspace/w0-rebuild/artifacts/Karen_Home_Reference_Artifacts_v1/03_backend_gate1/apps/api/src/common/config/env.validation.ts,.ts,442,e6b178ddbd2243553a1212b15e1b1d5f23ece7d64033e65bda890ebe2b59b1b2,frozen-export,Platform,Export CURRENT-v1,Historical,Frozen artifact export snapshot,-,-,-,info,support/historical
project-artifact-export/workspace/w0-rebuild/artifacts/Karen_Home_Reference_Artifacts_v1/03_backend_gate1/apps/api/src/common/errors/http-exception.filter.ts,.ts,1767,1c66d10ad4a0f9a1d1cf549fe31993ee502ede81daec78583c8ac93d9a55b1d5,frozen-export,Platform,Export CURRENT-v1,Historical,Frozen artifact export snapshot,-,-,-,info,support/historical
project-artifact-export/workspace/w0-rebuild/artifacts/Karen_Home_Reference_Artifacts_v1/03_backend_gate1/apps/api/src/infrastructure/database.module.ts,.ts,777,078539c7034f44fd3c83b68d91dce3aba42aff21f34c9fe29bb8949498752ad7,frozen-export,Platform,Export CURRENT-v1,Historical,Frozen artifact export snapshot,-,-,-,info,support/historical
project-artifact-export/workspace/w0-rebuild/artifacts/Karen_Home_Reference_Artifacts_v1/03_backend_gate1/apps/api/src/main.ts,.ts,1000,71d8e4c9ad99deb577ea768e35c59d53df15558c14726350a7668109aae2c4b0,frozen-export,Platform,Export CURRENT-v1,Historical,Frozen artifact export snapshot,-,-,-,info,support/historical
project-artifact-export/workspace/w0-rebuild/artifacts/Karen_Home_Reference_Artifacts_v1/03_backend_gate1/apps/api/src/modules/health/health.module.ts,.ts,238,e5442f6039fdb4f9e3eb1210559d01a205ad99edef40cd703e81ff376e2c2ad2,frozen-export,Platform,Export CURRENT-v1,Historical,Frozen artifact export snapshot,-,-,-,info,support/historical
project-artifact-export/workspace/w0-rebuild/artifacts/Karen_Home_Reference_Artifacts_v1/03_backend_gate1/apps/api/src/modules/iam/application/iam.service.ts,.ts,5323,73fce8d52fe0ed31b1760ac07c205d77f1cf2d7d13e030fafc887729799eb864,frozen-export,Platform,Export CURRENT-v1,Historical,Frozen artifact export snapshot,-,-,-,security-critical,production-relevant
project-artifact-export/workspace/w0-rebuild/artifacts/Karen_Home_Reference_Artifacts_v1/03_backend_gate1/apps/api/src/modules/iam/domain/iam.errors.ts,.ts,157,73f0fcd21af62fcbf170059c41ab9f648e8d15ae0d59a88809a5e67be40ca34a,frozen-export,Platform,Export CURRENT-v1,Historical,Frozen artifact export snapshot,-,-,-,security-critical,production-relevant
project-artifact-export/workspace/w0-rebuild/artifacts/Karen_Home_Reference_Artifacts_v1/03_backend_gate1/apps/api/src/modules/iam/iam.module.ts,.ts,501,fa778145266bb985c7b13f53ab450fc5eb97474147c6a6b009eab35cad66a666,frozen-export,Platform,Export CURRENT-v1,Historical,Frozen artifact export snapshot,-,-,-,security-critical,production-relevant
project-artifact-export/workspace/w0-rebuild/artifacts/Karen_Home_Reference_Artifacts_v1/03_backend_gate1/apps/api/src/modules/iam/presentation/dto/login.dto.ts,.ts,249,9100ca20bea763e433df8cbd83698301a3c8075a08bbc552f51a70fada44e911,frozen-export,Platform,Export CURRENT-v1,Historical,Frozen artifact export snapshot,-,-,-,security-critical,production-relevant
project-artifact-export/workspace/w0-rebuild/artifacts/Karen_Home_Reference_Artifacts_v1/03_backend_gate1/apps/api/src/modules/iam/presentation/dto/refresh.dto.ts,.ts,135,eab106890e26cbae1cbe3ae11d2bab79a025d8231b146e27ab7e5545cb65bcca,frozen-export,Platform,Export CURRENT-v1,Historical,Frozen artifact export snapshot,-,-,-,security-critical,production-relevant
project-artifact-export/workspace/w0-rebuild/artifacts/Karen_Home_Reference_Artifacts_v1/03_backend_gate1/apps/api/src/modules/iam/presentation/dto/register.dto.ts,.ts,644,3be4d0d5558a9e0a65be86d474065fe43e6819c5bc583c557994881f0bb86a15,frozen-export,Platform,Export CURRENT-v1,Historical,Frozen artifact export snapshot,-,-,-,security-critical,production-relevant
project-artifact-export/workspace/w0-rebuild/artifacts/Karen_Home_Reference_Artifacts_v1/03_backend_gate1/apps/api/src/modules/iam/presentation/iam.controller.ts,.ts,1761,16b7509d420a0fd2f4451a2ca0ce238aa74e0161d8e7e6cd9d88b5b0a5af9071,frozen-export,Platform,Export CURRENT-v1,Historical,Frozen artifact export snapshot,-,-,-,security-critical,production-relevant
project-artifact-export/workspace/w0-rebuild/artifacts/Karen_Home_Reference_Artifacts_v1/03_backend_gate1/apps/api/src/modules/listings/listings.module.ts,.ts,189,4888be8f67880e51560fd94d9e6883505580dbe51a5f20177db6cc1d40f2e760,frozen-export,Platform,Export CURRENT-v1,Historical,Frozen artifact export snapshot,-,-,-,info,support/historical
project-artifact-export/workspace/w0-rebuild/artifacts/Karen_Home_Reference_Artifacts_v1/03_backend_gate1/apps/api/src/modules/listings/presentation/listings.controller.ts,.ts,363,24df2a61f433c207ae8ddcc6b7b196b3cf5ac5925dd6309c41610beee33f3efe,frozen-export,Platform,Export CURRENT-v1,Historical,Frozen artifact export snapshot,-,-,-,info,support/historical
project-artifact-export/workspace/w0-rebuild/artifacts/Karen_Home_Reference_Artifacts_v1/03_backend_gate1/apps/api/src/modules/properties/application/create-property.handler.ts,.ts,607,015c4307d562acebb5aa86ca268b12fa88071957f67b0f1f2c37770447d5ae62,frozen-export,Platform,Export CURRENT-v1,Historical,Frozen artifact export snapshot,-,-,-,info,support/historical
project-artifact-export/workspace/w0-rebuild/artifacts/Karen_Home_Reference_Artifacts_v1/03_backend_gate1/apps/api/src/modules/properties/domain/property.repository.ts,.ts,333,9a434be239114eb5f5e6e858d20369c4e3c80ea53a2ebae6b202a7b8c83e75a8,frozen-export,Platform,Export CURRENT-v1,Historical,Frozen artifact export snapshot,-,-,-,info,support/historical
project-artifact-export/workspace/w0-rebuild/artifacts/Karen_Home_Reference_Artifacts_v1/03_backend_gate1/apps/api/src/modules/properties/infrastructure/in-memory-property.repository.ts,.ts,352,3d7623e4468cd4b008708deb876a725bb378be40d313bc0ef968fb7d8b77070c,frozen-export,Platform,Export CURRENT-v1,Historical,Frozen artifact export snapshot,-,-,-,info,support/historical
project-artifact-export/workspace/w0-rebuild/artifacts/Karen_Home_Reference_Artifacts_v1/03_backend_gate1/apps/api/src/modules/properties/presentation/dto/create-property.dto.ts,.ts,237,7f1abb8a7a1a77d2a8f98c7d2f90b7cf8e0fe1a6fd2b3a65b6f6097b9063453c,frozen-export,Platform,Export CURRENT-v1,Historical,Frozen artifact export snapshot,-,-,-,info,support/historical
project-artifact-export/workspace/w0-rebuild/artifacts/Karen_Home_Reference_Artifacts_v1/03_backend_gate1/apps/api/src/modules/properties/presentation/properties.controller.ts,.ts,500,8b006df5c778cd7d93a3191c533be983a89220ad11e8ac2ef3c7254c8d8bbb47,frozen-export,Platform,Export CURRENT-v1,Historical,Frozen artifact export snapshot,-,-,-,info,support/historical
project-artifact-export/workspace/w0-rebuild/artifacts/Karen_Home_Reference_Artifacts_v1/03_backend_gate1/apps/api/src/modules/properties/properties.module.ts,.ts,564,60e0d1c7c17dcdce7f685fdee2da52c6c70ec5669db2c6f5736f25de002c6e33,frozen-export,Platform,Export CURRENT-v1,Historical,Frozen artifact export snapshot,-,-,-,info,support/historical
project-artifact-export/workspace/w0-rebuild/artifacts/Karen_Home_Reference_Artifacts_v1/03_backend_gate1/apps/api/src/modules/search/presentation/search.controller.ts,.ts,209,ea761a01ee451aa46bb94c29406367ef79729c76ae4aae55f33dfd4f295879f7,frozen-export,Platform,Export CURRENT-v1,Historical,Frozen artifact export snapshot,-,-,-,info,support/historical
project-artifact-export/workspace/w0-rebuild/artifacts/Karen_Home_Reference_Artifacts_v1/03_backend_gate1/apps/api/src/modules/search/search.module.ts,.ts,181,4d4752f65a8b8dce2dff859d6bd0b34feb6d80aa5761d89ca66940ae07ed908a,frozen-export,Platform,Export CURRENT-v1,Historical,Frozen artifact export snapshot,-,-,-,info,support/historical
project-artifact-export/workspace/w0-rebuild/artifacts/Karen_Home_Reference_Artifacts_v1/03_backend_gate1/apps/api/test/iam.service.spec.ts,.ts,657,3861246b378d1b295258a35e901a67036444e9602e8b82547626590f02e8cd85,frozen-export,Platform,Export CURRENT-v1,Historical,Frozen artifact export snapshot,-,-,-,security-critical,production-relevant
project-artifact-export/workspace/w0-rebuild/artifacts/Karen_Home_Reference_Artifacts_v1/03_backend_gate1/apps/api/test/jest-e2e.json,.json,242,c1acdb73764f2beb2365a388ef88c1256f1be321d62de05a1ce713d1b73d7f11,frozen-export,Platform,Export CURRENT-v1,Historical,Frozen artifact export snapshot,-,-,-,info,support/historical
project-artifact-export/workspace/w0-rebuild/artifacts/Karen_Home_Reference_Artifacts_v1/03_backend_gate1/apps/api/tsconfig.json,.json,331,806dda9b70fb9b336185645c4763ba0bc6509d6c587af25f5b8b2ab9df106b57,frozen-export,Platform,Export CURRENT-v1,Historical,Frozen artifact export snapshot,-,-,-,info,support/historical
project-artifact-export/workspace/w0-rebuild/artifacts/Karen_Home_Reference_Artifacts_v1/03_backend_gate1/docs/IMPLEMENTATION_GATE_1.md,.md,1804,c89bc4983656a272c1b37b28810e4b310bc8e44fa87230fbebc3c26786b9dbc2,frozen-export,Platform,Export CURRENT-v1,Historical,Frozen artifact export snapshot,-,-,-,info,support/historical
project-artifact-export/workspace/w0-rebuild/artifacts/Karen_Home_Reference_Artifacts_v1/03_backend_gate1/docs/IMPLEMENTATION_STATUS.md,.md,583,2e337964b849047e314a418d24906f89c843f0dd010c286d303749c68c508991,frozen-export,Platform,Export CURRENT-v1,Historical,Frozen artifact export snapshot,-,-,-,info,support/historical
project-artifact-export/workspace/w0-rebuild/artifacts/Karen_Home_Reference_Artifacts_v1/03_backend_gate1/docs/NEXT_GATE.md,.md,406,705150c31681255134a9757aa065ee5eb638ad858e2aab5353fa83146471d5b8,frozen-export,Platform,Export CURRENT-v1,Historical,Frozen artifact export snapshot,-,-,-,info,support/historical
project-artifact-export/workspace/w0-rebuild/artifacts/Karen_Home_Reference_Artifacts_v1/03_backend_gate1/package.json,.json,599,5327a5a44541ae51bc1077b9cc92129c055df51ecd1bf4ff626a166d567b12d5,frozen-export,Platform,Export CURRENT-v1,Historical,Frozen artifact export snapshot,-,-,-,info,support/historical
project-artifact-export/workspace/w0-rebuild/artifacts/Karen_Home_Reference_Artifacts_v1/03_backend_gate1/packages/contracts/package.json,.json,113,0263d919d3c48793abf176dabe06476abc067e3bc5951a869cac26d746c48713,frozen-export,Platform,Export CURRENT-v1,Historical,Frozen artifact export snapshot,-,-,-,info,support/historical
project-artifact-export/workspace/w0-rebuild/artifacts/Karen_Home_Reference_Artifacts_v1/03_backend_gate1/packages/contracts/src/index.ts,.ts,545,36b00e8a2fc73758d2e27ea6cbd87a03d9386b6aff60f86d8318b5a034df6f59,frozen-export,Platform,Export CURRENT-v1,Historical,Frozen artifact export snapshot,-,-,-,info,support/historical
project-artifact-export/workspace/w0-rebuild/artifacts/Karen_Home_Reference_Artifacts_v1/03_backend_gate1/packages/db/package.json,.json,367,6eadbba2ee4a3938a85b3cb78f2693e52fc647054f19f77aad11403889af0f56,frozen-export,Platform,Export CURRENT-v1,Historical,Frozen artifact export snapshot,-,-,-,info,support/historical
project-artifact-export/workspace/w0-rebuild/artifacts/Karen_Home_Reference_Artifacts_v1/03_backend_gate1/packages/db/src/README.md,.md,293,4852ae52a10eeecfaa43a9b590686df6aba35c8658b157dc260978b17a9ed221,frozen-export,Platform,Export CURRENT-v1,Historical,Frozen artifact export snapshot,-,-,-,info,support/historical
project-artifact-export/workspace/w0-rebuild/artifacts/Karen_Home_Reference_Artifacts_v1/03_backend_gate1/packages/db/src/iam-repository.ts,.ts,6116,49fe79fd36321cecf117b6934d88fa62df3398b31fb7a4ded7213e64e707d727,frozen-export,Platform,Export CURRENT-v1,Historical,Frozen artifact export snapshot,-,-,-,security-critical,production-relevant
project-artifact-export/workspace/w0-rebuild/artifacts/Karen_Home_Reference_Artifacts_v1/03_backend_gate1/packages/db/src/index.ts,.ts,71,1d2cf51545fb15c8979246a2f73c5f6b01d4bbfc8c05865097b1af10d8edbe72,frozen-export,Platform,Export CURRENT-v1,Historical,Frozen artifact export snapshot,-,-,-,info,support/historical
project-artifact-export/workspace/w0-rebuild/artifacts/Karen_Home_Reference_Artifacts_v1/03_backend_gate1/packages/db/src/postgres-database.ts,.ts,1593,85c92ed1ddecf1b6adc5f70d8cd9578d6f60d10ea2dfda3039ad2fe6f8fd7861,frozen-export,Platform,Export CURRENT-v1,Historical,Frozen artifact export snapshot,-,-,-,info,support/historical
project-artifact-export/workspace/w0-rebuild/artifacts/Karen_Home_Reference_Artifacts_v1/03_backend_gate1/packages/db/tsconfig.json,.json,309,4ba87aeb53eb637bbfaada247a414c1e859e47c838d667795c837e4309a4a542,frozen-export,Platform,Export CURRENT-v1,Historical,Frozen artifact export snapshot,-,-,-,info,support/historical
project-artifact-export/workspace/w0-rebuild/artifacts/Karen_Home_Reference_Artifacts_v1/03_backend_gate1/pnpm-workspace.yaml,.yaml,36,253208fa7c1b64372c219b9e19cef15ed70ca93b66a4d5c4c4d2297a5aff8880,frozen-export,Platform,Export CURRENT-v1,Historical,Frozen artifact export snapshot,-,-,-,info,support/historical
project-artifact-export/workspace/w0-rebuild/artifacts/Karen_Home_Reference_Artifacts_v1/04_backend_gate2/.env.example,.example,369,9fd5b35efb0399c22b59a163632cec9e6833870dd2554516af657c6880a0258e,frozen-export,Platform,Export CURRENT-v1,Historical,Frozen artifact export snapshot,-,-,-,info,support/historical
project-artifact-export/workspace/w0-rebuild/artifacts/Karen_Home_Reference_Artifacts_v1/04_backend_gate2/README.md,.md,879,88c58f09a458b59c767ad72f2bafdb3e5c6ad60e65ce69a0c15c7db6a7b221b0,frozen-export,Platform,Export CURRENT-v1,Historical,Frozen artifact export snapshot,-,-,-,info,support/historical
project-artifact-export/workspace/w0-rebuild/artifacts/Karen_Home_Reference_Artifacts_v1/04_backend_gate2/apps/api/jest.config.js,.js,311,0fa227c014d18ce2431bc6ea2483e0cb47f33ce3111235d8bb140c1867d19c47,frozen-export,Platform,Export CURRENT-v1,Historical,Frozen artifact export snapshot,-,-,-,info,support/historical
project-artifact-export/workspace/w0-rebuild/artifacts/Karen_Home_Reference_Artifacts_v1/04_backend_gate2/apps/api/nest-cli.json,.json,117,923a037ebaf2bc590c7ae65359551c6476e30ab79f854a03c29704b7f0817f5c,frozen-export,Platform,Export CURRENT-v1,Historical,Frozen artifact export snapshot,-,-,-,info,support/historical
project-artifact-export/workspace/w0-rebuild/artifacts/Karen_Home_Reference_Artifacts_v1/04_backend_gate2/apps/api/package.json,.json,1002,dc2387bbd070e9cb3f2b5cb2a51cc9654d2153296673d3bc222002a445dbe632,frozen-export,Platform,Export CURRENT-v1,Historical,Frozen artifact export snapshot,-,-,-,info,support/historical
project-artifact-export/workspace/w0-rebuild/artifacts/Karen_Home_Reference_Artifacts_v1/04_backend_gate2/apps/api/src/app.module.ts,.ts,866,b46643c27a42d3f99834fd4fb074ac72f5ffa9af0a96932bf8c52ef0ce00eb0f,frozen-export,Platform,Export CURRENT-v1,Historical,Frozen artifact export snapshot,-,-,-,info,support/historical
project-artifact-export/workspace/w0-rebuild/artifacts/Karen_Home_Reference_Artifacts_v1/04_backend_gate2/apps/api/src/common/auth/access-token.guard.ts,.ts,1405,4a6f8e021ec5f81ce482428f1f2db6cbebba4fc2b283810bbd92970e70f0bf6a,frozen-export,Platform,Export CURRENT-v1,Historical,Frozen artifact export snapshot,-,-,-,security-critical,production-relevant
project-artifact-export/workspace/w0-rebuild/artifacts/Karen_Home_Reference_Artifacts_v1/04_backend_gate2/apps/api/src/common/auth/access-token.service.ts,.ts,1215,fc9f1a1981597fff833450388b25f1023f416d35a7ea682991d1bf0aca467e2b,frozen-export,Platform,Export CURRENT-v1,Historical,Frozen artifact export snapshot,-,-,-,security-critical,production-relevant
project-artifact-export/workspace/w0-rebuild/artifacts/Karen_Home_Reference_Artifacts_v1/04_backend_gate2/apps/api/src/common/auth/auth.spec.ts,.ts,450,00feceb9bdbcd28e8d33a9bf08369a3435b578b54a00f2736582318f738cce45,frozen-export,Platform,Export CURRENT-v1,Historical,Frozen artifact export snapshot,-,-,-,security-critical,production-relevant
project-artifact-export/workspace/w0-rebuild/artifacts/Karen_Home_Reference_Artifacts_v1/04_backend_gate2/apps/api/src/common/auth/auth.types.ts,.ts,259,98228ff28564b9f51398c932940ee4a5193d3fbd0cd75470d67d3bb57cbf2a6a,frozen-export,Platform,Export CURRENT-v1,Historical,Frozen artifact export snapshot,-,-,-,security-critical,production-relevant
project-artifact-export/workspace/w0-rebuild/artifacts/Karen_Home_Reference_Artifacts_v1/04_backend_gate2/apps/api/src/common/auth/current-user.decorator.ts,.ts,315,be9f0b7aed26e041578fab61a47b966d9a600699319c100db6ada803b2c03412,frozen-export,Platform,Export CURRENT-v1,Historical,Frozen artifact export snapshot,-,-,-,security-critical,production-relevant
project-artifact-export/workspace/w0-rebuild/artifacts/Karen_Home_Reference_Artifacts_v1/04_backend_gate2/apps/api/src/common/auth/permissions.decorator.ts,.ts,208,01e26f3aebfd11bbdc7122c477288525f5be78be179514808633c9754a67d684,frozen-export,Platform,Export CURRENT-v1,Historical,Frozen artifact export snapshot,-,-,-,security-critical,production-relevant
project-artifact-export/workspace/w0-rebuild/artifacts/Karen_Home_Reference_Artifacts_v1/04_backend_gate2/apps/api/src/common/auth/permissions.guard.ts,.ts,1596,3c0dc2c3440ca05f87086bc0376f22316c61977092bd5490a1c07f5d254462f8,frozen-export,Platform,Export CURRENT-v1,Historical,Frozen artifact export snapshot,-,-,-,security-critical,production-relevant
project-artifact-export/workspace/w0-rebuild/artifacts/Karen_Home_Reference_Artifacts_v1/04_backend_gate2/apps/api/src/common/config/app-config.ts,.ts,2083,8aefbbd1e15e0ab13dfa4bfc9975269fe008a6bd97e169d47ca5f4147c8ca0f7,frozen-export,Platform,Export CURRENT-v1,Historical,Frozen artifact export snapshot,-,-,-,info,support/historical
project-artifact-export/workspace/w0-rebuild/artifacts/Karen_Home_Reference_Artifacts_v1/04_backend_gate2/apps/api/src/common/config/env.validation.ts,.ts,1177,af8d33f06e0b8268af913a0f3ba6539f99aefd19067937de6f726cfb26859401,frozen-export,Platform,Export CURRENT-v1,Historical,Frozen artifact export snapshot,-,-,-,info,support/historical
project-artifact-export/workspace/w0-rebuild/artifacts/Karen_Home_Reference_Artifacts_v1/04_backend_gate2/apps/api/src/common/errors/http-exception.filter.ts,.ts,2691,2e9e90817263aea5f12349128dbb9f06a363c4fc6d6d72d15d311d70a27d7116,frozen-export,Platform,Export CURRENT-v1,Historical,Frozen artifact export snapshot,-,-,-,info,support/historical
project-artifact-export/workspace/w0-rebuild/artifacts/Karen_Home_Reference_Artifacts_v1/04_backend_gate2/apps/api/src/infrastructure/database.module.ts,.ts,1576,dcda6d7f70961d8d6e01e98427988e87a5afa03e318a76bfea82236f3e325228,frozen-export,Platform,Export CURRENT-v1,Historical,Frozen artifact export snapshot,-,-,-,info,support/historical
project-artifact-export/workspace/w0-rebuild/artifacts/Karen_Home_Reference_Artifacts_v1/04_backend_gate2/apps/api/src/main.ts,.ts,1345,9d69693dd3eae706f5146dbf532d4c53781d4ca6d8038d196bd73a17755ed130,frozen-export,Platform,Export CURRENT-v1,Historical,Frozen artifact export snapshot,-,-,-,info,support/historical
project-artifact-export/workspace/w0-rebuild/artifacts/Karen_Home_Reference_Artifacts_v1/04_backend_gate2/apps/api/src/modules/authorization/authorization.module.ts,.ts,338,4e543f45605e5834ba3aefffe4d57ca3f2f065fb73cb1e235cf31823782cb755,frozen-export,Platform,Export CURRENT-v1,Historical,Frozen artifact export snapshot,-,-,-,security-critical,production-relevant
project-artifact-export/workspace/w0-rebuild/artifacts/Karen_Home_Reference_Artifacts_v1/04_backend_gate2/apps/api/src/modules/health/health.module.ts,.ts,644,7a0a2be7c65499871df51d5bcdd7cbbf06e812c67174c3a6876894e8642aa826,frozen-export,Platform,Export CURRENT-v1,Historical,Frozen artifact export snapshot,-,-,-,info,support/historical
project-artifact-export/workspace/w0-rebuild/artifacts/Karen_Home_Reference_Artifacts_v1/04_backend_gate2/apps/api/src/modules/iam/application/iam.service.ts,.ts,5912,12e3b2ecd4bdd681cd13d876d997357ba651d550361bb87808fc4e6c0df4e073,frozen-export,Platform,Export CURRENT-v1,Historical,Frozen artifact export snapshot,-,-,-,security-critical,production-relevant
project-artifact-export/workspace/w0-rebuild/artifacts/Karen_Home_Reference_Artifacts_v1/04_backend_gate2/apps/api/src/modules/iam/domain/iam.errors.ts,.ts,157,73f0fcd21af62fcbf170059c41ab9f648e8d15ae0d59a88809a5e67be40ca34a,frozen-export,Platform,Export CURRENT-v1,Historical,Frozen artifact export snapshot,-,-,-,security-critical,production-relevant
project-artifact-export/workspace/w0-rebuild/artifacts/Karen_Home_Reference_Artifacts_v1/04_backend_gate2/apps/api/src/modules/iam/iam.module.ts,.ts,501,fa778145266bb985c7b13f53ab450fc5eb97474147c6a6b009eab35cad66a666,frozen-export,Platform,Export CURRENT-v1,Historical,Frozen artifact export snapshot,-,-,-,security-critical,production-relevant
project-artifact-export/workspace/w0-rebuild/artifacts/Karen_Home_Reference_Artifacts_v1/04_backend_gate2/apps/api/src/modules/iam/presentation/dto/login.dto.ts,.ts,193,9e1bee41d12c9cb006c0ed709395abd7fc3678ee00addc6cb82ae08b7dbf3b25,frozen-export,Platform,Export CURRENT-v1,Historical,Frozen artifact export snapshot,-,-,-,security-critical,production-relevant
project-artifact-export/workspace/w0-rebuild/artifacts/Karen_Home_Reference_Artifacts_v1/04_backend_gate2/apps/api/src/modules/iam/presentation/dto/refresh.dto.ts,.ts,135,eab106890e26cbae1cbe3ae11d2bab79a025d8231b146e27ab7e5545cb65bcca,frozen-export,Platform,Export CURRENT-v1,Historical,Frozen artifact export snapshot,-,-,-,security-critical,production-relevant
project-artifact-export/workspace/w0-rebuild/artifacts/Karen_Home_Reference_Artifacts_v1/04_backend_gate2/apps/api/src/modules/iam/presentation/dto/register.dto.ts,.ts,644,3be4d0d5558a9e0a65be86d474065fe43e6819c5bc583c557994881f0bb86a15,frozen-export,Platform,Export CURRENT-v1,Historical,Frozen artifact export snapshot,-,-,-,security-critical,production-relevant
project-artifact-export/workspace/w0-rebuild/artifacts/Karen_Home_Reference_Artifacts_v1/04_backend_gate2/apps/api/src/modules/iam/presentation/iam.controller.ts,.ts,1736,88c69f02c93eb6c758c6d2bcb3ee1743d869fad1625be4f7301ea761c904c718,frozen-export,Platform,Export CURRENT-v1,Historical,Frozen artifact export snapshot,-,-,-,security-critical,production-relevant
project-artifact-export/workspace/w0-rebuild/artifacts/Karen_Home_Reference_Artifacts_v1/04_backend_gate2/apps/api/src/modules/listings/application/listing.service.ts,.ts,5770,83a271762ab61211563ea745af914c812a8e8f9334d7598982a86ba8718c2ac5,frozen-export,Platform,Export CURRENT-v1,Historical,Frozen artifact export snapshot,-,-,-,info,support/historical
project-artifact-export/workspace/w0-rebuild/artifacts/Karen_Home_Reference_Artifacts_v1/04_backend_gate2/apps/api/src/modules/listings/domain/listing-state.machine.ts,.ts,827,ab54d53cd0f7fb6f49171f379c7e9700657ca31a0222f99733964e0754aa99b5,frozen-export,Platform,Export CURRENT-v1,Historical,Frozen artifact export snapshot,-,-,-,info,support/historical
project-artifact-export/workspace/w0-rebuild/artifacts/Karen_Home_Reference_Artifacts_v1/04_backend_gate2/apps/api/src/modules/listings/listings.module.ts,.ts,391,9ef50ff1f5ea64d113785f7b8310e9a577904167281568a48d0b8f7e794cbf13,frozen-export,Platform,Export CURRENT-v1,Historical,Frozen artifact export snapshot,-,-,-,info,support/historical
project-artifact-export/workspace/w0-rebuild/artifacts/Karen_Home_Reference_Artifacts_v1/04_backend_gate2/apps/api/src/modules/listings/presentation/dto/attach-media.dto.ts,.ts,325,78dad222500bc65713545b319fe7c4235acbd2bff45679dae7133546c822355a,frozen-export,Platform,Export CURRENT-v1,Historical,Frozen artifact export snapshot,-,-,-,info,support/historical
project-artifact-export/workspace/w0-rebuild/artifacts/Karen_Home_Reference_Artifacts_v1/04_backend_gate2/apps/api/src/modules/listings/presentation/dto/create-listing.dto.ts,.ts,727,c2c2a0aee39048557ef6aa8edebe0166489dbb2f416b8819f11eae56f2821dcc,frozen-export,Platform,Export CURRENT-v1,Historical,Frozen artifact export snapshot,-,-,-,info,support/historical
project-artifact-export/workspace/w0-rebuild/artifacts/Karen_Home_Reference_Artifacts_v1/04_backend_gate2/apps/api/src/modules/listings/presentation/dto/state-transition.dto.ts,.ts,227,4e8c3ae0b4877ac70746b9031fc771d8fb416d289599f7d4c82ba22cb06b2dfe,frozen-export,Platform,Export CURRENT-v1,Historical,Frozen artifact export snapshot,-,-,-,info,support/historical
project-artifact-export/workspace/w0-rebuild/artifacts/Karen_Home_Reference_Artifacts_v1/04_backend_gate2/apps/api/src/modules/listings/presentation/listings.controller.ts,.ts,2816,95601088e83cda5fa6bcc84c8a2670a14d75256d4f6975190694443eceeda155,frozen-export,Platform,Export CURRENT-v1,Historical,Frozen artifact export snapshot,-,-,-,info,support/historical
project-artifact-export/workspace/w0-rebuild/artifacts/Karen_Home_Reference_Artifacts_v1/04_backend_gate2/apps/api/src/modules/properties/application/assign-owner.handler.ts,.ts,1248,c53e32970f7424b58ffac00e756ab47537e3d08a7f7f4fe61ae3299199cf88f7,frozen-export,Platform,Export CURRENT-v1,Historical,Frozen artifact export snapshot,-,-,-,info,support/historical
project-artifact-export/workspace/w0-rebuild/artifacts/Karen_Home_Reference_Artifacts_v1/04_backend_gate2/apps/api/src/modules/properties/application/create-property.handler.ts,.ts,595,ee5e5014ee7444d6daff57841eda9f077338c5d76d890b6cb9c945d70cc4e5f2,frozen-export,Platform,Export CURRENT-v1,Historical,Frozen artifact export snapshot,-,-,-,info,support/historical
project-artifact-export/workspace/w0-rebuild/artifacts/Karen_Home_Reference_Artifacts_v1/04_backend_gate2/apps/api/src/modules/properties/domain/property.repository.ts,.ts,173,3c293a6f10eab76b9cb7171bb7baf5a79765b0659e0b3674cd5171223a3fc001,frozen-export,Platform,Export CURRENT-v1,Historical,Frozen artifact export snapshot,-,-,-,info,support/historical
project-artifact-export/workspace/w0-rebuild/artifacts/Karen_Home_Reference_Artifacts_v1/04_backend_gate2/apps/api/src/modules/properties/presentation/dto/assign-owner.dto.ts,.ts,397,19d0b8e89c3b8d38beed488df6928c1f2633127e1e9e483a0dfe1720dffc9b41,frozen-export,Platform,Export CURRENT-v1,Historical,Frozen artifact export snapshot,-,-,-,info,support/historical
project-artifact-export/workspace/w0-rebuild/artifacts/Karen_Home_Reference_Artifacts_v1/04_backend_gate2/apps/api/src/modules/properties/presentation/dto/create-property.dto.ts,.ts,302,88355cc20769fe4a84a68c60861ddd8515e354023679a3a373cbc70d44726edb,frozen-export,Platform,Export CURRENT-v1,Historical,Frozen artifact export snapshot,-,-,-,info,support/historical
project-artifact-export/workspace/w0-rebuild/artifacts/Karen_Home_Reference_Artifacts_v1/04_backend_gate2/apps/api/src/modules/properties/presentation/properties.controller.ts,.ts,1520,a256e6ac11fd27629c8a4b692e1561baaf2ff79d368419c8de18e4ac54de9a71,frozen-export,Platform,Export CURRENT-v1,Historical,Frozen artifact export snapshot,-,-,-,info,support/historical
project-artifact-export/workspace/w0-rebuild/artifacts/Karen_Home_Reference_Artifacts_v1/04_backend_gate2/apps/api/src/modules/properties/properties.module.ts,.ts,514,9610e349bfca78d5579d9014eaafe6ed24eb08e7741cfc4947ac54f96aeeda98,frozen-export,Platform,Export CURRENT-v1,Historical,Frozen artifact export snapshot,-,-,-,info,support/historical
project-artifact-export/workspace/w0-rebuild/artifacts/Karen_Home_Reference_Artifacts_v1/04_backend_gate2/apps/api/src/modules/search/presentation/search.controller.ts,.ts,286,ffcc123dda9a442e7ca514f6629b8a62244cc559b9f607b0a3937b8ce0c118bf,frozen-export,Platform,Export CURRENT-v1,Historical,Frozen artifact export snapshot,-,-,-,info,support/historical
project-artifact-export/workspace/w0-rebuild/artifacts/Karen_Home_Reference_Artifacts_v1/04_backend_gate2/apps/api/src/modules/search/search.module.ts,.ts,181,4d4752f65a8b8dce2dff859d6bd0b34feb6d80aa5761d89ca66940ae07ed908a,frozen-export,Platform,Export CURRENT-v1,Historical,Frozen artifact export snapshot,-,-,-,info,support/historical
project-artifact-export/workspace/w0-rebuild/artifacts/Karen_Home_Reference_Artifacts_v1/04_backend_gate2/apps/api/test/iam.service.spec.ts,.ts,657,3861246b378d1b295258a35e901a67036444e9602e8b82547626590f02e8cd85,frozen-export,Platform,Export CURRENT-v1,Historical,Frozen artifact export snapshot,-,-,-,security-critical,production-relevant
project-artifact-export/workspace/w0-rebuild/artifacts/Karen_Home_Reference_Artifacts_v1/04_backend_gate2/apps/api/test/integration/db.integration.spec.ts,.ts,536,f30aaf04fbea0ab0574715de94ed89ce15f83f2e3d2a6484ee3d9b9d70ffb4dd,frozen-export,Platform,Export CURRENT-v1,Historical,Frozen artifact export snapshot,-,-,-,info,support/historical
project-artifact-export/workspace/w0-rebuild/artifacts/Karen_Home_Reference_Artifacts_v1/04_backend_gate2/apps/api/test/jest-e2e.json,.json,242,c1acdb73764f2beb2365a388ef88c1256f1be321d62de05a1ce713d1b73d7f11,frozen-export,Platform,Export CURRENT-v1,Historical,Frozen artifact export snapshot,-,-,-,info,support/historical
project-artifact-export/workspace/w0-rebuild/artifacts/Karen_Home_Reference_Artifacts_v1/04_backend_gate2/apps/api/test/jest-integration.json,.json,254,a357df6a6736301786ba4d054f7d5c4b7306695ff23cc7dfc604617fb0af974a,frozen-export,Platform,Export CURRENT-v1,Historical,Frozen artifact export snapshot,-,-,-,info,support/historical
project-artifact-export/workspace/w0-rebuild/artifacts/Karen_Home_Reference_Artifacts_v1/04_backend_gate2/apps/api/test/listing-state.machine.spec.ts,.ts,809,55912d22bdae95f7ef1d64935afc6f2d2f7637057a09b658889c3598e95af283,frozen-export,Platform,Export CURRENT-v1,Historical,Frozen artifact export snapshot,-,-,-,info,support/historical
project-artifact-export/workspace/w0-rebuild/artifacts/Karen_Home_Reference_Artifacts_v1/04_backend_gate2/apps/api/test/property.repository.contract.spec.ts,.ts,367,583526b10b583f1bacfa0a00ceaa36535e506806921f8d607f0f3e2cdbe23da8,frozen-export,Platform,Export CURRENT-v1,Historical,Frozen artifact export snapshot,-,-,-,info,support/historical
project-artifact-export/workspace/w0-rebuild/artifacts/Karen_Home_Reference_Artifacts_v1/04_backend_gate2/apps/api/tsconfig.json,.json,331,806dda9b70fb9b336185645c4763ba0bc6509d6c587af25f5b8b2ab9df106b57,frozen-export,Platform,Export CURRENT-v1,Historical,Frozen artifact export snapshot,-,-,-,info,support/historical
project-artifact-export/workspace/w0-rebuild/artifacts/Karen_Home_Reference_Artifacts_v1/04_backend_gate2/database/base/enterprise_real_estate_schema_frozen_v1.sql,.sql,93699,166dc3b0134538819db064d871dca6950c267dc9708f79c4fcd018617dd51e30,frozen-export,Platform,Export CURRENT-v1,Historical,Frozen artifact export snapshot,-,-,-,data-integrity,support/historical
project-artifact-export/workspace/w0-rebuild/artifacts/Karen_Home_Reference_Artifacts_v1/04_backend_gate2/database/errata/0024_backend_critical_hardening.sql,.sql,5280,f2de8d451475ecaffc5ff75563c70780434a481cf649241766d57eed2764f898,frozen-export,Platform,Export CURRENT-v1,Historical,Frozen artifact export snapshot,-,-,-,data-integrity,support/historical
project-artifact-export/workspace/w0-rebuild/artifacts/Karen_Home_Reference_Artifacts_v1/04_backend_gate2/database/errata/0025_additional_indexes.sql,.sql,422,9064790b6038d90f8eae7683a8818f04ccdb002d672862728b0001256629bae9,frozen-export,Platform,Export CURRENT-v1,Historical,Frozen artifact export snapshot,-,-,-,data-integrity,support/historical
project-artifact-export/workspace/w0-rebuild/artifacts/Karen_Home_Reference_Artifacts_v1/04_backend_gate2/database/errata/0026_outbox_claiming.sql,.sql,277,1600280b3f639a76cc754d4ffe26d7c2d4ce075edd513a8a9605519e687c510e,frozen-export,Platform,Export CURRENT-v1,Historical,Frozen artifact export snapshot,-,-,-,data-integrity,support/historical
project-artifact-export/workspace/w0-rebuild/artifacts/Karen_Home_Reference_Artifacts_v1/04_backend_gate2/database/verify/critical-invariants.sql,.sql,832,0d8f44490f93385c860e3c9ebfc690494f6c42c9ec5e80ee540e4d90cb0b6026,frozen-export,Platform,Export CURRENT-v1,Historical,Frozen artifact export snapshot,-,-,-,data-integrity,support/historical
project-artifact-export/workspace/w0-rebuild/artifacts/Karen_Home_Reference_Artifacts_v1/04_backend_gate2/docker-compose.postgres.yml,.yml,455,e0eb695653211fcff6a82f01bb4851447186479ab3e74d21c9ea622779fc7f70,frozen-export,Platform,Export CURRENT-v1,Historical,Frozen artifact export snapshot,-,-,-,info,support/historical
project-artifact-export/workspace/w0-rebuild/artifacts/Karen_Home_Reference_Artifacts_v1/04_backend_gate2/docs/API_CONTRACT_DELTA_GATE2.md,.md,870,250179f4da66bb712d3f408ae41398cc591879cbcaac12070ad029d199b7ab9e,frozen-export,Platform,Export CURRENT-v1,Historical,Frozen artifact export snapshot,-,-,-,info,support/historical
project-artifact-export/workspace/w0-rebuild/artifacts/Karen_Home_Reference_Artifacts_v1/04_backend_gate2/docs/DEEP_AUDIT_GATE1_FILE_BY_FILE.md,.md,10282,903e847c7aeae539c6c71f073588ea028028e13074264bb2ed3631db598832c2,frozen-export,Platform,Export CURRENT-v1,Historical,Frozen artifact export snapshot,-,-,-,info,support/historical
project-artifact-export/workspace/w0-rebuild/artifacts/Karen_Home_Reference_Artifacts_v1/04_backend_gate2/docs/FILE_INVENTORY_GATE2.txt,.txt,3501,7ec75081a861f3f5ca56334736636a8678cfcb51b42da9b8358babe6db0827e8,frozen-export,Platform,Export CURRENT-v1,Historical,Frozen artifact export snapshot,-,-,-,info,support/historical
project-artifact-export/workspace/w0-rebuild/artifacts/Karen_Home_Reference_Artifacts_v1/04_backend_gate2/docs/GATE2_CORE_DOMAIN.md,.md,1384,aa2f41cf36d5dd0c3c036b11d7403f53f91e6295346bee71d0f5c72d664af2fc,frozen-export,Platform,Export CURRENT-v1,Historical,Frozen artifact export snapshot,-,-,-,info,support/historical
project-artifact-export/workspace/w0-rebuild/artifacts/Karen_Home_Reference_Artifacts_v1/04_backend_gate2/docs/GATE2_MANIFEST.md,.md,1367,f31e55762acaa8fa78b8f7dd82b485d59b5cd167fdef506ef184b3b469fc6010,frozen-export,Platform,Export CURRENT-v1,Historical,Frozen artifact export snapshot,-,-,-,info,support/historical
project-artifact-export/workspace/w0-rebuild/artifacts/Karen_Home_Reference_Artifacts_v1/04_backend_gate2/docs/IMPLEMENTATION_GATE_1.md,.md,114,8fd3ab6e54d9feec18497b1b0789c62868124fdd660e4fbbe3000f3b85ecfbaa,frozen-export,Platform,Export CURRENT-v1,Historical,Frozen artifact export snapshot,-,-,-,info,support/historical
project-artifact-export/workspace/w0-rebuild/artifacts/Karen_Home_Reference_Artifacts_v1/04_backend_gate2/docs/IMPLEMENTATION_GATE_2.md,.md,288,bd83a69f8d244e862f696f0611080186629afbef13e67425e3cf28f7020d6e99,frozen-export,Platform,Export CURRENT-v1,Historical,Frozen artifact export snapshot,-,-,-,info,support/historical
project-artifact-export/workspace/w0-rebuild/artifacts/Karen_Home_Reference_Artifacts_v1/04_backend_gate2/docs/IMPLEMENTATION_STATUS.md,.md,583,2e337964b849047e314a418d24906f89c843f0dd010c286d303749c68c508991,frozen-export,Platform,Export CURRENT-v1,Historical,Frozen artifact export snapshot,-,-,-,info,support/historical
project-artifact-export/workspace/w0-rebuild/artifacts/Karen_Home_Reference_Artifacts_v1/04_backend_gate2/docs/NEXT_GATE.md,.md,176,9b2bbe36ae6997dc3641bcf820bc7c799207fe8946d2934571067d972a1e65d7,frozen-export,Platform,Export CURRENT-v1,Historical,Frozen artifact export snapshot,-,-,-,info,support/historical
project-artifact-export/workspace/w0-rebuild/artifacts/Karen_Home_Reference_Artifacts_v1/04_backend_gate2/docs/SCHEMA_ERRATA_1_1.md,.md,966,114d79921cd4feb1d7959f55d8ec4600d8d425586f9d3285ec9413147648fef4,frozen-export,Platform,Export CURRENT-v1,Historical,Frozen artifact export snapshot,-,-,-,info,support/historical
project-artifact-export/workspace/w0-rebuild/artifacts/Karen_Home_Reference_Artifacts_v1/04_backend_gate2/docs/SHA256SUMS.txt,.txt,9025,6cc65964715c9e7d87522272b0613186fdc7abed4f9dcc163422a7d5f2fcdb6c,frozen-export,Platform,Export CURRENT-v1,Historical,Frozen artifact export snapshot,-,-,-,info,support/historical
project-artifact-export/workspace/w0-rebuild/artifacts/Karen_Home_Reference_Artifacts_v1/04_backend_gate2/docs/STATIC_REVIEW_CHECKS.md,.md,1189,0dbc512990eed73fffeda31d83f8f8feed5642d3800ab2de5393abb7973b7175,frozen-export,Platform,Export CURRENT-v1,Historical,Frozen artifact export snapshot,-,-,-,info,support/historical
project-artifact-export/workspace/w0-rebuild/artifacts/Karen_Home_Reference_Artifacts_v1/04_backend_gate2/docs/STATIC_TS_SYNTAX_REPORT.json,.json,31,c020bd9d052a211452d137fe189a34016481317de8ade82e20626081efff6a57,frozen-export,Platform,Export CURRENT-v1,Historical,Frozen artifact export snapshot,-,-,-,info,support/historical
project-artifact-export/workspace/w0-rebuild/artifacts/Karen_Home_Reference_Artifacts_v1/04_backend_gate2/package.json,.json,656,7057bd46ed0cb79d8a184f8d609e85dacfa59d52158841827b6dc081fa0e3f6f,frozen-export,Platform,Export CURRENT-v1,Historical,Frozen artifact export snapshot,-,-,-,info,support/historical
project-artifact-export/workspace/w0-rebuild/artifacts/Karen_Home_Reference_Artifacts_v1/04_backend_gate2/packages/contracts/package.json,.json,240,660e7ef2d4e3512cc51635d07c6db19c8dbecd752b121df0933c7da069720332,frozen-export,Platform,Export CURRENT-v1,Historical,Frozen artifact export snapshot,-,-,-,info,support/historical
project-artifact-export/workspace/w0-rebuild/artifacts/Karen_Home_Reference_Artifacts_v1/04_backend_gate2/packages/contracts/src/index.ts,.ts,561,51cc16daa1bfc0ca4a1fd6698f30cce9a0e50ecd662f4e3d03ef11b5e06f505b,frozen-export,Platform,Export CURRENT-v1,Historical,Frozen artifact export snapshot,-,-,-,info,support/historical
project-artifact-export/workspace/w0-rebuild/artifacts/Karen_Home_Reference_Artifacts_v1/04_backend_gate2/packages/contracts/tsconfig.json,.json,286,89b84208b883bd999233174b1ff4c1c94ff75db04cc2e511f579b37a10e79b4c,frozen-export,Platform,Export CURRENT-v1,Historical,Frozen artifact export snapshot,-,-,-,info,support/historical
project-artifact-export/workspace/w0-rebuild/artifacts/Karen_Home_Reference_Artifacts_v1/04_backend_gate2/packages/db/package.json,.json,367,6eadbba2ee4a3938a85b3cb78f2693e52fc647054f19f77aad11403889af0f56,frozen-export,Platform,Export CURRENT-v1,Historical,Frozen artifact export snapshot,-,-,-,info,support/historical
project-artifact-export/workspace/w0-rebuild/artifacts/Karen_Home_Reference_Artifacts_v1/04_backend_gate2/packages/db/src/README.md,.md,293,4852ae52a10eeecfaa43a9b590686df6aba35c8658b157dc260978b17a9ed221,frozen-export,Platform,Export CURRENT-v1,Historical,Frozen artifact export snapshot,-,-,-,info,support/historical
project-artifact-export/workspace/w0-rebuild/artifacts/Karen_Home_Reference_Artifacts_v1/04_backend_gate2/packages/db/src/audit-repository.ts,.ts,1079,b89b9401e07e9aef96e13652905fdbd0c7dd1c369488affeea848b517b878550,frozen-export,Platform,Export CURRENT-v1,Historical,Frozen artifact export snapshot,-,-,-,info,support/historical
project-artifact-export/workspace/w0-rebuild/artifacts/Karen_Home_Reference_Artifacts_v1/04_backend_gate2/packages/db/src/iam-repository.ts,.ts,8953,d1d6c4d3eb8f5878e55ea84f9967f29d020a4cbd151c36de785ef34569d3fc71,frozen-export,Platform,Export CURRENT-v1,Historical,Frozen artifact export snapshot,-,-,-,security-critical,production-relevant
project-artifact-export/workspace/w0-rebuild/artifacts/Karen_Home_Reference_Artifacts_v1/04_backend_gate2/packages/db/src/index.ts,.ts,221,8d3b772006e84f5749033ad3b4bb8453590f5e194f2ca51d58bc4b28b9742fc4,frozen-export,Platform,Export CURRENT-v1,Historical,Frozen artifact export snapshot,-,-,-,info,support/historical
project-artifact-export/workspace/w0-rebuild/artifacts/Karen_Home_Reference_Artifacts_v1/04_backend_gate2/packages/db/src/listing-repository.ts,.ts,8632,f9f46f952407c27ebbf97979c89adb508a805942b524e4265fa7de0163d880d5,frozen-export,Platform,Export CURRENT-v1,Historical,Frozen artifact export snapshot,-,-,-,info,support/historical
project-artifact-export/workspace/w0-rebuild/artifacts/Karen_Home_Reference_Artifacts_v1/04_backend_gate2/packages/db/src/outbox-repository.ts,.ts,2407,77320d741110d5357ef327505eb799450f81ba16ea2b283f02dda2f5ed5dfa28,frozen-export,Platform,Export CURRENT-v1,Historical,Frozen artifact export snapshot,-,-,-,info,support/historical
project-artifact-export/workspace/w0-rebuild/artifacts/Karen_Home_Reference_Artifacts_v1/04_backend_gate2/packages/db/src/postgres-database.ts,.ts,2434,6c63fc67ca774f5b18384c1b74d7abeb50d21672aac1cc15e1d164b6588cae59,frozen-export,Platform,Export CURRENT-v1,Historical,Frozen artifact export snapshot,-,-,-,info,support/historical
project-artifact-export/workspace/w0-rebuild/artifacts/Karen_Home_Reference_Artifacts_v1/04_backend_gate2/packages/db/src/property-repository.ts,.ts,6141,201cdfe82c09a01ac1860343cf575d94f769fee99bc902af31145da1175fc06c,frozen-export,Platform,Export CURRENT-v1,Historical,Frozen artifact export snapshot,-,-,-,info,support/historical
project-artifact-export/workspace/w0-rebuild/artifacts/Karen_Home_Reference_Artifacts_v1/04_backend_gate2/packages/db/tsconfig.json,.json,309,4ba87aeb53eb637bbfaada247a414c1e859e47c838d667795c837e4309a4a542,frozen-export,Platform,Export CURRENT-v1,Historical,Frozen artifact export snapshot,-,-,-,info,support/historical
project-artifact-export/workspace/w0-rebuild/artifacts/Karen_Home_Reference_Artifacts_v1/04_backend_gate2/pnpm-workspace.yaml,.yaml,36,253208fa7c1b64372c219b9e19cef15ed70ca93b66a4d5c4c4d2297a5aff8880,frozen-export,Platform,Export CURRENT-v1,Historical,Frozen artifact export snapshot,-,-,-,info,support/historical
project-artifact-export/workspace/w0-rebuild/artifacts/Karen_Home_Reference_Artifacts_v1/04_backend_gate2/scripts/apply-schema.sh,.sh,636,669dd5a20a4dfed22f42b70d50c1b8da32d3fe262154b84cfdbe6fe277ebb775,frozen-export,Platform,Export CURRENT-v1,Historical,Frozen artifact export snapshot,-,-,-,info,support/historical
project-artifact-export/workspace/w0-rebuild/artifacts/Karen_Home_Reference_Artifacts_v1/99_original_archives/enterprise_real_estate_backend_contract_v1.zip,.zip,32165,98d93e7b114d853e33c6626ff155a34b52634d32b1851200f47cb60b59b2aa95,frozen-export,Platform,Export CURRENT-v1,Historical,Frozen artifact export snapshot,-,-,-,info,support/historical
project-artifact-export/workspace/w0-rebuild/artifacts/Karen_Home_Reference_Artifacts_v1/99_original_archives/enterprise_real_estate_backend_gate1.zip,.zip,43986,cc1aa048bfe174ebd89473886c50aeae7c015abda58e6f2ce362761823eb9ffe,frozen-export,Platform,Export CURRENT-v1,Historical,Frozen artifact export snapshot,-,-,-,info,support/historical
project-artifact-export/workspace/w0-rebuild/artifacts/Karen_Home_Reference_Artifacts_v1/99_original_archives/enterprise_real_estate_backend_gate2.zip,.zip,96422,20a3f4527b7e84d215c4e6723c9439c23239251d2c1c3928de52b56f1f4520b1,frozen-export,Platform,Export CURRENT-v1,Historical,Frozen artifact export snapshot,-,-,-,info,support/historical
project-artifact-export/workspace/w0-rebuild/artifacts/Karen_Home_Reference_Artifacts_v1/99_original_archives/enterprise_real_estate_backend_skeleton_v1.zip,.zip,18991,59e6b9ac8fc374df5626c1e532d16852fd1ab6bf6e037da3a02b3e0e58d57f6d,frozen-export,Platform,Export CURRENT-v1,Historical,Frozen artifact export snapshot,-,-,-,info,support/historical
project-artifact-export/workspace/w0-rebuild/artifacts/Karen_Home_Reference_Artifacts_v1/REFERENCE_ARTIFACTS_MANIFEST.md,.md,12568,acd1db5e4e681532e3102148d74b0df9d28ed8c7c2a0fcab2bda29981abe1288,frozen-export,Platform,Export CURRENT-v1,Historical,Frozen artifact export snapshot,-,-,-,info,support/historical
project-artifact-export/workspace/w0-rebuild/artifacts/Karen_Home_Reference_Artifacts_v1/enterprise_real_estate_backend_contract_v1_x/enterprise_real_estate_backend_contract_v1/README.md,.md,1609,22cf3c3bf4cd524fcaaef216b886d734184e02d37ffe3f413b0813c4cbb8ce21,frozen-export,Platform,Export CURRENT-v1,Historical,Frozen artifact export snapshot,-,-,-,info,support/historical
project-artifact-export/workspace/w0-rebuild/artifacts/Karen_Home_Reference_Artifacts_v1/enterprise_real_estate_backend_contract_v1_x/enterprise_real_estate_backend_contract_v1/architecture/backend-folder-structure.txt,.txt,2508,3b7b7b064506171ed0d3455af613875a66870bda326806c998130db2f13daf1e,frozen-export,Platform,Export CURRENT-v1,Historical,Frozen artifact export snapshot,-,-,-,info,support/historical
project-artifact-export/workspace/w0-rebuild/artifacts/Karen_Home_Reference_Artifacts_v1/enterprise_real_estate_backend_contract_v1_x/enterprise_real_estate_backend_contract_v1/contracts/database-contract-freeze-v1.md,.md,1828,fc8827ba26fa59cece6a542f156f13f20db7477e6a757f87c1e7c4d5f32e69a1,frozen-export,Platform,Export CURRENT-v1,Historical,Frozen artifact export snapshot,-,-,-,info,support/historical
project-artifact-export/workspace/w0-rebuild/artifacts/Karen_Home_Reference_Artifacts_v1/enterprise_real_estate_backend_contract_v1_x/enterprise_real_estate_backend_contract_v1/contracts/database-schema-frozen-v1.sql,.sql,93699,166dc3b0134538819db064d871dca6950c267dc9708f79c4fcd018617dd51e30,frozen-export,Platform,Export CURRENT-v1,Historical,Frozen artifact export snapshot,-,-,-,info,support/historical
project-artifact-export/workspace/w0-rebuild/artifacts/Karen_Home_Reference_Artifacts_v1/enterprise_real_estate_backend_contract_v1_x/enterprise_real_estate_backend_contract_v1/contracts/typescript-contracts.ts,.ts,1708,2d50a767bff5f0f78a1184651448281742322f019fc3f0f4ac198d715e207e64,frozen-export,Platform,Export CURRENT-v1,Historical,Frozen artifact export snapshot,-,-,-,info,support/historical
project-artifact-export/workspace/w0-rebuild/artifacts/Karen_Home_Reference_Artifacts_v1/enterprise_real_estate_backend_contract_v1_x/enterprise_real_estate_backend_contract_v1/docs/01-domain-boundaries.md,.md,2544,2207517d8a007ba644819da276b54c07170b400182bcd87bee21e5a81888b4f2,frozen-export,Platform,Export CURRENT-v1,Historical,Frozen artifact export snapshot,-,-,-,info,support/historical
project-artifact-export/workspace/w0-rebuild/artifacts/Karen_Home_Reference_Artifacts_v1/enterprise_real_estate_backend_contract_v1_x/enterprise_real_estate_backend_contract_v1/docs/02-api-conventions.md,.md,2054,286c7e649849807bc7a94db77c7a03aa664bd36c68101f4a7da055ce090a2b48,frozen-export,Platform,Export CURRENT-v1,Historical,Frozen artifact export snapshot,-,-,-,info,support/historical
project-artifact-export/workspace/w0-rebuild/artifacts/Karen_Home_Reference_Artifacts_v1/enterprise_real_estate_backend_contract_v1_x/enterprise_real_estate_backend_contract_v1/docs/03-authorization-matrix.md,.md,1798,76ffa9662ee2349631db92c997e69fe5f1794dab3723581248edc5e56a76b4bb,frozen-export,Platform,Export CURRENT-v1,Historical,Frozen artifact export snapshot,-,-,-,security-critical,production-relevant
project-artifact-export/workspace/w0-rebuild/artifacts/Karen_Home_Reference_Artifacts_v1/enterprise_real_estate_backend_contract_v1_x/enterprise_real_estate_backend_contract_v1/docs/04-error-model.md,.md,1105,3e201ef29eba1c6645d67e593c69d475188dab7e75aba506dc9552ad406f81fe,frozen-export,Platform,Export CURRENT-v1,Historical,Frozen artifact export snapshot,-,-,-,info,support/historical
project-artifact-export/workspace/w0-rebuild/artifacts/Karen_Home_Reference_Artifacts_v1/enterprise_real_estate_backend_contract_v1_x/enterprise_real_estate_backend_contract_v1/docs/05-command-query-catalog.md,.md,2266,55412fb8b7b42e1b1dae4eaa0cb02b9c398aa11a66c094a37dd93bcbebb5b0c5,frozen-export,Platform,Export CURRENT-v1,Historical,Frozen artifact export snapshot,-,-,-,info,support/historical
project-artifact-export/workspace/w0-rebuild/artifacts/Karen_Home_Reference_Artifacts_v1/enterprise_real_estate_backend_contract_v1_x/enterprise_real_estate_backend_contract_v1/docs/06-event-catalog.md,.md,1438,8f11112be23e87879d2d779f9c92e17c6b8300c8a18dcd04c70b6a0120537769,frozen-export,Platform,Export CURRENT-v1,Historical,Frozen artifact export snapshot,-,-,-,info,support/historical
project-artifact-export/workspace/w0-rebuild/artifacts/Karen_Home_Reference_Artifacts_v1/enterprise_real_estate_backend_contract_v1_x/enterprise_real_estate_backend_contract_v1/docs/07-implementation-order.md,.md,757,f77a4fac2985145755f30e3a9820cd9c77974bb834c5e3ca0a7844207cc580b7,frozen-export,Platform,Export CURRENT-v1,Historical,Frozen artifact export snapshot,-,-,-,info,support/historical
project-artifact-export/workspace/w0-rebuild/artifacts/Karen_Home_Reference_Artifacts_v1/enterprise_real_estate_backend_contract_v1_x/enterprise_real_estate_backend_contract_v1/docs/CHANGE_CONTROL.md,.md,528,041c81d19d4991ca6e01cafba839feec19475a35c9301bac16fedc05e1ccf903,frozen-export,Platform,Export CURRENT-v1,Historical,Frozen artifact export snapshot,-,-,-,info,support/historical
project-artifact-export/workspace/w0-rebuild/artifacts/Karen_Home_Reference_Artifacts_v1/enterprise_real_estate_backend_contract_v1_x/enterprise_real_estate_backend_contract_v1/examples/repository-interfaces.ts,.ts,1028,e91f147492c89373dc1e6f4d6525d4ddcf9ca7a19f97a780af34cd891eb76cf3,frozen-export,Platform,Export CURRENT-v1,Historical,Frozen artifact export snapshot,-,-,-,info,support/historical
project-artifact-export/workspace/w0-rebuild/artifacts/Karen_Home_Reference_Artifacts_v1/enterprise_real_estate_backend_contract_v1_x/enterprise_real_estate_backend_contract_v1/openapi/openapi-v1.yaml,.yaml,8995,228c2cca6cf111e6350a9ed0226c238dc05b855ec1b0d31d6a4d6780cb89d8c5,frozen-export,Platform,Export CURRENT-v1,Historical,Frozen artifact export snapshot,-,-,-,info,support/historical
project-artifact-export/workspace/w0-rebuild/artifacts/Karen_Home_Reference_Artifacts_v1/enterprise_real_estate_backend_contract_v1_x/enterprise_real_estate_backend_contract_v1/tests/backend-contract-checklist.md,.md,1103,374db82bda10c342cc81cf24e9312bd0711983f513a8605614b6481ac3c161f1,frozen-export,Platform,Export CURRENT-v1,Historical,Frozen artifact export snapshot,-,-,-,info,support/historical
project-artifact-export/workspace/w0-rebuild/artifacts/Karen_Home_Reference_Artifacts_v1/enterprise_real_estate_backend_gate1_x/enterprise_real_estate_backend_skeleton_v1/.env.example,.example,296,f84336f1c4d1153d0aa1a87b02dbf27a350a00cf97c77f58feaa9d62b0643621,frozen-export,Platform,Export CURRENT-v1,Historical,Frozen artifact export snapshot,-,-,-,info,support/historical
project-artifact-export/workspace/w0-rebuild/artifacts/Karen_Home_Reference_Artifacts_v1/enterprise_real_estate_backend_gate1_x/enterprise_real_estate_backend_skeleton_v1/README.md,.md,1194,d0d01c1c1225f825fb735d3c24e273558a67d2f6d833f7487b2c447ecd5271bd,frozen-export,Platform,Export CURRENT-v1,Historical,Frozen artifact export snapshot,-,-,-,info,support/historical
project-artifact-export/workspace/w0-rebuild/artifacts/Karen_Home_Reference_Artifacts_v1/enterprise_real_estate_backend_gate1_x/enterprise_real_estate_backend_skeleton_v1/apps/api/jest.config.js,.js,311,0fa227c014d18ce2431bc6ea2483e0cb47f33ce3111235d8bb140c1867d19c47,frozen-export,Platform,Export CURRENT-v1,Historical,Frozen artifact export snapshot,-,-,-,info,support/historical
project-artifact-export/workspace/w0-rebuild/artifacts/Karen_Home_Reference_Artifacts_v1/enterprise_real_estate_backend_gate1_x/enterprise_real_estate_backend_skeleton_v1/apps/api/package.json,.json,922,ec8e3d3cc219235b4d79509c7b737e81593c0330c19feab8787b9e8b629d822f,frozen-export,Platform,Export CURRENT-v1,Historical,Frozen artifact export snapshot,-,-,-,info,support/historical
project-artifact-export/workspace/w0-rebuild/artifacts/Karen_Home_Reference_Artifacts_v1/enterprise_real_estate_backend_gate1_x/enterprise_real_estate_backend_skeleton_v1/apps/api/src/app.module.ts,.ts,764,08db08600b08bd795a85dfa250c2aad3f81ba19a33da6d72cb56bd873eea60de,frozen-export,Platform,Export CURRENT-v1,Historical,Frozen artifact export snapshot,-,-,-,info,support/historical
project-artifact-export/workspace/w0-rebuild/artifacts/Karen_Home_Reference_Artifacts_v1/enterprise_real_estate_backend_gate1_x/enterprise_real_estate_backend_skeleton_v1/apps/api/src/common/auth/access-token.guard.ts,.ts,1137,996145116e885ba5a716efb65580c41484d72098dc40010b7f9cb80b309bf3b3,frozen-export,Platform,Export CURRENT-v1,Historical,Frozen artifact export snapshot,-,-,-,security-critical,production-relevant
project-artifact-export/workspace/w0-rebuild/artifacts/Karen_Home_Reference_Artifacts_v1/enterprise_real_estate_backend_gate1_x/enterprise_real_estate_backend_skeleton_v1/apps/api/src/common/auth/access-token.service.ts,.ts,1337,c1de030ead753d7ab52bf91ee6dd9d8913d6635ec37611da347f0502c9b3e586,frozen-export,Platform,Export CURRENT-v1,Historical,Frozen artifact export snapshot,-,-,-,security-critical,production-relevant
project-artifact-export/workspace/w0-rebuild/artifacts/Karen_Home_Reference_Artifacts_v1/enterprise_real_estate_backend_gate1_x/enterprise_real_estate_backend_skeleton_v1/apps/api/src/common/auth/auth.spec.ts,.ts,450,00feceb9bdbcd28e8d33a9bf08369a3435b578b54a00f2736582318f738cce45,frozen-export,Platform,Export CURRENT-v1,Historical,Frozen artifact export snapshot,-,-,-,security-critical,production-relevant
project-artifact-export/workspace/w0-rebuild/artifacts/Karen_Home_Reference_Artifacts_v1/enterprise_real_estate_backend_gate1_x/enterprise_real_estate_backend_skeleton_v1/apps/api/src/common/auth/auth.types.ts,.ts,237,41c51316498aabe338f74239758f24089d20e1898d6f9e7863fbd0c34797a74e,frozen-export,Platform,Export CURRENT-v1,Historical,Frozen artifact export snapshot,-,-,-,security-critical,production-relevant
project-artifact-export/workspace/w0-rebuild/artifacts/Karen_Home_Reference_Artifacts_v1/enterprise_real_estate_backend_gate1_x/enterprise_real_estate_backend_skeleton_v1/apps/api/src/common/auth/current-user.decorator.ts,.ts,315,be9f0b7aed26e041578fab61a47b966d9a600699319c100db6ada803b2c03412,frozen-export,Platform,Export CURRENT-v1,Historical,Frozen artifact export snapshot,-,-,-,security-critical,production-relevant
project-artifact-export/workspace/w0-rebuild/artifacts/Karen_Home_Reference_Artifacts_v1/enterprise_real_estate_backend_gate1_x/enterprise_real_estate_backend_skeleton_v1/apps/api/src/common/auth/permissions.decorator.ts,.ts,208,01e26f3aebfd11bbdc7122c477288525f5be78be179514808633c9754a67d684,frozen-export,Platform,Export CURRENT-v1,Historical,Frozen artifact export snapshot,-,-,-,security-critical,production-relevant
project-artifact-export/workspace/w0-rebuild/artifacts/Karen_Home_Reference_Artifacts_v1/enterprise_real_estate_backend_gate1_x/enterprise_real_estate_backend_skeleton_v1/apps/api/src/common/auth/permissions.guard.ts,.ts,1132,ef3e4d61616b1944ead837a05d4d0a006f6fbacc3e333532f000e1e2a684872c,frozen-export,Platform,Export CURRENT-v1,Historical,Frozen artifact export snapshot,-,-,-,security-critical,production-relevant
project-artifact-export/workspace/w0-rebuild/artifacts/Karen_Home_Reference_Artifacts_v1/enterprise_real_estate_backend_gate1_x/enterprise_real_estate_backend_skeleton_v1/apps/api/src/common/config/app-config.ts,.ts,1135,1c47d1c1f29b17465a8a28f8295b5d897f4c18428048fa2ad11246306b8a0a32,frozen-export,Platform,Export CURRENT-v1,Historical,Frozen artifact export snapshot,-,-,-,info,support/historical
project-artifact-export/workspace/w0-rebuild/artifacts/Karen_Home_Reference_Artifacts_v1/enterprise_real_estate_backend_gate1_x/enterprise_real_estate_backend_skeleton_v1/apps/api/src/common/config/env.validation.ts,.ts,442,e6b178ddbd2243553a1212b15e1b1d5f23ece7d64033e65bda890ebe2b59b1b2,frozen-export,Platform,Export CURRENT-v1,Historical,Frozen artifact export snapshot,-,-,-,info,support/historical
project-artifact-export/workspace/w0-rebuild/artifacts/Karen_Home_Reference_Artifacts_v1/enterprise_real_estate_backend_gate1_x/enterprise_real_estate_backend_skeleton_v1/apps/api/src/common/errors/http-exception.filter.ts,.ts,1767,1c66d10ad4a0f9a1d1cf549fe31993ee502ede81daec78583c8ac93d9a55b1d5,frozen-export,Platform,Export CURRENT-v1,Historical,Frozen artifact export snapshot,-,-,-,info,support/historical
project-artifact-export/workspace/w0-rebuild/artifacts/Karen_Home_Reference_Artifacts_v1/enterprise_real_estate_backend_gate1_x/enterprise_real_estate_backend_skeleton_v1/apps/api/src/infrastructure/database.module.ts,.ts,777,078539c7034f44fd3c83b68d91dce3aba42aff21f34c9fe29bb8949498752ad7,frozen-export,Platform,Export CURRENT-v1,Historical,Frozen artifact export snapshot,-,-,-,info,support/historical
project-artifact-export/workspace/w0-rebuild/artifacts/Karen_Home_Reference_Artifacts_v1/enterprise_real_estate_backend_gate1_x/enterprise_real_estate_backend_skeleton_v1/apps/api/src/main.ts,.ts,1000,71d8e4c9ad99deb577ea768e35c59d53df15558c14726350a7668109aae2c4b0,frozen-export,Platform,Export CURRENT-v1,Historical,Frozen artifact export snapshot,-,-,-,info,support/historical
project-artifact-export/workspace/w0-rebuild/artifacts/Karen_Home_Reference_Artifacts_v1/enterprise_real_estate_backend_gate1_x/enterprise_real_estate_backend_skeleton_v1/apps/api/src/modules/health/health.module.ts,.ts,238,e5442f6039fdb4f9e3eb1210559d01a205ad99edef40cd703e81ff376e2c2ad2,frozen-export,Platform,Export CURRENT-v1,Historical,Frozen artifact export snapshot,-,-,-,info,support/historical
project-artifact-export/workspace/w0-rebuild/artifacts/Karen_Home_Reference_Artifacts_v1/enterprise_real_estate_backend_gate1_x/enterprise_real_estate_backend_skeleton_v1/apps/api/src/modules/iam/application/iam.service.ts,.ts,5323,73fce8d52fe0ed31b1760ac07c205d77f1cf2d7d13e030fafc887729799eb864,frozen-export,Platform,Export CURRENT-v1,Historical,Frozen artifact export snapshot,-,-,-,security-critical,production-relevant
project-artifact-export/workspace/w0-rebuild/artifacts/Karen_Home_Reference_Artifacts_v1/enterprise_real_estate_backend_gate1_x/enterprise_real_estate_backend_skeleton_v1/apps/api/src/modules/iam/domain/iam.errors.ts,.ts,157,73f0fcd21af62fcbf170059c41ab9f648e8d15ae0d59a88809a5e67be40ca34a,frozen-export,Platform,Export CURRENT-v1,Historical,Frozen artifact export snapshot,-,-,-,security-critical,production-relevant
project-artifact-export/workspace/w0-rebuild/artifacts/Karen_Home_Reference_Artifacts_v1/enterprise_real_estate_backend_gate1_x/enterprise_real_estate_backend_skeleton_v1/apps/api/src/modules/iam/iam.module.ts,.ts,501,fa778145266bb985c7b13f53ab450fc5eb97474147c6a6b009eab35cad66a666,frozen-export,Platform,Export CURRENT-v1,Historical,Frozen artifact export snapshot,-,-,-,security-critical,production-relevant
project-artifact-export/workspace/w0-rebuild/artifacts/Karen_Home_Reference_Artifacts_v1/enterprise_real_estate_backend_gate1_x/enterprise_real_estate_backend_skeleton_v1/apps/api/src/modules/iam/presentation/dto/login.dto.ts,.ts,249,9100ca20bea763e433df8cbd83698301a3c8075a08bbc552f51a70fada44e911,frozen-export,Platform,Export CURRENT-v1,Historical,Frozen artifact export snapshot,-,-,-,security-critical,production-relevant
project-artifact-export/workspace/w0-rebuild/artifacts/Karen_Home_Reference_Artifacts_v1/enterprise_real_estate_backend_gate1_x/enterprise_real_estate_backend_skeleton_v1/apps/api/src/modules/iam/presentation/dto/refresh.dto.ts,.ts,135,eab106890e26cbae1cbe3ae11d2bab79a025d8231b146e27ab7e5545cb65bcca,frozen-export,Platform,Export CURRENT-v1,Historical,Frozen artifact export snapshot,-,-,-,security-critical,production-relevant
project-artifact-export/workspace/w0-rebuild/artifacts/Karen_Home_Reference_Artifacts_v1/enterprise_real_estate_backend_gate1_x/enterprise_real_estate_backend_skeleton_v1/apps/api/src/modules/iam/presentation/dto/register.dto.ts,.ts,644,3be4d0d5558a9e0a65be86d474065fe43e6819c5bc583c557994881f0bb86a15,frozen-export,Platform,Export CURRENT-v1,Historical,Frozen artifact export snapshot,-,-,-,security-critical,production-relevant
project-artifact-export/workspace/w0-rebuild/artifacts/Karen_Home_Reference_Artifacts_v1/enterprise_real_estate_backend_gate1_x/enterprise_real_estate_backend_skeleton_v1/apps/api/src/modules/iam/presentation/iam.controller.ts,.ts,1761,16b7509d420a0fd2f4451a2ca0ce238aa74e0161d8e7e6cd9d88b5b0a5af9071,frozen-export,Platform,Export CURRENT-v1,Historical,Frozen artifact export snapshot,-,-,-,security-critical,production-relevant
project-artifact-export/workspace/w0-rebuild/artifacts/Karen_Home_Reference_Artifacts_v1/enterprise_real_estate_backend_gate1_x/enterprise_real_estate_backend_skeleton_v1/apps/api/src/modules/listings/listings.module.ts,.ts,189,4888be8f67880e51560fd94d9e6883505580dbe51a5f20177db6cc1d40f2e760,frozen-export,Platform,Export CURRENT-v1,Historical,Frozen artifact export snapshot,-,-,-,info,support/historical
project-artifact-export/workspace/w0-rebuild/artifacts/Karen_Home_Reference_Artifacts_v1/enterprise_real_estate_backend_gate1_x/enterprise_real_estate_backend_skeleton_v1/apps/api/src/modules/listings/presentation/listings.controller.ts,.ts,363,24df2a61f433c207ae8ddcc6b7b196b3cf5ac5925dd6309c41610beee33f3efe,frozen-export,Platform,Export CURRENT-v1,Historical,Frozen artifact export snapshot,-,-,-,info,support/historical
project-artifact-export/workspace/w0-rebuild/artifacts/Karen_Home_Reference_Artifacts_v1/enterprise_real_estate_backend_gate1_x/enterprise_real_estate_backend_skeleton_v1/apps/api/src/modules/properties/application/create-property.handler.ts,.ts,607,015c4307d562acebb5aa86ca268b12fa88071957f67b0f1f2c37770447d5ae62,frozen-export,Platform,Export CURRENT-v1,Historical,Frozen artifact export snapshot,-,-,-,info,support/historical
project-artifact-export/workspace/w0-rebuild/artifacts/Karen_Home_Reference_Artifacts_v1/enterprise_real_estate_backend_gate1_x/enterprise_real_estate_backend_skeleton_v1/apps/api/src/modules/properties/domain/property.repository.ts,.ts,333,9a434be239114eb5f5e6e858d20369c4e3c80ea53a2ebae6b202a7b8c83e75a8,frozen-export,Platform,Export CURRENT-v1,Historical,Frozen artifact export snapshot,-,-,-,info,support/historical
project-artifact-export/workspace/w0-rebuild/artifacts/Karen_Home_Reference_Artifacts_v1/enterprise_real_estate_backend_gate1_x/enterprise_real_estate_backend_skeleton_v1/apps/api/src/modules/properties/infrastructure/in-memory-property.repository.ts,.ts,352,3d7623e4468cd4b008708deb876a725bb378be40d313bc0ef968fb7d8b77070c,frozen-export,Platform,Export CURRENT-v1,Historical,Frozen artifact export snapshot,-,-,-,info,support/historical
project-artifact-export/workspace/w0-rebuild/artifacts/Karen_Home_Reference_Artifacts_v1/enterprise_real_estate_backend_gate1_x/enterprise_real_estate_backend_skeleton_v1/apps/api/src/modules/properties/presentation/dto/create-property.dto.ts,.ts,237,7f1abb8a7a1a77d2a8f98c7d2f90b7cf8e0fe1a6fd2b3a65b6f6097b9063453c,frozen-export,Platform,Export CURRENT-v1,Historical,Frozen artifact export snapshot,-,-,-,info,support/historical
project-artifact-export/workspace/w0-rebuild/artifacts/Karen_Home_Reference_Artifacts_v1/enterprise_real_estate_backend_gate1_x/enterprise_real_estate_backend_skeleton_v1/apps/api/src/modules/properties/presentation/properties.controller.ts,.ts,500,8b006df5c778cd7d93a3191c533be983a89220ad11e8ac2ef3c7254c8d8bbb47,frozen-export,Platform,Export CURRENT-v1,Historical,Frozen artifact export snapshot,-,-,-,info,support/historical
project-artifact-export/workspace/w0-rebuild/artifacts/Karen_Home_Reference_Artifacts_v1/enterprise_real_estate_backend_gate1_x/enterprise_real_estate_backend_skeleton_v1/apps/api/src/modules/properties/properties.module.ts,.ts,564,60e0d1c7c17dcdce7f685fdee2da52c6c70ec5669db2c6f5736f25de002c6e33,frozen-export,Platform,Export CURRENT-v1,Historical,Frozen artifact export snapshot,-,-,-,info,support/historical
project-artifact-export/workspace/w0-rebuild/artifacts/Karen_Home_Reference_Artifacts_v1/enterprise_real_estate_backend_gate1_x/enterprise_real_estate_backend_skeleton_v1/apps/api/src/modules/search/presentation/search.controller.ts,.ts,209,ea761a01ee451aa46bb94c29406367ef79729c76ae4aae55f33dfd4f295879f7,frozen-export,Platform,Export CURRENT-v1,Historical,Frozen artifact export snapshot,-,-,-,info,support/historical
project-artifact-export/workspace/w0-rebuild/artifacts/Karen_Home_Reference_Artifacts_v1/enterprise_real_estate_backend_gate1_x/enterprise_real_estate_backend_skeleton_v1/apps/api/src/modules/search/search.module.ts,.ts,181,4d4752f65a8b8dce2dff859d6bd0b34feb6d80aa5761d89ca66940ae07ed908a,frozen-export,Platform,Export CURRENT-v1,Historical,Frozen artifact export snapshot,-,-,-,info,support/historical
project-artifact-export/workspace/w0-rebuild/artifacts/Karen_Home_Reference_Artifacts_v1/enterprise_real_estate_backend_gate1_x/enterprise_real_estate_backend_skeleton_v1/apps/api/test/iam.service.spec.ts,.ts,657,3861246b378d1b295258a35e901a67036444e9602e8b82547626590f02e8cd85,frozen-export,Platform,Export CURRENT-v1,Historical,Frozen artifact export snapshot,-,-,-,security-critical,production-relevant
project-artifact-export/workspace/w0-rebuild/artifacts/Karen_Home_Reference_Artifacts_v1/enterprise_real_estate_backend_gate1_x/enterprise_real_estate_backend_skeleton_v1/apps/api/test/jest-e2e.json,.json,242,c1acdb73764f2beb2365a388ef88c1256f1be321d62de05a1ce713d1b73d7f11,frozen-export,Platform,Export CURRENT-v1,Historical,Frozen artifact export snapshot,-,-,-,info,support/historical
project-artifact-export/workspace/w0-rebuild/artifacts/Karen_Home_Reference_Artifacts_v1/enterprise_real_estate_backend_gate1_x/enterprise_real_estate_backend_skeleton_v1/apps/api/tsconfig.json,.json,331,806dda9b70fb9b336185645c4763ba0bc6509d6c587af25f5b8b2ab9df106b57,frozen-export,Platform,Export CURRENT-v1,Historical,Frozen artifact export snapshot,-,-,-,info,support/historical
project-artifact-export/workspace/w0-rebuild/artifacts/Karen_Home_Reference_Artifacts_v1/enterprise_real_estate_backend_gate1_x/enterprise_real_estate_backend_skeleton_v1/docs/IMPLEMENTATION_GATE_1.md,.md,1804,c89bc4983656a272c1b37b28810e4b310bc8e44fa87230fbebc3c26786b9dbc2,frozen-export,Platform,Export CURRENT-v1,Historical,Frozen artifact export snapshot,-,-,-,info,support/historical
project-artifact-export/workspace/w0-rebuild/artifacts/Karen_Home_Reference_Artifacts_v1/enterprise_real_estate_backend_gate1_x/enterprise_real_estate_backend_skeleton_v1/docs/IMPLEMENTATION_STATUS.md,.md,583,2e337964b849047e314a418d24906f89c843f0dd010c286d303749c68c508991,frozen-export,Platform,Export CURRENT-v1,Historical,Frozen artifact export snapshot,-,-,-,info,support/historical
project-artifact-export/workspace/w0-rebuild/artifacts/Karen_Home_Reference_Artifacts_v1/enterprise_real_estate_backend_gate1_x/enterprise_real_estate_backend_skeleton_v1/docs/NEXT_GATE.md,.md,406,705150c31681255134a9757aa065ee5eb638ad858e2aab5353fa83146471d5b8,frozen-export,Platform,Export CURRENT-v1,Historical,Frozen artifact export snapshot,-,-,-,info,support/historical
project-artifact-export/workspace/w0-rebuild/artifacts/Karen_Home_Reference_Artifacts_v1/enterprise_real_estate_backend_gate1_x/enterprise_real_estate_backend_skeleton_v1/package.json,.json,599,5327a5a44541ae51bc1077b9cc92129c055df51ecd1bf4ff626a166d567b12d5,frozen-export,Platform,Export CURRENT-v1,Historical,Frozen artifact export snapshot,-,-,-,info,support/historical
project-artifact-export/workspace/w0-rebuild/artifacts/Karen_Home_Reference_Artifacts_v1/enterprise_real_estate_backend_gate1_x/enterprise_real_estate_backend_skeleton_v1/packages/contracts/package.json,.json,113,0263d919d3c48793abf176dabe06476abc067e3bc5951a869cac26d746c48713,frozen-export,Platform,Export CURRENT-v1,Historical,Frozen artifact export snapshot,-,-,-,info,support/historical
project-artifact-export/workspace/w0-rebuild/artifacts/Karen_Home_Reference_Artifacts_v1/enterprise_real_estate_backend_gate1_x/enterprise_real_estate_backend_skeleton_v1/packages/contracts/src/index.ts,.ts,545,36b00e8a2fc73758d2e27ea6cbd87a03d9386b6aff60f86d8318b5a034df6f59,frozen-export,Platform,Export CURRENT-v1,Historical,Frozen artifact export snapshot,-,-,-,info,support/historical
project-artifact-export/workspace/w0-rebuild/artifacts/Karen_Home_Reference_Artifacts_v1/enterprise_real_estate_backend_gate1_x/enterprise_real_estate_backend_skeleton_v1/packages/db/package.json,.json,367,6eadbba2ee4a3938a85b3cb78f2693e52fc647054f19f77aad11403889af0f56,frozen-export,Platform,Export CURRENT-v1,Historical,Frozen artifact export snapshot,-,-,-,info,support/historical
project-artifact-export/workspace/w0-rebuild/artifacts/Karen_Home_Reference_Artifacts_v1/enterprise_real_estate_backend_gate1_x/enterprise_real_estate_backend_skeleton_v1/packages/db/src/README.md,.md,293,4852ae52a10eeecfaa43a9b590686df6aba35c8658b157dc260978b17a9ed221,frozen-export,Platform,Export CURRENT-v1,Historical,Frozen artifact export snapshot,-,-,-,info,support/historical
project-artifact-export/workspace/w0-rebuild/artifacts/Karen_Home_Reference_Artifacts_v1/enterprise_real_estate_backend_gate1_x/enterprise_real_estate_backend_skeleton_v1/packages/db/src/iam-repository.ts,.ts,6116,49fe79fd36321cecf117b6934d88fa62df3398b31fb7a4ded7213e64e707d727,frozen-export,Platform,Export CURRENT-v1,Historical,Frozen artifact export snapshot,-,-,-,security-critical,production-relevant
project-artifact-export/workspace/w0-rebuild/artifacts/Karen_Home_Reference_Artifacts_v1/enterprise_real_estate_backend_gate1_x/enterprise_real_estate_backend_skeleton_v1/packages/db/src/index.ts,.ts,71,1d2cf51545fb15c8979246a2f73c5f6b01d4bbfc8c05865097b1af10d8edbe72,frozen-export,Platform,Export CURRENT-v1,Historical,Frozen artifact export snapshot,-,-,-,info,support/historical
project-artifact-export/workspace/w0-rebuild/artifacts/Karen_Home_Reference_Artifacts_v1/enterprise_real_estate_backend_gate1_x/enterprise_real_estate_backend_skeleton_v1/packages/db/src/postgres-database.ts,.ts,1593,85c92ed1ddecf1b6adc5f70d8cd9578d6f60d10ea2dfda3039ad2fe6f8fd7861,frozen-export,Platform,Export CURRENT-v1,Historical,Frozen artifact export snapshot,-,-,-,info,support/historical
project-artifact-export/workspace/w0-rebuild/artifacts/Karen_Home_Reference_Artifacts_v1/enterprise_real_estate_backend_gate1_x/enterprise_real_estate_backend_skeleton_v1/packages/db/tsconfig.json,.json,309,4ba87aeb53eb637bbfaada247a414c1e859e47c838d667795c837e4309a4a542,frozen-export,Platform,Export CURRENT-v1,Historical,Frozen artifact export snapshot,-,-,-,info,support/historical
project-artifact-export/workspace/w0-rebuild/artifacts/Karen_Home_Reference_Artifacts_v1/enterprise_real_estate_backend_gate1_x/enterprise_real_estate_backend_skeleton_v1/pnpm-workspace.yaml,.yaml,36,253208fa7c1b64372c219b9e19cef15ed70ca93b66a4d5c4c4d2297a5aff8880,frozen-export,Platform,Export CURRENT-v1,Historical,Frozen artifact export snapshot,-,-,-,info,support/historical
project-artifact-export/workspace/w0-rebuild/artifacts/Karen_Home_Reference_Artifacts_v1/enterprise_real_estate_backend_gate2_x/enterprise_real_estate_backend_gate2/.env.example,.example,369,9fd5b35efb0399c22b59a163632cec9e6833870dd2554516af657c6880a0258e,frozen-export,Platform,Export CURRENT-v1,Historical,Frozen artifact export snapshot,-,-,-,info,support/historical
project-artifact-export/workspace/w0-rebuild/artifacts/Karen_Home_Reference_Artifacts_v1/enterprise_real_estate_backend_gate2_x/enterprise_real_estate_backend_gate2/README.md,.md,879,88c58f09a458b59c767ad72f2bafdb3e5c6ad60e65ce69a0c15c7db6a7b221b0,frozen-export,Platform,Export CURRENT-v1,Historical,Frozen artifact export snapshot,-,-,-,info,support/historical
project-artifact-export/workspace/w0-rebuild/artifacts/Karen_Home_Reference_Artifacts_v1/enterprise_real_estate_backend_gate2_x/enterprise_real_estate_backend_gate2/apps/api/jest.config.js,.js,311,0fa227c014d18ce2431bc6ea2483e0cb47f33ce3111235d8bb140c1867d19c47,frozen-export,Platform,Export CURRENT-v1,Historical,Frozen artifact export snapshot,-,-,-,info,support/historical
project-artifact-export/workspace/w0-rebuild/artifacts/Karen_Home_Reference_Artifacts_v1/enterprise_real_estate_backend_gate2_x/enterprise_real_estate_backend_gate2/apps/api/nest-cli.json,.json,117,923a037ebaf2bc590c7ae65359551c6476e30ab79f854a03c29704b7f0817f5c,frozen-export,Platform,Export CURRENT-v1,Historical,Frozen artifact export snapshot,-,-,-,info,support/historical
project-artifact-export/workspace/w0-rebuild/artifacts/Karen_Home_Reference_Artifacts_v1/enterprise_real_estate_backend_gate2_x/enterprise_real_estate_backend_gate2/apps/api/package.json,.json,1002,dc2387bbd070e9cb3f2b5cb2a51cc9654d2153296673d3bc222002a445dbe632,frozen-export,Platform,Export CURRENT-v1,Historical,Frozen artifact export snapshot,-,-,-,info,support/historical
project-artifact-export/workspace/w0-rebuild/artifacts/Karen_Home_Reference_Artifacts_v1/enterprise_real_estate_backend_gate2_x/enterprise_real_estate_backend_gate2/apps/api/src/app.module.ts,.ts,866,b46643c27a42d3f99834fd4fb074ac72f5ffa9af0a96932bf8c52ef0ce00eb0f,frozen-export,Platform,Export CURRENT-v1,Historical,Frozen artifact export snapshot,-,-,-,info,support/historical
project-artifact-export/workspace/w0-rebuild/artifacts/Karen_Home_Reference_Artifacts_v1/enterprise_real_estate_backend_gate2_x/enterprise_real_estate_backend_gate2/apps/api/src/common/auth/access-token.guard.ts,.ts,1405,4a6f8e021ec5f81ce482428f1f2db6cbebba4fc2b283810bbd92970e70f0bf6a,frozen-export,Platform,Export CURRENT-v1,Historical,Frozen artifact export snapshot,-,-,-,security-critical,production-relevant
project-artifact-export/workspace/w0-rebuild/artifacts/Karen_Home_Reference_Artifacts_v1/enterprise_real_estate_backend_gate2_x/enterprise_real_estate_backend_gate2/apps/api/src/common/auth/access-token.service.ts,.ts,1215,fc9f1a1981597fff833450388b25f1023f416d35a7ea682991d1bf0aca467e2b,frozen-export,Platform,Export CURRENT-v1,Historical,Frozen artifact export snapshot,-,-,-,security-critical,production-relevant
project-artifact-export/workspace/w0-rebuild/artifacts/Karen_Home_Reference_Artifacts_v1/enterprise_real_estate_backend_gate2_x/enterprise_real_estate_backend_gate2/apps/api/src/common/auth/auth.spec.ts,.ts,450,00feceb9bdbcd28e8d33a9bf08369a3435b578b54a00f2736582318f738cce45,frozen-export,Platform,Export CURRENT-v1,Historical,Frozen artifact export snapshot,-,-,-,security-critical,production-relevant
project-artifact-export/workspace/w0-rebuild/artifacts/Karen_Home_Reference_Artifacts_v1/enterprise_real_estate_backend_gate2_x/enterprise_real_estate_backend_gate2/apps/api/src/common/auth/auth.types.ts,.ts,259,98228ff28564b9f51398c932940ee4a5193d3fbd0cd75470d67d3bb57cbf2a6a,frozen-export,Platform,Export CURRENT-v1,Historical,Frozen artifact export snapshot,-,-,-,security-critical,production-relevant
project-artifact-export/workspace/w0-rebuild/artifacts/Karen_Home_Reference_Artifacts_v1/enterprise_real_estate_backend_gate2_x/enterprise_real_estate_backend_gate2/apps/api/src/common/auth/current-user.decorator.ts,.ts,315,be9f0b7aed26e041578fab61a47b966d9a600699319c100db6ada803b2c03412,frozen-export,Platform,Export CURRENT-v1,Historical,Frozen artifact export snapshot,-,-,-,security-critical,production-relevant
project-artifact-export/workspace/w0-rebuild/artifacts/Karen_Home_Reference_Artifacts_v1/enterprise_real_estate_backend_gate2_x/enterprise_real_estate_backend_gate2/apps/api/src/common/auth/permissions.decorator.ts,.ts,208,01e26f3aebfd11bbdc7122c477288525f5be78be179514808633c9754a67d684,frozen-export,Platform,Export CURRENT-v1,Historical,Frozen artifact export snapshot,-,-,-,security-critical,production-relevant
project-artifact-export/workspace/w0-rebuild/artifacts/Karen_Home_Reference_Artifacts_v1/enterprise_real_estate_backend_gate2_x/enterprise_real_estate_backend_gate2/apps/api/src/common/auth/permissions.guard.ts,.ts,1596,3c0dc2c3440ca05f87086bc0376f22316c61977092bd5490a1c07f5d254462f8,frozen-export,Platform,Export CURRENT-v1,Historical,Frozen artifact export snapshot,-,-,-,security-critical,production-relevant
project-artifact-export/workspace/w0-rebuild/artifacts/Karen_Home_Reference_Artifacts_v1/enterprise_real_estate_backend_gate2_x/enterprise_real_estate_backend_gate2/apps/api/src/common/config/app-config.ts,.ts,2083,8aefbbd1e15e0ab13dfa4bfc9975269fe008a6bd97e169d47ca5f4147c8ca0f7,frozen-export,Platform,Export CURRENT-v1,Historical,Frozen artifact export snapshot,-,-,-,info,support/historical
project-artifact-export/workspace/w0-rebuild/artifacts/Karen_Home_Reference_Artifacts_v1/enterprise_real_estate_backend_gate2_x/enterprise_real_estate_backend_gate2/apps/api/src/common/config/env.validation.ts,.ts,1177,af8d33f06e0b8268af913a0f3ba6539f99aefd19067937de6f726cfb26859401,frozen-export,Platform,Export CURRENT-v1,Historical,Frozen artifact export snapshot,-,-,-,info,support/historical
project-artifact-export/workspace/w0-rebuild/artifacts/Karen_Home_Reference_Artifacts_v1/enterprise_real_estate_backend_gate2_x/enterprise_real_estate_backend_gate2/apps/api/src/common/errors/http-exception.filter.ts,.ts,2691,2e9e90817263aea5f12349128dbb9f06a363c4fc6d6d72d15d311d70a27d7116,frozen-export,Platform,Export CURRENT-v1,Historical,Frozen artifact export snapshot,-,-,-,info,support/historical
project-artifact-export/workspace/w0-rebuild/artifacts/Karen_Home_Reference_Artifacts_v1/enterprise_real_estate_backend_gate2_x/enterprise_real_estate_backend_gate2/apps/api/src/infrastructure/database.module.ts,.ts,1576,dcda6d7f70961d8d6e01e98427988e87a5afa03e318a76bfea82236f3e325228,frozen-export,Platform,Export CURRENT-v1,Historical,Frozen artifact export snapshot,-,-,-,info,support/historical
project-artifact-export/workspace/w0-rebuild/artifacts/Karen_Home_Reference_Artifacts_v1/enterprise_real_estate_backend_gate2_x/enterprise_real_estate_backend_gate2/apps/api/src/main.ts,.ts,1345,9d69693dd3eae706f5146dbf532d4c53781d4ca6d8038d196bd73a17755ed130,frozen-export,Platform,Export CURRENT-v1,Historical,Frozen artifact export snapshot,-,-,-,info,support/historical
project-artifact-export/workspace/w0-rebuild/artifacts/Karen_Home_Reference_Artifacts_v1/enterprise_real_estate_backend_gate2_x/enterprise_real_estate_backend_gate2/apps/api/src/modules/authorization/authorization.module.ts,.ts,338,4e543f45605e5834ba3aefffe4d57ca3f2f065fb73cb1e235cf31823782cb755,frozen-export,Platform,Export CURRENT-v1,Historical,Frozen artifact export snapshot,-,-,-,security-critical,production-relevant
project-artifact-export/workspace/w0-rebuild/artifacts/Karen_Home_Reference_Artifacts_v1/enterprise_real_estate_backend_gate2_x/enterprise_real_estate_backend_gate2/apps/api/src/modules/health/health.module.ts,.ts,644,7a0a2be7c65499871df51d5bcdd7cbbf06e812c67174c3a6876894e8642aa826,frozen-export,Platform,Export CURRENT-v1,Historical,Frozen artifact export snapshot,-,-,-,info,support/historical
project-artifact-export/workspace/w0-rebuild/artifacts/Karen_Home_Reference_Artifacts_v1/enterprise_real_estate_backend_gate2_x/enterprise_real_estate_backend_gate2/apps/api/src/modules/iam/application/iam.service.ts,.ts,5912,12e3b2ecd4bdd681cd13d876d997357ba651d550361bb87808fc4e6c0df4e073,frozen-export,Platform,Export CURRENT-v1,Historical,Frozen artifact export snapshot,-,-,-,security-critical,production-relevant
project-artifact-export/workspace/w0-rebuild/artifacts/Karen_Home_Reference_Artifacts_v1/enterprise_real_estate_backend_gate2_x/enterprise_real_estate_backend_gate2/apps/api/src/modules/iam/domain/iam.errors.ts,.ts,157,73f0fcd21af62fcbf170059c41ab9f648e8d15ae0d59a88809a5e67be40ca34a,frozen-export,Platform,Export CURRENT-v1,Historical,Frozen artifact export snapshot,-,-,-,security-critical,production-relevant
project-artifact-export/workspace/w0-rebuild/artifacts/Karen_Home_Reference_Artifacts_v1/enterprise_real_estate_backend_gate2_x/enterprise_real_estate_backend_gate2/apps/api/src/modules/iam/iam.module.ts,.ts,501,fa778145266bb985c7b13f53ab450fc5eb97474147c6a6b009eab35cad66a666,frozen-export,Platform,Export CURRENT-v1,Historical,Frozen artifact export snapshot,-,-,-,security-critical,production-relevant
project-artifact-export/workspace/w0-rebuild/artifacts/Karen_Home_Reference_Artifacts_v1/enterprise_real_estate_backend_gate2_x/enterprise_real_estate_backend_gate2/apps/api/src/modules/iam/presentation/dto/login.dto.ts,.ts,193,9e1bee41d12c9cb006c0ed709395abd7fc3678ee00addc6cb82ae08b7dbf3b25,frozen-export,Platform,Export CURRENT-v1,Historical,Frozen artifact export snapshot,-,-,-,security-critical,production-relevant
project-artifact-export/workspace/w0-rebuild/artifacts/Karen_Home_Reference_Artifacts_v1/enterprise_real_estate_backend_gate2_x/enterprise_real_estate_backend_gate2/apps/api/src/modules/iam/presentation/dto/refresh.dto.ts,.ts,135,eab106890e26cbae1cbe3ae11d2bab79a025d8231b146e27ab7e5545cb65bcca,frozen-export,Platform,Export CURRENT-v1,Historical,Frozen artifact export snapshot,-,-,-,security-critical,production-relevant
project-artifact-export/workspace/w0-rebuild/artifacts/Karen_Home_Reference_Artifacts_v1/enterprise_real_estate_backend_gate2_x/enterprise_real_estate_backend_gate2/apps/api/src/modules/iam/presentation/dto/register.dto.ts,.ts,644,3be4d0d5558a9e0a65be86d474065fe43e6819c5bc583c557994881f0bb86a15,frozen-export,Platform,Export CURRENT-v1,Historical,Frozen artifact export snapshot,-,-,-,security-critical,production-relevant
project-artifact-export/workspace/w0-rebuild/artifacts/Karen_Home_Reference_Artifacts_v1/enterprise_real_estate_backend_gate2_x/enterprise_real_estate_backend_gate2/apps/api/src/modules/iam/presentation/iam.controller.ts,.ts,1736,88c69f02c93eb6c758c6d2bcb3ee1743d869fad1625be4f7301ea761c904c718,frozen-export,Platform,Export CURRENT-v1,Historical,Frozen artifact export snapshot,-,-,-,security-critical,production-relevant
project-artifact-export/workspace/w0-rebuild/artifacts/Karen_Home_Reference_Artifacts_v1/enterprise_real_estate_backend_gate2_x/enterprise_real_estate_backend_gate2/apps/api/src/modules/listings/application/listing.service.ts,.ts,5770,83a271762ab61211563ea745af914c812a8e8f9334d7598982a86ba8718c2ac5,frozen-export,Platform,Export CURRENT-v1,Historical,Frozen artifact export snapshot,-,-,-,info,support/historical
project-artifact-export/workspace/w0-rebuild/artifacts/Karen_Home_Reference_Artifacts_v1/enterprise_real_estate_backend_gate2_x/enterprise_real_estate_backend_gate2/apps/api/src/modules/listings/domain/listing-state.machine.ts,.ts,827,ab54d53cd0f7fb6f49171f379c7e9700657ca31a0222f99733964e0754aa99b5,frozen-export,Platform,Export CURRENT-v1,Historical,Frozen artifact export snapshot,-,-,-,info,support/historical
project-artifact-export/workspace/w0-rebuild/artifacts/Karen_Home_Reference_Artifacts_v1/enterprise_real_estate_backend_gate2_x/enterprise_real_estate_backend_gate2/apps/api/src/modules/listings/listings.module.ts,.ts,391,9ef50ff1f5ea64d113785f7b8310e9a577904167281568a48d0b8f7e794cbf13,frozen-export,Platform,Export CURRENT-v1,Historical,Frozen artifact export snapshot,-,-,-,info,support/historical
project-artifact-export/workspace/w0-rebuild/artifacts/Karen_Home_Reference_Artifacts_v1/enterprise_real_estate_backend_gate2_x/enterprise_real_estate_backend_gate2/apps/api/src/modules/listings/presentation/dto/attach-media.dto.ts,.ts,325,78dad222500bc65713545b319fe7c4235acbd2bff45679dae7133546c822355a,frozen-export,Platform,Export CURRENT-v1,Historical,Frozen artifact export snapshot,-,-,-,info,support/historical
project-artifact-export/workspace/w0-rebuild/artifacts/Karen_Home_Reference_Artifacts_v1/enterprise_real_estate_backend_gate2_x/enterprise_real_estate_backend_gate2/apps/api/src/modules/listings/presentation/dto/create-listing.dto.ts,.ts,727,c2c2a0aee39048557ef6aa8edebe0166489dbb2f416b8819f11eae56f2821dcc,frozen-export,Platform,Export CURRENT-v1,Historical,Frozen artifact export snapshot,-,-,-,info,support/historical
project-artifact-export/workspace/w0-rebuild/artifacts/Karen_Home_Reference_Artifacts_v1/enterprise_real_estate_backend_gate2_x/enterprise_real_estate_backend_gate2/apps/api/src/modules/listings/presentation/dto/state-transition.dto.ts,.ts,227,4e8c3ae0b4877ac70746b9031fc771d8fb416d289599f7d4c82ba22cb06b2dfe,frozen-export,Platform,Export CURRENT-v1,Historical,Frozen artifact export snapshot,-,-,-,info,support/historical
project-artifact-export/workspace/w0-rebuild/artifacts/Karen_Home_Reference_Artifacts_v1/enterprise_real_estate_backend_gate2_x/enterprise_real_estate_backend_gate2/apps/api/src/modules/listings/presentation/listings.controller.ts,.ts,2816,95601088e83cda5fa6bcc84c8a2670a14d75256d4f6975190694443eceeda155,frozen-export,Platform,Export CURRENT-v1,Historical,Frozen artifact export snapshot,-,-,-,info,support/historical
project-artifact-export/workspace/w0-rebuild/artifacts/Karen_Home_Reference_Artifacts_v1/enterprise_real_estate_backend_gate2_x/enterprise_real_estate_backend_gate2/apps/api/src/modules/properties/application/assign-owner.handler.ts,.ts,1248,c53e32970f7424b58ffac00e756ab47537e3d08a7f7f4fe61ae3299199cf88f7,frozen-export,Platform,Export CURRENT-v1,Historical,Frozen artifact export snapshot,-,-,-,info,support/historical
project-artifact-export/workspace/w0-rebuild/artifacts/Karen_Home_Reference_Artifacts_v1/enterprise_real_estate_backend_gate2_x/enterprise_real_estate_backend_gate2/apps/api/src/modules/properties/application/create-property.handler.ts,.ts,595,ee5e5014ee7444d6daff57841eda9f077338c5d76d890b6cb9c945d70cc4e5f2,frozen-export,Platform,Export CURRENT-v1,Historical,Frozen artifact export snapshot,-,-,-,info,support/historical
project-artifact-export/workspace/w0-rebuild/artifacts/Karen_Home_Reference_Artifacts_v1/enterprise_real_estate_backend_gate2_x/enterprise_real_estate_backend_gate2/apps/api/src/modules/properties/domain/property.repository.ts,.ts,173,3c293a6f10eab76b9cb7171bb7baf5a79765b0659e0b3674cd5171223a3fc001,frozen-export,Platform,Export CURRENT-v1,Historical,Frozen artifact export snapshot,-,-,-,info,support/historical
project-artifact-export/workspace/w0-rebuild/artifacts/Karen_Home_Reference_Artifacts_v1/enterprise_real_estate_backend_gate2_x/enterprise_real_estate_backend_gate2/apps/api/src/modules/properties/presentation/dto/assign-owner.dto.ts,.ts,397,19d0b8e89c3b8d38beed488df6928c1f2633127e1e9e483a0dfe1720dffc9b41,frozen-export,Platform,Export CURRENT-v1,Historical,Frozen artifact export snapshot,-,-,-,info,support/historical
project-artifact-export/workspace/w0-rebuild/artifacts/Karen_Home_Reference_Artifacts_v1/enterprise_real_estate_backend_gate2_x/enterprise_real_estate_backend_gate2/apps/api/src/modules/properties/presentation/dto/create-property.dto.ts,.ts,302,88355cc20769fe4a84a68c60861ddd8515e354023679a3a373cbc70d44726edb,frozen-export,Platform,Export CURRENT-v1,Historical,Frozen artifact export snapshot,-,-,-,info,support/historical
project-artifact-export/workspace/w0-rebuild/artifacts/Karen_Home_Reference_Artifacts_v1/enterprise_real_estate_backend_gate2_x/enterprise_real_estate_backend_gate2/apps/api/src/modules/properties/presentation/properties.controller.ts,.ts,1520,a256e6ac11fd27629c8a4b692e1561baaf2ff79d368419c8de18e4ac54de9a71,frozen-export,Platform,Export CURRENT-v1,Historical,Frozen artifact export snapshot,-,-,-,info,support/historical
project-artifact-export/workspace/w0-rebuild/artifacts/Karen_Home_Reference_Artifacts_v1/enterprise_real_estate_backend_gate2_x/enterprise_real_estate_backend_gate2/apps/api/src/modules/properties/properties.module.ts,.ts,514,9610e349bfca78d5579d9014eaafe6ed24eb08e7741cfc4947ac54f96aeeda98,frozen-export,Platform,Export CURRENT-v1,Historical,Frozen artifact export snapshot,-,-,-,info,support/historical
project-artifact-export/workspace/w0-rebuild/artifacts/Karen_Home_Reference_Artifacts_v1/enterprise_real_estate_backend_gate2_x/enterprise_real_estate_backend_gate2/apps/api/src/modules/search/presentation/search.controller.ts,.ts,286,ffcc123dda9a442e7ca514f6629b8a62244cc559b9f607b0a3937b8ce0c118bf,frozen-export,Platform,Export CURRENT-v1,Historical,Frozen artifact export snapshot,-,-,-,info,support/historical
project-artifact-export/workspace/w0-rebuild/artifacts/Karen_Home_Reference_Artifacts_v1/enterprise_real_estate_backend_gate2_x/enterprise_real_estate_backend_gate2/apps/api/src/modules/search/search.module.ts,.ts,181,4d4752f65a8b8dce2dff859d6bd0b34feb6d80aa5761d89ca66940ae07ed908a,frozen-export,Platform,Export CURRENT-v1,Historical,Frozen artifact export snapshot,-,-,-,info,support/historical
project-artifact-export/workspace/w0-rebuild/artifacts/Karen_Home_Reference_Artifacts_v1/enterprise_real_estate_backend_gate2_x/enterprise_real_estate_backend_gate2/apps/api/test/iam.service.spec.ts,.ts,657,3861246b378d1b295258a35e901a67036444e9602e8b82547626590f02e8cd85,frozen-export,Platform,Export CURRENT-v1,Historical,Frozen artifact export snapshot,-,-,-,security-critical,production-relevant
project-artifact-export/workspace/w0-rebuild/artifacts/Karen_Home_Reference_Artifacts_v1/enterprise_real_estate_backend_gate2_x/enterprise_real_estate_backend_gate2/apps/api/test/integration/db.integration.spec.ts,.ts,536,f30aaf04fbea0ab0574715de94ed89ce15f83f2e3d2a6484ee3d9b9d70ffb4dd,frozen-export,Platform,Export CURRENT-v1,Historical,Frozen artifact export snapshot,-,-,-,info,support/historical
project-artifact-export/workspace/w0-rebuild/artifacts/Karen_Home_Reference_Artifacts_v1/enterprise_real_estate_backend_gate2_x/enterprise_real_estate_backend_gate2/apps/api/test/jest-e2e.json,.json,242,c1acdb73764f2beb2365a388ef88c1256f1be321d62de05a1ce713d1b73d7f11,frozen-export,Platform,Export CURRENT-v1,Historical,Frozen artifact export snapshot,-,-,-,info,support/historical
project-artifact-export/workspace/w0-rebuild/artifacts/Karen_Home_Reference_Artifacts_v1/enterprise_real_estate_backend_gate2_x/enterprise_real_estate_backend_gate2/apps/api/test/jest-integration.json,.json,254,a357df6a6736301786ba4d054f7d5c4b7306695ff23cc7dfc604617fb0af974a,frozen-export,Platform,Export CURRENT-v1,Historical,Frozen artifact export snapshot,-,-,-,info,support/historical
project-artifact-export/workspace/w0-rebuild/artifacts/Karen_Home_Reference_Artifacts_v1/enterprise_real_estate_backend_gate2_x/enterprise_real_estate_backend_gate2/apps/api/test/listing-state.machine.spec.ts,.ts,809,55912d22bdae95f7ef1d64935afc6f2d2f7637057a09b658889c3598e95af283,frozen-export,Platform,Export CURRENT-v1,Historical,Frozen artifact export snapshot,-,-,-,info,support/historical
project-artifact-export/workspace/w0-rebuild/artifacts/Karen_Home_Reference_Artifacts_v1/enterprise_real_estate_backend_gate2_x/enterprise_real_estate_backend_gate2/apps/api/test/property.repository.contract.spec.ts,.ts,367,583526b10b583f1bacfa0a00ceaa36535e506806921f8d607f0f3e2cdbe23da8,frozen-export,Platform,Export CURRENT-v1,Historical,Frozen artifact export snapshot,-,-,-,info,support/historical
project-artifact-export/workspace/w0-rebuild/artifacts/Karen_Home_Reference_Artifacts_v1/enterprise_real_estate_backend_gate2_x/enterprise_real_estate_backend_gate2/apps/api/tsconfig.json,.json,331,806dda9b70fb9b336185645c4763ba0bc6509d6c587af25f5b8b2ab9df106b57,frozen-export,Platform,Export CURRENT-v1,Historical,Frozen artifact export snapshot,-,-,-,info,support/historical
project-artifact-export/workspace/w0-rebuild/artifacts/Karen_Home_Reference_Artifacts_v1/enterprise_real_estate_backend_gate2_x/enterprise_real_estate_backend_gate2/database/base/enterprise_real_estate_schema_frozen_v1.sql,.sql,93699,166dc3b0134538819db064d871dca6950c267dc9708f79c4fcd018617dd51e30,frozen-export,Platform,Export CURRENT-v1,Historical,Frozen artifact export snapshot,-,-,-,data-integrity,support/historical
project-artifact-export/workspace/w0-rebuild/artifacts/Karen_Home_Reference_Artifacts_v1/enterprise_real_estate_backend_gate2_x/enterprise_real_estate_backend_gate2/database/errata/0024_backend_critical_hardening.sql,.sql,5280,f2de8d451475ecaffc5ff75563c70780434a481cf649241766d57eed2764f898,frozen-export,Platform,Export CURRENT-v1,Historical,Frozen artifact export snapshot,-,-,-,data-integrity,support/historical
project-artifact-export/workspace/w0-rebuild/artifacts/Karen_Home_Reference_Artifacts_v1/enterprise_real_estate_backend_gate2_x/enterprise_real_estate_backend_gate2/database/errata/0025_additional_indexes.sql,.sql,422,9064790b6038d90f8eae7683a8818f04ccdb002d672862728b0001256629bae9,frozen-export,Platform,Export CURRENT-v1,Historical,Frozen artifact export snapshot,-,-,-,data-integrity,support/historical
project-artifact-export/workspace/w0-rebuild/artifacts/Karen_Home_Reference_Artifacts_v1/enterprise_real_estate_backend_gate2_x/enterprise_real_estate_backend_gate2/database/errata/0026_outbox_claiming.sql,.sql,277,1600280b3f639a76cc754d4ffe26d7c2d4ce075edd513a8a9605519e687c510e,frozen-export,Platform,Export CURRENT-v1,Historical,Frozen artifact export snapshot,-,-,-,data-integrity,support/historical
project-artifact-export/workspace/w0-rebuild/artifacts/Karen_Home_Reference_Artifacts_v1/enterprise_real_estate_backend_gate2_x/enterprise_real_estate_backend_gate2/database/verify/critical-invariants.sql,.sql,832,0d8f44490f93385c860e3c9ebfc690494f6c42c9ec5e80ee540e4d90cb0b6026,frozen-export,Platform,Export CURRENT-v1,Historical,Frozen artifact export snapshot,-,-,-,data-integrity,support/historical
project-artifact-export/workspace/w0-rebuild/artifacts/Karen_Home_Reference_Artifacts_v1/enterprise_real_estate_backend_gate2_x/enterprise_real_estate_backend_gate2/docker-compose.postgres.yml,.yml,455,e0eb695653211fcff6a82f01bb4851447186479ab3e74d21c9ea622779fc7f70,frozen-export,Platform,Export CURRENT-v1,Historical,Frozen artifact export snapshot,-,-,-,info,support/historical
project-artifact-export/workspace/w0-rebuild/artifacts/Karen_Home_Reference_Artifacts_v1/enterprise_real_estate_backend_gate2_x/enterprise_real_estate_backend_gate2/docs/API_CONTRACT_DELTA_GATE2.md,.md,870,250179f4da66bb712d3f408ae41398cc591879cbcaac12070ad029d199b7ab9e,frozen-export,Platform,Export CURRENT-v1,Historical,Frozen artifact export snapshot,-,-,-,info,support/historical
project-artifact-export/workspace/w0-rebuild/artifacts/Karen_Home_Reference_Artifacts_v1/enterprise_real_estate_backend_gate2_x/enterprise_real_estate_backend_gate2/docs/DEEP_AUDIT_GATE1_FILE_BY_FILE.md,.md,10282,903e847c7aeae539c6c71f073588ea028028e13074264bb2ed3631db598832c2,frozen-export,Platform,Export CURRENT-v1,Historical,Frozen artifact export snapshot,-,-,-,info,support/historical
project-artifact-export/workspace/w0-rebuild/artifacts/Karen_Home_Reference_Artifacts_v1/enterprise_real_estate_backend_gate2_x/enterprise_real_estate_backend_gate2/docs/FILE_INVENTORY_GATE2.txt,.txt,3501,7ec75081a861f3f5ca56334736636a8678cfcb51b42da9b8358babe6db0827e8,frozen-export,Platform,Export CURRENT-v1,Historical,Frozen artifact export snapshot,-,-,-,info,support/historical
project-artifact-export/workspace/w0-rebuild/artifacts/Karen_Home_Reference_Artifacts_v1/enterprise_real_estate_backend_gate2_x/enterprise_real_estate_backend_gate2/docs/GATE2_CORE_DOMAIN.md,.md,1384,aa2f41cf36d5dd0c3c036b11d7403f53f91e6295346bee71d0f5c72d664af2fc,frozen-export,Platform,Export CURRENT-v1,Historical,Frozen artifact export snapshot,-,-,-,info,support/historical
project-artifact-export/workspace/w0-rebuild/artifacts/Karen_Home_Reference_Artifacts_v1/enterprise_real_estate_backend_gate2_x/enterprise_real_estate_backend_gate2/docs/GATE2_MANIFEST.md,.md,1367,f31e55762acaa8fa78b8f7dd82b485d59b5cd167fdef506ef184b3b469fc6010,frozen-export,Platform,Export CURRENT-v1,Historical,Frozen artifact export snapshot,-,-,-,info,support/historical
project-artifact-export/workspace/w0-rebuild/artifacts/Karen_Home_Reference_Artifacts_v1/enterprise_real_estate_backend_gate2_x/enterprise_real_estate_backend_gate2/docs/IMPLEMENTATION_GATE_1.md,.md,114,8fd3ab6e54d9feec18497b1b0789c62868124fdd660e4fbbe3000f3b85ecfbaa,frozen-export,Platform,Export CURRENT-v1,Historical,Frozen artifact export snapshot,-,-,-,info,support/historical
project-artifact-export/workspace/w0-rebuild/artifacts/Karen_Home_Reference_Artifacts_v1/enterprise_real_estate_backend_gate2_x/enterprise_real_estate_backend_gate2/docs/IMPLEMENTATION_GATE_2.md,.md,288,bd83a69f8d244e862f696f0611080186629afbef13e67425e3cf28f7020d6e99,frozen-export,Platform,Export CURRENT-v1,Historical,Frozen artifact export snapshot,-,-,-,info,support/historical
project-artifact-export/workspace/w0-rebuild/artifacts/Karen_Home_Reference_Artifacts_v1/enterprise_real_estate_backend_gate2_x/enterprise_real_estate_backend_gate2/docs/IMPLEMENTATION_STATUS.md,.md,583,2e337964b849047e314a418d24906f89c843f0dd010c286d303749c68c508991,frozen-export,Platform,Export CURRENT-v1,Historical,Frozen artifact export snapshot,-,-,-,info,support/historical
project-artifact-export/workspace/w0-rebuild/artifacts/Karen_Home_Reference_Artifacts_v1/enterprise_real_estate_backend_gate2_x/enterprise_real_estate_backend_gate2/docs/NEXT_GATE.md,.md,176,9b2bbe36ae6997dc3641bcf820bc7c799207fe8946d2934571067d972a1e65d7,frozen-export,Platform,Export CURRENT-v1,Historical,Frozen artifact export snapshot,-,-,-,info,support/historical
project-artifact-export/workspace/w0-rebuild/artifacts/Karen_Home_Reference_Artifacts_v1/enterprise_real_estate_backend_gate2_x/enterprise_real_estate_backend_gate2/docs/SCHEMA_ERRATA_1_1.md,.md,966,114d79921cd4feb1d7959f55d8ec4600d8d425586f9d3285ec9413147648fef4,frozen-export,Platform,Export CURRENT-v1,Historical,Frozen artifact export snapshot,-,-,-,info,support/historical
project-artifact-export/workspace/w0-rebuild/artifacts/Karen_Home_Reference_Artifacts_v1/enterprise_real_estate_backend_gate2_x/enterprise_real_estate_backend_gate2/docs/SHA256SUMS.txt,.txt,9025,6cc65964715c9e7d87522272b0613186fdc7abed4f9dcc163422a7d5f2fcdb6c,frozen-export,Platform,Export CURRENT-v1,Historical,Frozen artifact export snapshot,-,-,-,info,support/historical
project-artifact-export/workspace/w0-rebuild/artifacts/Karen_Home_Reference_Artifacts_v1/enterprise_real_estate_backend_gate2_x/enterprise_real_estate_backend_gate2/docs/STATIC_REVIEW_CHECKS.md,.md,1189,0dbc512990eed73fffeda31d83f8f8feed5642d3800ab2de5393abb7973b7175,frozen-export,Platform,Export CURRENT-v1,Historical,Frozen artifact export snapshot,-,-,-,info,support/historical
project-artifact-export/workspace/w0-rebuild/artifacts/Karen_Home_Reference_Artifacts_v1/enterprise_real_estate_backend_gate2_x/enterprise_real_estate_backend_gate2/docs/STATIC_TS_SYNTAX_REPORT.json,.json,31,c020bd9d052a211452d137fe189a34016481317de8ade82e20626081efff6a57,frozen-export,Platform,Export CURRENT-v1,Historical,Frozen artifact export snapshot,-,-,-,info,support/historical
project-artifact-export/workspace/w0-rebuild/artifacts/Karen_Home_Reference_Artifacts_v1/enterprise_real_estate_backend_gate2_x/enterprise_real_estate_backend_gate2/package.json,.json,656,7057bd46ed0cb79d8a184f8d609e85dacfa59d52158841827b6dc081fa0e3f6f,frozen-export,Platform,Export CURRENT-v1,Historical,Frozen artifact export snapshot,-,-,-,info,support/historical
project-artifact-export/workspace/w0-rebuild/artifacts/Karen_Home_Reference_Artifacts_v1/enterprise_real_estate_backend_gate2_x/enterprise_real_estate_backend_gate2/packages/contracts/package.json,.json,240,660e7ef2d4e3512cc51635d07c6db19c8dbecd752b121df0933c7da069720332,frozen-export,Platform,Export CURRENT-v1,Historical,Frozen artifact export snapshot,-,-,-,info,support/historical
project-artifact-export/workspace/w0-rebuild/artifacts/Karen_Home_Reference_Artifacts_v1/enterprise_real_estate_backend_gate2_x/enterprise_real_estate_backend_gate2/packages/contracts/src/index.ts,.ts,561,51cc16daa1bfc0ca4a1fd6698f30cce9a0e50ecd662f4e3d03ef11b5e06f505b,frozen-export,Platform,Export CURRENT-v1,Historical,Frozen artifact export snapshot,-,-,-,info,support/historical
project-artifact-export/workspace/w0-rebuild/artifacts/Karen_Home_Reference_Artifacts_v1/enterprise_real_estate_backend_gate2_x/enterprise_real_estate_backend_gate2/packages/contracts/tsconfig.json,.json,286,89b84208b883bd999233174b1ff4c1c94ff75db04cc2e511f579b37a10e79b4c,frozen-export,Platform,Export CURRENT-v1,Historical,Frozen artifact export snapshot,-,-,-,info,support/historical
project-artifact-export/workspace/w0-rebuild/artifacts/Karen_Home_Reference_Artifacts_v1/enterprise_real_estate_backend_gate2_x/enterprise_real_estate_backend_gate2/packages/db/package.json,.json,367,6eadbba2ee4a3938a85b3cb78f2693e52fc647054f19f77aad11403889af0f56,frozen-export,Platform,Export CURRENT-v1,Historical,Frozen artifact export snapshot,-,-,-,info,support/historical
project-artifact-export/workspace/w0-rebuild/artifacts/Karen_Home_Reference_Artifacts_v1/enterprise_real_estate_backend_gate2_x/enterprise_real_estate_backend_gate2/packages/db/src/README.md,.md,293,4852ae52a10eeecfaa43a9b590686df6aba35c8658b157dc260978b17a9ed221,frozen-export,Platform,Export CURRENT-v1,Historical,Frozen artifact export snapshot,-,-,-,info,support/historical
project-artifact-export/workspace/w0-rebuild/artifacts/Karen_Home_Reference_Artifacts_v1/enterprise_real_estate_backend_gate2_x/enterprise_real_estate_backend_gate2/packages/db/src/audit-repository.ts,.ts,1079,b89b9401e07e9aef96e13652905fdbd0c7dd1c369488affeea848b517b878550,frozen-export,Platform,Export CURRENT-v1,Historical,Frozen artifact export snapshot,-,-,-,info,support/historical
project-artifact-export/workspace/w0-rebuild/artifacts/Karen_Home_Reference_Artifacts_v1/enterprise_real_estate_backend_gate2_x/enterprise_real_estate_backend_gate2/packages/db/src/iam-repository.ts,.ts,8953,d1d6c4d3eb8f5878e55ea84f9967f29d020a4cbd151c36de785ef34569d3fc71,frozen-export,Platform,Export CURRENT-v1,Historical,Frozen artifact export snapshot,-,-,-,security-critical,production-relevant
project-artifact-export/workspace/w0-rebuild/artifacts/Karen_Home_Reference_Artifacts_v1/enterprise_real_estate_backend_gate2_x/enterprise_real_estate_backend_gate2/packages/db/src/index.ts,.ts,221,8d3b772006e84f5749033ad3b4bb8453590f5e194f2ca51d58bc4b28b9742fc4,frozen-export,Platform,Export CURRENT-v1,Historical,Frozen artifact export snapshot,-,-,-,info,support/historical
project-artifact-export/workspace/w0-rebuild/artifacts/Karen_Home_Reference_Artifacts_v1/enterprise_real_estate_backend_gate2_x/enterprise_real_estate_backend_gate2/packages/db/src/listing-repository.ts,.ts,8632,f9f46f952407c27ebbf97979c89adb508a805942b524e4265fa7de0163d880d5,frozen-export,Platform,Export CURRENT-v1,Historical,Frozen artifact export snapshot,-,-,-,info,support/historical
project-artifact-export/workspace/w0-rebuild/artifacts/Karen_Home_Reference_Artifacts_v1/enterprise_real_estate_backend_gate2_x/enterprise_real_estate_backend_gate2/packages/db/src/outbox-repository.ts,.ts,2407,77320d741110d5357ef327505eb799450f81ba16ea2b283f02dda2f5ed5dfa28,frozen-export,Platform,Export CURRENT-v1,Historical,Frozen artifact export snapshot,-,-,-,info,support/historical
project-artifact-export/workspace/w0-rebuild/artifacts/Karen_Home_Reference_Artifacts_v1/enterprise_real_estate_backend_gate2_x/enterprise_real_estate_backend_gate2/packages/db/src/postgres-database.ts,.ts,2434,6c63fc67ca774f5b18384c1b74d7abeb50d21672aac1cc15e1d164b6588cae59,frozen-export,Platform,Export CURRENT-v1,Historical,Frozen artifact export snapshot,-,-,-,info,support/historical
project-artifact-export/workspace/w0-rebuild/artifacts/Karen_Home_Reference_Artifacts_v1/enterprise_real_estate_backend_gate2_x/enterprise_real_estate_backend_gate2/packages/db/src/property-repository.ts,.ts,6141,201cdfe82c09a01ac1860343cf575d94f769fee99bc902af31145da1175fc06c,frozen-export,Platform,Export CURRENT-v1,Historical,Frozen artifact export snapshot,-,-,-,info,support/historical
project-artifact-export/workspace/w0-rebuild/artifacts/Karen_Home_Reference_Artifacts_v1/enterprise_real_estate_backend_gate2_x/enterprise_real_estate_backend_gate2/packages/db/tsconfig.json,.json,309,4ba87aeb53eb637bbfaada247a414c1e859e47c838d667795c837e4309a4a542,frozen-export,Platform,Export CURRENT-v1,Historical,Frozen artifact export snapshot,-,-,-,info,support/historical
project-artifact-export/workspace/w0-rebuild/artifacts/Karen_Home_Reference_Artifacts_v1/enterprise_real_estate_backend_gate2_x/enterprise_real_estate_backend_gate2/pnpm-workspace.yaml,.yaml,36,253208fa7c1b64372c219b9e19cef15ed70ca93b66a4d5c4c4d2297a5aff8880,frozen-export,Platform,Export CURRENT-v1,Historical,Frozen artifact export snapshot,-,-,-,info,support/historical
project-artifact-export/workspace/w0-rebuild/artifacts/Karen_Home_Reference_Artifacts_v1/enterprise_real_estate_backend_gate2_x/enterprise_real_estate_backend_gate2/scripts/apply-schema.sh,.sh,636,669dd5a20a4dfed22f42b70d50c1b8da32d3fe262154b84cfdbe6fe277ebb775,frozen-export,Platform,Export CURRENT-v1,Historical,Frozen artifact export snapshot,-,-,-,info,support/historical
project-artifact-export/workspace/w0-rebuild/artifacts/Karen_Home_Reference_Artifacts_v1/enterprise_real_estate_backend_skeleton_v1_x/enterprise_real_estate_backend_skeleton_v1/apps/api/package.json,.json,471,f4409460f3fe769f323aa5a1a41f3a8a10d97f6f2ec95d7c231ae0cdf886a05d,frozen-export,Platform,Export CURRENT-v1,Historical,Frozen artifact export snapshot,-,-,-,info,support/historical
project-artifact-export/workspace/w0-rebuild/artifacts/Karen_Home_Reference_Artifacts_v1/enterprise_real_estate_backend_skeleton_v1_x/enterprise_real_estate_backend_skeleton_v1/apps/api/src/app.module.ts,.ts,416,51edb58cc547f341587fcfcdbdeec23c0e774165968405206245da75aad21abe,frozen-export,Platform,Export CURRENT-v1,Historical,Frozen artifact export snapshot,-,-,-,info,support/historical
project-artifact-export/workspace/w0-rebuild/artifacts/Karen_Home_Reference_Artifacts_v1/enterprise_real_estate_backend_skeleton_v1_x/enterprise_real_estate_backend_skeleton_v1/apps/api/src/main.ts,.ts,874,36ff9abb86372c81cb0346608fa63686f25233ee6fa85fcdb987166eeb853412,frozen-export,Platform,Export CURRENT-v1,Historical,Frozen artifact export snapshot,-,-,-,info,support/historical
project-artifact-export/workspace/w0-rebuild/artifacts/Karen_Home_Reference_Artifacts_v1/enterprise_real_estate_backend_skeleton_v1_x/enterprise_real_estate_backend_skeleton_v1/apps/api/src/modules/health/health.module.ts,.ts,238,e5442f6039fdb4f9e3eb1210559d01a205ad99edef40cd703e81ff376e2c2ad2,frozen-export,Platform,Export CURRENT-v1,Historical,Frozen artifact export snapshot,-,-,-,info,support/historical
project-artifact-export/workspace/w0-rebuild/artifacts/Karen_Home_Reference_Artifacts_v1/enterprise_real_estate_backend_skeleton_v1_x/enterprise_real_estate_backend_skeleton_v1/apps/api/src/modules/listings/listings.module.ts,.ts,189,4888be8f67880e51560fd94d9e6883505580dbe51a5f20177db6cc1d40f2e760,frozen-export,Platform,Export CURRENT-v1,Historical,Frozen artifact export snapshot,-,-,-,info,support/historical
project-artifact-export/workspace/w0-rebuild/artifacts/Karen_Home_Reference_Artifacts_v1/enterprise_real_estate_backend_skeleton_v1_x/enterprise_real_estate_backend_skeleton_v1/apps/api/src/modules/listings/presentation/listings.controller.ts,.ts,363,24df2a61f433c207ae8ddcc6b7b196b3cf5ac5925dd6309c41610beee33f3efe,frozen-export,Platform,Export CURRENT-v1,Historical,Frozen artifact export snapshot,-,-,-,info,support/historical
project-artifact-export/workspace/w0-rebuild/artifacts/Karen_Home_Reference_Artifacts_v1/enterprise_real_estate_backend_skeleton_v1_x/enterprise_real_estate_backend_skeleton_v1/apps/api/src/modules/properties/application/create-property.handler.ts,.ts,572,39da76e497be4ff4e17fd73c4de9fdf66880b3596e1114f13abd48425288c59d,frozen-export,Platform,Export CURRENT-v1,Historical,Frozen artifact export snapshot,-,-,-,info,support/historical
project-artifact-export/workspace/w0-rebuild/artifacts/Karen_Home_Reference_Artifacts_v1/enterprise_real_estate_backend_skeleton_v1_x/enterprise_real_estate_backend_skeleton_v1/apps/api/src/modules/properties/domain/property.repository.ts,.ts,333,9a434be239114eb5f5e6e858d20369c4e3c80ea53a2ebae6b202a7b8c83e75a8,frozen-export,Platform,Export CURRENT-v1,Historical,Frozen artifact export snapshot,-,-,-,info,support/historical
project-artifact-export/workspace/w0-rebuild/artifacts/Karen_Home_Reference_Artifacts_v1/enterprise_real_estate_backend_skeleton_v1_x/enterprise_real_estate_backend_skeleton_v1/apps/api/src/modules/properties/infrastructure/in-memory-property.repository.ts,.ts,352,3d7623e4468cd4b008708deb876a725bb378be40d313bc0ef968fb7d8b77070c,frozen-export,Platform,Export CURRENT-v1,Historical,Frozen artifact export snapshot,-,-,-,info,support/historical
project-artifact-export/workspace/w0-rebuild/artifacts/Karen_Home_Reference_Artifacts_v1/enterprise_real_estate_backend_skeleton_v1_x/enterprise_real_estate_backend_skeleton_v1/apps/api/src/modules/properties/presentation/dto/create-property.dto.ts,.ts,237,7f1abb8a7a1a77d2a8f98c7d2f90b7cf8e0fe1a6fd2b3a65b6f6097b9063453c,frozen-export,Platform,Export CURRENT-v1,Historical,Frozen artifact export snapshot,-,-,-,info,support/historical
project-artifact-export/workspace/w0-rebuild/artifacts/Karen_Home_Reference_Artifacts_v1/enterprise_real_estate_backend_skeleton_v1_x/enterprise_real_estate_backend_skeleton_v1/apps/api/src/modules/properties/presentation/properties.controller.ts,.ts,500,8b006df5c778cd7d93a3191c533be983a89220ad11e8ac2ef3c7254c8d8bbb47,frozen-export,Platform,Export CURRENT-v1,Historical,Frozen artifact export snapshot,-,-,-,info,support/historical
project-artifact-export/workspace/w0-rebuild/artifacts/Karen_Home_Reference_Artifacts_v1/enterprise_real_estate_backend_skeleton_v1_x/enterprise_real_estate_backend_skeleton_v1/apps/api/src/modules/properties/properties.module.ts,.ts,564,60e0d1c7c17dcdce7f685fdee2da52c6c70ec5669db2c6f5736f25de002c6e33,frozen-export,Platform,Export CURRENT-v1,Historical,Frozen artifact export snapshot,-,-,-,info,support/historical
project-artifact-export/workspace/w0-rebuild/artifacts/Karen_Home_Reference_Artifacts_v1/enterprise_real_estate_backend_skeleton_v1_x/enterprise_real_estate_backend_skeleton_v1/apps/api/src/modules/search/presentation/search.controller.ts,.ts,209,ea761a01ee451aa46bb94c29406367ef79729c76ae4aae55f33dfd4f295879f7,frozen-export,Platform,Export CURRENT-v1,Historical,Frozen artifact export snapshot,-,-,-,info,support/historical
project-artifact-export/workspace/w0-rebuild/artifacts/Karen_Home_Reference_Artifacts_v1/enterprise_real_estate_backend_skeleton_v1_x/enterprise_real_estate_backend_skeleton_v1/apps/api/src/modules/search/search.module.ts,.ts,181,4d4752f65a8b8dce2dff859d6bd0b34feb6d80aa5761d89ca66940ae07ed908a,frozen-export,Platform,Export CURRENT-v1,Historical,Frozen artifact export snapshot,-,-,-,info,support/historical
project-artifact-export/workspace/w0-rebuild/artifacts/Karen_Home_Reference_Artifacts_v1/enterprise_real_estate_backend_skeleton_v1_x/enterprise_real_estate_backend_skeleton_v1/apps/api/tsconfig.json,.json,331,806dda9b70fb9b336185645c4763ba0bc6509d6c587af25f5b8b2ab9df106b57,frozen-export,Platform,Export CURRENT-v1,Historical,Frozen artifact export snapshot,-,-,-,info,support/historical
project-artifact-export/workspace/w0-rebuild/artifacts/Karen_Home_Reference_Artifacts_v1/enterprise_real_estate_backend_skeleton_v1_x/enterprise_real_estate_backend_skeleton_v1/docs/IMPLEMENTATION_STATUS.md,.md,583,2e337964b849047e314a418d24906f89c843f0dd010c286d303749c68c508991,frozen-export,Platform,Export CURRENT-v1,Historical,Frozen artifact export snapshot,-,-,-,info,support/historical
project-artifact-export/workspace/w0-rebuild/artifacts/Karen_Home_Reference_Artifacts_v1/enterprise_real_estate_backend_skeleton_v1_x/enterprise_real_estate_backend_skeleton_v1/docs/NEXT_GATE.md,.md,406,705150c31681255134a9757aa065ee5eb638ad858e2aab5353fa83146471d5b8,frozen-export,Platform,Export CURRENT-v1,Historical,Frozen artifact export snapshot,-,-,-,info,support/historical
project-artifact-export/workspace/w0-rebuild/artifacts/Karen_Home_Reference_Artifacts_v1/enterprise_real_estate_backend_skeleton_v1_x/enterprise_real_estate_backend_skeleton_v1/package.json,.json,287,0ccb9305d2f7e13a459c2b7a20015c3734251d06210ff7a0f607a73b75bdc166,frozen-export,Platform,Export CURRENT-v1,Historical,Frozen artifact export snapshot,-,-,-,info,support/historical
project-artifact-export/workspace/w0-rebuild/artifacts/Karen_Home_Reference_Artifacts_v1/enterprise_real_estate_backend_skeleton_v1_x/enterprise_real_estate_backend_skeleton_v1/packages/contracts/package.json,.json,113,0263d919d3c48793abf176dabe06476abc067e3bc5951a869cac26d746c48713,frozen-export,Platform,Export CURRENT-v1,Historical,Frozen artifact export snapshot,-,-,-,info,support/historical
project-artifact-export/workspace/w0-rebuild/artifacts/Karen_Home_Reference_Artifacts_v1/enterprise_real_estate_backend_skeleton_v1_x/enterprise_real_estate_backend_skeleton_v1/packages/contracts/src/index.ts,.ts,281,5cc88efe7c392a2f2f32ac82f15b927fe0c018fa47ba8bbcc9f065cb80837904,frozen-export,Platform,Export CURRENT-v1,Historical,Frozen artifact export snapshot,-,-,-,info,support/historical
project-artifact-export/workspace/w0-rebuild/artifacts/Karen_Home_Reference_Artifacts_v1/enterprise_real_estate_backend_skeleton_v1_x/enterprise_real_estate_backend_skeleton_v1/packages/db/package.json,.json,57,29d6e8ff3228109ebaaa44e91c5ee911849b7996087baf15ab635a303d46b216,frozen-export,Platform,Export CURRENT-v1,Historical,Frozen artifact export snapshot,-,-,-,info,support/historical
project-artifact-export/workspace/w0-rebuild/artifacts/Karen_Home_Reference_Artifacts_v1/enterprise_real_estate_backend_skeleton_v1_x/enterprise_real_estate_backend_skeleton_v1/packages/db/src/README.md,.md,285,c5d8de5d2804e164e4d2b86f96973e1c91785b5d6f110547f9df4a70e5a55d99,frozen-export,Platform,Export CURRENT-v1,Historical,Frozen artifact export snapshot,-,-,-,info,support/historical
project-artifact-export/workspace/w0-rebuild/artifacts/Karen_Home_Reference_Artifacts_v1/enterprise_real_estate_backend_skeleton_v1_x/enterprise_real_estate_backend_skeleton_v1/pnpm-workspace.yaml,.yaml,36,253208fa7c1b64372c219b9e19cef15ed70ca93b66a4d5c4c4d2297a5aff8880,frozen-export,Platform,Export CURRENT-v1,Historical,Frozen artifact export snapshot,-,-,-,info,support/historical
project-artifact-export/workspace/w0-rebuild/bundle/Karen_Home_Reference_Artifacts_v1.zip,.zip,317595,9c43fec79fdada593344606bf01c4ec7ac461f00cf0b2a5f5e4b37c62ebf8a63,frozen-export,Platform,Export CURRENT-v1,Historical,Frozen artifact export snapshot,-,-,-,info,support/historical
project-artifact-export/workspace/w0-rebuild/bundle/Karen_Home_ZAI_Master_Prompt (1).md,.md,97447,bcdebe3ad069a754bafbc6ed6e464195596074787625549801c0fe025ca4d1b6,frozen-export,Platform,Export CURRENT-v1,Historical,Frozen artifact export snapshot,-,-,-,info,support/historical
project-artifact-export/workspace/w0-rebuild/downloads.zip,.zip,351458,af3a60e5af59fc1f90fe9c5edfd9e5dddd8afe8faf4d0de49baf3c5c00b4982a,frozen-export,Platform,Export CURRENT-v1,Historical,Frozen artifact export snapshot,-,-,-,info,support/historical
project-artifact-export/workspace/w0-rebuild/page_or_zip.bin,.bin,2817,834306e5631af0bdc92674569d968a2223d856cbfd66c56470aa8ca27bb133f2,frozen-export,Platform,Export CURRENT-v1,Historical,Frozen artifact export snapshot,-,-,-,info,support/historical
project-artifact-export/workspace/w0-work/backend/.env.example,.example,369,9fd5b35efb0399c22b59a163632cec9e6833870dd2554516af657c6880a0258e,frozen-export,Platform,Export CURRENT-v1,Historical,Frozen artifact export snapshot,-,-,-,info,support/historical
project-artifact-export/workspace/w0-work/backend/README.md,.md,879,88c58f09a458b59c767ad72f2bafdb3e5c6ad60e65ce69a0c15c7db6a7b221b0,frozen-export,Platform,Export CURRENT-v1,Historical,Frozen artifact export snapshot,-,-,-,info,support/historical
project-artifact-export/workspace/w0-work/backend/RECOVERY.md,.md,2424,7dcffa6fb4260077e2dd641d99c377f41a7940f832a0a07fa58ac59c80de6b76,frozen-export,Platform,Export CURRENT-v1,Historical,Frozen artifact export snapshot,-,-,-,info,support/historical
project-artifact-export/workspace/w0-work/backend/apps/api/dist/app.module.js,.js,3536,0d79ed0778aa8253cd1fff036b10b1b10841979f5ebef4f65e5e2ed4f21f1690,frozen-export,Platform,Export CURRENT-v1,Historical,Frozen artifact export snapshot,-,-,-,info,support/historical
project-artifact-export/workspace/w0-work/backend/apps/api/dist/common/antibot/antibot.service.js,.js,5548,651dc1a4ad95f4a6b6ce733cd47480cb1978c9f791db5099287b74a75f39c79d,frozen-export,Platform,Export CURRENT-v1,Historical,Frozen artifact export snapshot,-,-,-,info,support/historical
project-artifact-export/workspace/w0-work/backend/apps/api/dist/common/auth/access-token.guard.js,.js,2473,130ec4ac25716860f8e4bb004a78261f0e387b0ee03fef155f7d1b03195cbf5b,frozen-export,Platform,Export CURRENT-v1,Historical,Frozen artifact export snapshot,-,-,-,security-critical,production-relevant
project-artifact-export/workspace/w0-work/backend/apps/api/dist/common/auth/access-token.service.js,.js,3180,f2517cc0e71e0c0ce2678642fcd3088c86a23ad3a273b3d4b7a3f1a5ace91a3f,frozen-export,Platform,Export CURRENT-v1,Historical,Frozen artifact export snapshot,-,-,-,security-critical,production-relevant
project-artifact-export/workspace/w0-work/backend/apps/api/dist/common/auth/auth.module.js,.js,1184,7e0b6c7bfa3a6ed0de099e29afcbf77732709681cb92d9ae3ec0da3846a462ab,frozen-export,Platform,Export CURRENT-v1,Historical,Frozen artifact export snapshot,-,-,-,security-critical,production-relevant
project-artifact-export/workspace/w0-work/backend/apps/api/dist/common/auth/auth.spec.js,.js,655,34f767d2b01a8edd20e8756c0e40989309ef95a529b86883fa1653e49ac39d17,frozen-export,Platform,Export CURRENT-v1,Historical,Frozen artifact export snapshot,-,-,-,security-critical,production-relevant
project-artifact-export/workspace/w0-work/backend/apps/api/dist/common/auth/auth.types.js,.js,146,682d52b8b0233918250d3c75d7114f61e0befa2d56e8d46061434fe430841061,frozen-export,Platform,Export CURRENT-v1,Historical,Frozen artifact export snapshot,-,-,-,security-critical,production-relevant
project-artifact-export/workspace/w0-work/backend/apps/api/dist/common/auth/current-user.decorator.js,.js,308,959db89b46bd2b964a6fd15aa932b400f000e1edebd93fea6c042b06087b4b53,frozen-export,Platform,Export CURRENT-v1,Historical,Frozen artifact export snapshot,-,-,-,security-critical,production-relevant
project-artifact-export/workspace/w0-work/backend/apps/api/dist/common/auth/permissions.decorator.js,.js,395,d51ea87ac927ee92b04302ebe269abc09efa3b8a697049cd84e6371b41427784,frozen-export,Platform,Export CURRENT-v1,Historical,Frozen artifact export snapshot,-,-,-,security-critical,production-relevant
project-artifact-export/workspace/w0-work/backend/apps/api/dist/common/auth/permissions.guard.js,.js,2592,47b91452c3cbc03a1f8c04f3c5245bc94ec401772fd8ef4ed95ec26dbc44f426,frozen-export,Platform,Export CURRENT-v1,Historical,Frozen artifact export snapshot,-,-,-,security-critical,production-relevant
project-artifact-export/workspace/w0-work/backend/apps/api/dist/common/auth/secret-cipher.js,.js,1747,47c88bb56949a8f966238f8832fd7503d64a61c8b9bbdd9cae4f05ce83448b81,frozen-export,Platform,Export CURRENT-v1,Historical,Frozen artifact export snapshot,-,-,-,security-critical,production-relevant
project-artifact-export/workspace/w0-work/backend/apps/api/dist/common/auth/totp.js,.js,3217,8ce84603bbc372187ff92dde98552e03c89a0e1dfb6a7332b0a7de8df20dd05e,frozen-export,Platform,Export CURRENT-v1,Historical,Frozen artifact export snapshot,-,-,-,security-critical,production-relevant
project-artifact-export/workspace/w0-work/backend/apps/api/dist/common/config/app-config.js,.js,5467,d198b294e0a611f00daf4a00f785b1ccc48e20366e6ce95592b09d76fd3e52c0,frozen-export,Platform,Export CURRENT-v1,Historical,Frozen artifact export snapshot,-,-,-,info,support/historical
project-artifact-export/workspace/w0-work/backend/apps/api/dist/common/config/env.validation.js,.js,1319,35616ab5d09f3731e4665164d58f19f6d1d1c832394838bfece03edd36f0b2ac,frozen-export,Platform,Export CURRENT-v1,Historical,Frozen artifact export snapshot,-,-,-,info,support/historical
project-artifact-export/workspace/w0-work/backend/apps/api/dist/common/errors/http-exception.filter.js,.js,5015,7829d678860bfd200734e019609db8f3a24a28afce8bd870568ec9171c8370d0,frozen-export,Platform,Export CURRENT-v1,Historical,Frozen artifact export snapshot,-,-,-,info,support/historical
project-artifact-export/workspace/w0-work/backend/apps/api/dist/common/http/rate-limit.service.js,.js,1804,b22f9aa9293e7612060f780db3dede003079920329e0a1ec752d3970efec5ca2,frozen-export,Platform,Export CURRENT-v1,Historical,Frozen artifact export snapshot,-,-,-,info,support/historical
project-artifact-export/workspace/w0-work/backend/apps/api/dist/common/i18n/error-catalog.js,.js,6472,b7777ec95138f9607e56232d119e069c95865e04c8946dcb3c3d93b2e121277b,frozen-export,Platform,Export CURRENT-v1,Historical,Frozen artifact export snapshot,-,-,-,info,support/historical
project-artifact-export/workspace/w0-work/backend/apps/api/dist/common/observability/logger.js,.js,2120,07ff6127a3dd00bcab106af98f1ec5bd52dcadbd2cbc8d149e7dcb0b32aa6561,frozen-export,Platform,Export CURRENT-v1,Historical,Frozen artifact export snapshot,-,-,-,info,support/historical
project-artifact-export/workspace/w0-work/backend/apps/api/dist/common/observability/metrics.controller.js,.js,1879,88ec589981d20126a0833b09796cbe6944aee89c6936b410e179dab556f8c02c,frozen-export,Platform,Export CURRENT-v1,Historical,Frozen artifact export snapshot,-,-,-,info,support/historical
project-artifact-export/workspace/w0-work/backend/apps/api/dist/common/observability/metrics.js,.js,3680,91f7d13b9959df127a210aa47325f9cfcebacb66f9d2e694c18eb4c01b5c3770,frozen-export,Platform,Export CURRENT-v1,Historical,Frozen artifact export snapshot,-,-,-,info,support/historical
project-artifact-export/workspace/w0-work/backend/apps/api/dist/common/observability/observability.module.js,.js,1480,c28c1e567803a87274541060b11f0183f07cca17be12a6d41d7f536be8e23af4,frozen-export,Platform,Export CURRENT-v1,Historical,Frozen artifact export snapshot,-,-,-,info,support/historical
project-artifact-export/workspace/w0-work/backend/apps/api/dist/infrastructure/database.module.js,.js,4422,2bf8b05a3f4f0109627866e1f909bfdd5d03f9ad6c169fad119e0b68670f0a18,frozen-export,Platform,Export CURRENT-v1,Historical,Frozen artifact export snapshot,-,-,-,info,support/historical
project-artifact-export/workspace/w0-work/backend/apps/api/dist/main.js,.js,5459,af4532ef63914ba9d4f26a7df240acca49184785fec7606646b779c392f209d1,frozen-export,Platform,Export CURRENT-v1,Historical,Frozen artifact export snapshot,-,-,-,info,support/historical
project-artifact-export/workspace/w0-work/backend/apps/api/dist/modules/admin/admin.module.js,.js,1422,5305c3d420a221ed9a059256d53dc04902c85bb33cbd2d0cdc58daa57d878985,frozen-export,Platform,Export CURRENT-v1,Historical,Frozen artifact export snapshot,-,-,-,info,support/historical
project-artifact-export/workspace/w0-work/backend/apps/api/dist/modules/admin/presentation/admin.controller.js,.js,5729,9b3cfdc4d1175c2a7b9b6289ef9283eb6fe04eef51d02be7bb527788ad718cdc,frozen-export,Platform,Export CURRENT-v1,Historical,Frozen artifact export snapshot,-,-,-,info,support/historical
project-artifact-export/workspace/w0-work/backend/apps/api/dist/modules/advertising/advertising.module.js,.js,1583,6bdae4781534c84fdb57f91ea218fce40acd3c50b297a59cc34df983561cd777,frozen-export,Platform,Export CURRENT-v1,Historical,Frozen artifact export snapshot,-,-,-,info,support/historical
project-artifact-export/workspace/w0-work/backend/apps/api/dist/modules/advertising/application/advertising-admin.service.js,.js,3395,7d4618cc9761ef71a84e6a65cb364c0fea8f86ecbd96e6c259d68e22c753d39b,frozen-export,Platform,Export CURRENT-v1,Historical,Frozen artifact export snapshot,-,-,-,info,support/historical
project-artifact-export/workspace/w0-work/backend/apps/api/dist/modules/advertising/application/advertising.service.js,.js,6434,8b62847b3860e5dae7846cfadecd57616c36c0d3bd3c33766724797a67c1693c,frozen-export,Platform,Export CURRENT-v1,Historical,Frozen artifact export snapshot,-,-,-,info,support/historical
project-artifact-export/workspace/w0-work/backend/apps/api/dist/modules/advertising/presentation/ads.controller.js,.js,13925,467da1be55c4a719ff3ca53875f55da1c72bd2ab12a1930f0447bb5a90bb3664,frozen-export,Platform,Export CURRENT-v1,Historical,Frozen artifact export snapshot,-,-,-,info,support/historical
project-artifact-export/workspace/w0-work/backend/apps/api/dist/modules/authorization/authorization.module.js,.js,1282,f1a75cdb0ac4a52842a0c6288ba7163800dd989d841e080053d2eefcc5752df3,frozen-export,Platform,Export CURRENT-v1,Historical,Frozen artifact export snapshot,-,-,-,security-critical,production-relevant
project-artifact-export/workspace/w0-work/backend/apps/api/dist/modules/billing/application/billing-admin.guard.js,.js,1823,31b2e3ba48edf59aec4a7fde42031b0c73a6af6fd6fce2098802db4adb391779,frozen-export,Platform,Export CURRENT-v1,Historical,Frozen artifact export snapshot,-,-,-,info,support/historical
project-artifact-export/workspace/w0-work/backend/apps/api/dist/modules/billing/application/billing.service.js,.js,8633,a9f34f75882f29d3e96d7bc9400051894fcd471809c13865c0b301594c9fe34c,frozen-export,Platform,Export CURRENT-v1,Historical,Frozen artifact export snapshot,-,-,-,info,support/historical
project-artifact-export/workspace/w0-work/backend/apps/api/dist/modules/billing/billing.module.js,.js,1474,edad3b4553858ceff7319bc652d83fbcbb111f1381338d5319fe34b6b2797044,frozen-export,Platform,Export CURRENT-v1,Historical,Frozen artifact export snapshot,-,-,-,info,support/historical
project-artifact-export/workspace/w0-work/backend/apps/api/dist/modules/billing/presentation/billing.controller.js,.js,9903,de37614bd05da162c9c84dab135556c71867fcdb279571935516096e4ee3a3c4,frozen-export,Platform,Export CURRENT-v1,Historical,Frozen artifact export snapshot,-,-,-,info,support/historical
project-artifact-export/workspace/w0-work/backend/apps/api/dist/modules/commission/application/commission-engine.service.js,.js,8998,2b7bf0623e05b61aab9ab5bb8f820201f9f5b29f00bd08fbce4ad858b0792a47,frozen-export,Platform,Export CURRENT-v1,Historical,Frozen artifact export snapshot,-,-,-,info,support/historical
project-artifact-export/workspace/w0-work/backend/apps/api/dist/modules/commission/application/commission-settlement.service.js,.js,4359,c01fc287f3414f17040a237f2e2f475a5ca8c67bc78b86144c22b8f6d32566e7,frozen-export,Platform,Export CURRENT-v1,Historical,Frozen artifact export snapshot,-,-,-,info,support/historical
project-artifact-export/workspace/w0-work/backend/apps/api/dist/modules/commission/commission.module.js,.js,1608,8d816b8a4ca762f909e38f374c833c8c062fd01c1e5d5b02b4ccf8107eba2476,frozen-export,Platform,Export CURRENT-v1,Historical,Frozen artifact export snapshot,-,-,-,info,support/historical
project-artifact-export/workspace/w0-work/backend/apps/api/dist/modules/commission/presentation/commission.controller.js,.js,13644,15cb15ac8fecac2e8f7c4d458c31dbcdb240e522bd316238396508fde28f6aa6,frozen-export,Platform,Export CURRENT-v1,Historical,Frozen artifact export snapshot,-,-,-,info,support/historical
project-artifact-export/workspace/w0-work/backend/apps/api/dist/modules/health/health.module.js,.js,2175,bfd8058997f89ae3d2f6b115bfa18458513d0b93cf65d63099646e099a4e8f1e,frozen-export,Platform,Export CURRENT-v1,Historical,Frozen artifact export snapshot,-,-,-,info,support/historical
project-artifact-export/workspace/w0-work/backend/apps/api/dist/modules/i18n/application/i18n.service.js,.js,5445,b17ac80f5da7bbcafa0a4396226048a754f286b97601cceb7f734191160dfa3e,frozen-export,Platform,Export CURRENT-v1,Historical,Frozen artifact export snapshot,-,-,-,info,support/historical
project-artifact-export/workspace/w0-work/backend/apps/api/dist/modules/i18n/i18n.module.js,.js,1349,5c62ce3bde194d4c0ad047b9f1f195c22412f31939846d69eff1354e0d41b174,frozen-export,Platform,Export CURRENT-v1,Historical,Frozen artifact export snapshot,-,-,-,info,support/historical
project-artifact-export/workspace/w0-work/backend/apps/api/dist/modules/i18n/presentation/i18n.controller.js,.js,7038,d8800d83bf5a93caab56cbe1a51f42822f195ae6ebece479f29abd4e171e5dc9,frozen-export,Platform,Export CURRENT-v1,Historical,Frozen artifact export snapshot,-,-,-,info,support/historical
project-artifact-export/workspace/w0-work/backend/apps/api/dist/modules/iam/application/iam-hardening.service.js,.js,18204,46aad0a29c8bb7a72d86b9919ee9132004fcd392c7000bbe73dac764497ea356,frozen-export,Platform,Export CURRENT-v1,Historical,Frozen artifact export snapshot,-,-,-,security-critical,production-relevant
project-artifact-export/workspace/w0-work/backend/apps/api/dist/modules/iam/application/iam.service.js,.js,10482,f6102fc1f546a10392896437117c51ed36d4c48cfca5da9133a4e8e93b8d5b9c,frozen-export,Platform,Export CURRENT-v1,Historical,Frozen artifact export snapshot,-,-,-,security-critical,production-relevant
project-artifact-export/workspace/w0-work/backend/apps/api/dist/modules/iam/domain/iam.errors.js,.js,488,86f788b4d746e9334ec5fe9b79a520a8b8c5ef6d718d8a91fc310157234fb482,frozen-export,Platform,Export CURRENT-v1,Historical,Frozen artifact export snapshot,-,-,-,security-critical,production-relevant
project-artifact-export/workspace/w0-work/backend/apps/api/dist/modules/iam/iam.module.js,.js,2710,3f9d8ad005e7a9e23724256c2fe39ec9b611100c2ab193f0fff8fe816b9eab0d,frozen-export,Platform,Export CURRENT-v1,Historical,Frozen artifact export snapshot,-,-,-,security-critical,production-relevant
project-artifact-export/workspace/w0-work/backend/apps/api/dist/modules/iam/infrastructure/oauth-providers.js,.js,4783,7379cff280bbc41246dcf4a1ed8359791417a7fc67151260a26a55ff6be1d2c2,frozen-export,Platform,Export CURRENT-v1,Historical,Frozen artifact export snapshot,-,-,-,security-critical,production-relevant
project-artifact-export/workspace/w0-work/backend/apps/api/dist/modules/iam/presentation/dto/hardening.dto.js,.js,4261,11b00c46c559a17a6e9cc1fc6f6d2e93c834b78c0ce2019561ccb75fefc5c17c,frozen-export,Platform,Export CURRENT-v1,Historical,Frozen artifact export snapshot,-,-,-,security-critical,production-relevant
project-artifact-export/workspace/w0-work/backend/apps/api/dist/modules/iam/presentation/dto/login.dto.js,.js,1328,03c1d066904365dd1ca13ef28bce2b816e8722f15dd54233abc50c4472d4c504,frozen-export,Platform,Export CURRENT-v1,Historical,Frozen artifact export snapshot,-,-,-,security-critical,production-relevant
project-artifact-export/workspace/w0-work/backend/apps/api/dist/modules/iam/presentation/dto/refresh.dto.js,.js,1163,ce648a03b5883e2cca082bd9befaca3aec77c54b153d25690eb9e212c83be614,frozen-export,Platform,Export CURRENT-v1,Historical,Frozen artifact export snapshot,-,-,-,security-critical,production-relevant
project-artifact-export/workspace/w0-work/backend/apps/api/dist/modules/iam/presentation/dto/register.dto.js,.js,2652,3f1a6acfbb8275c918cbf3c1f5d31b0ae023038e4e4ec2fa2c7fbe87fe9dcb52,frozen-export,Platform,Export CURRENT-v1,Historical,Frozen artifact export snapshot,-,-,-,security-critical,production-relevant
project-artifact-export/workspace/w0-work/backend/apps/api/dist/modules/iam/presentation/iam-hardening.controller.js,.js,11383,8acb2946870654255aabe083fa648bef08d6edb7179d712ff796747d2717ac88,frozen-export,Platform,Export CURRENT-v1,Historical,Frozen artifact export snapshot,-,-,-,security-critical,production-relevant
project-artifact-export/workspace/w0-work/backend/apps/api/dist/modules/iam/presentation/iam.controller.js,.js,4368,0a8f3bbd9b7f00373e6c54e9473978ae5ba4a195ccc5602b94961a86c84a33a2,frozen-export,Platform,Export CURRENT-v1,Historical,Frozen artifact export snapshot,-,-,-,security-critical,production-relevant
project-artifact-export/workspace/w0-work/backend/apps/api/dist/modules/legal/legal.module.js,.js,4515,413f559fea16ff691e761aa1b4684d76e7cebfd1510554781e8e3fdc80b739af,frozen-export,Platform,Export CURRENT-v1,Historical,Frozen artifact export snapshot,-,-,-,info,support/historical
project-artifact-export/workspace/w0-work/backend/apps/api/dist/modules/listings/application/listing-search.service.js,.js,2748,61a81f0cff8308dbe3344df0a2d6ce627f1fe5dee093c328f7a45cf1b6146942,frozen-export,Platform,Export CURRENT-v1,Historical,Frozen artifact export snapshot,-,-,-,info,support/historical
project-artifact-export/workspace/w0-work/backend/apps/api/dist/modules/listings/application/listing.service.js,.js,11073,5e62b58d4dd801bdae3ade31a2e1d6514b5182da331e9b5027cc7df0bd5b6584,frozen-export,Platform,Export CURRENT-v1,Historical,Frozen artifact export snapshot,-,-,-,info,support/historical
project-artifact-export/workspace/w0-work/backend/apps/api/dist/modules/listings/domain/listing-state.machine.js,.js,5845,18acd8ec3959bef10d44ae7dd7b38df6a5b89b8f45612a78724d5bddc4e2b1ed,frozen-export,Platform,Export CURRENT-v1,Historical,Frozen artifact export snapshot,-,-,-,info,support/historical
project-artifact-export/workspace/w0-work/backend/apps/api/dist/modules/listings/domain/publication-policy.js,.js,1642,27b982f83dfd4c2aa01aefb2d8f5ba2efee65a94c2e941900b8bc0f0525a9463,frozen-export,Platform,Export CURRENT-v1,Historical,Frozen artifact export snapshot,-,-,-,info,support/historical
project-artifact-export/workspace/w0-work/backend/apps/api/dist/modules/listings/listings.module.js,.js,1535,4a99c3132833b1c1fb0588281a6fd04521459dd0a58fa523a43ec80a945d374e,frozen-export,Platform,Export CURRENT-v1,Historical,Frozen artifact export snapshot,-,-,-,info,support/historical
project-artifact-export/workspace/w0-work/backend/apps/api/dist/modules/listings/presentation/dto/attach-media.dto.js,.js,1514,a2e745c5cf4f7a792c8bc1b7a05aa9a98c9dec62ac4796c45f685a649df8e0b6,frozen-export,Platform,Export CURRENT-v1,Historical,Frozen artifact export snapshot,-,-,-,info,support/historical
project-artifact-export/workspace/w0-work/backend/apps/api/dist/modules/listings/presentation/dto/create-listing.dto.js,.js,2653,111b39945a98af947b2231d9e80000b5b5930e2bdc93388f59e89525d7f825b7,frozen-export,Platform,Export CURRENT-v1,Historical,Frozen artifact export snapshot,-,-,-,info,support/historical
project-artifact-export/workspace/w0-work/backend/apps/api/dist/modules/listings/presentation/dto/listing-search-query.dto.js,.js,3478,7e2cdf184ff23dd6aa1b6c01779afe8c24b622dfb364f5910f03650540356fe1,frozen-export,Platform,Export CURRENT-v1,Historical,Frozen artifact export snapshot,-,-,-,info,support/historical
project-artifact-export/workspace/w0-work/backend/apps/api/dist/modules/listings/presentation/dto/state-transition.dto.js,.js,1440,7093377a16b2a6f87c7ff717c9126acefc2d36872aa80254f94239f5a7803d5c,frozen-export,Platform,Export CURRENT-v1,Historical,Frozen artifact export snapshot,-,-,-,info,support/historical
project-artifact-export/workspace/w0-work/backend/apps/api/dist/modules/listings/presentation/listings.controller.js,.js,13705,e7812bb480e6e3314cd65b4025473625cf06e72c737e207fcc4785bf43062f29,frozen-export,Platform,Export CURRENT-v1,Historical,Frozen artifact export snapshot,-,-,-,info,support/historical
project-artifact-export/workspace/w0-work/backend/apps/api/dist/modules/media/application/media.service.js,.js,6421,52f4200fbaf5d30f27097a4b5f015e830cc78ef9309020060b2efc6bc5525086,frozen-export,Platform,Export CURRENT-v1,Historical,Frozen artifact export snapshot,-,-,-,info,support/historical
project-artifact-export/workspace/w0-work/backend/apps/api/dist/modules/media/media.module.js,.js,1321,0755c77f2eac6b7831fa35010ff2750a8392771f12e21e24af4c323f0c87246a,frozen-export,Platform,Export CURRENT-v1,Historical,Frozen artifact export snapshot,-,-,-,info,support/historical
project-artifact-export/workspace/w0-work/backend/apps/api/dist/modules/media/presentation/media.controller.js,.js,4372,349db3fe8575d1e3a8de50a2fbf838c1ed8864fbb149d3307ae2d59fcd3f0e9c,frozen-export,Platform,Export CURRENT-v1,Historical,Frozen artifact export snapshot,-,-,-,info,support/historical
project-artifact-export/workspace/w0-work/backend/apps/api/dist/modules/notifications/application/notification.service.js,.js,4229,d7ea7a3dce8a1bac8174f1e0ff7b96b12742895835a8a9d1cd800ead844351c3,frozen-export,Platform,Export CURRENT-v1,Historical,Frozen artifact export snapshot,-,-,-,info,support/historical
project-artifact-export/workspace/w0-work/backend/apps/api/dist/modules/notifications/notifications.module.js,.js,1459,b6b58a044a0e7ac0dc11d98c8d26e4c93dd2b68aebf28e220d0ecfce341b6c15,frozen-export,Platform,Export CURRENT-v1,Historical,Frozen artifact export snapshot,-,-,-,info,support/historical
project-artifact-export/workspace/w0-work/backend/apps/api/dist/modules/notifications/presentation/notifications.controller.js,.js,5973,5876712dd1082a34f39259e8c37d0cb8e30b4f906feeafe7ab2610b6944e5578,frozen-export,Platform,Export CURRENT-v1,Historical,Frozen artifact export snapshot,-,-,-,info,support/historical
project-artifact-export/workspace/w0-work/backend/apps/api/dist/modules/properties/application/assign-owner.handler.js,.js,2335,a1b1f16468850bf214bdfb8a682e819c978f3b4955eff0133d4b62af6bbe9ec4,frozen-export,Platform,Export CURRENT-v1,Historical,Frozen artifact export snapshot,-,-,-,info,support/historical
project-artifact-export/workspace/w0-work/backend/apps/api/dist/modules/properties/application/create-property.handler.js,.js,1654,89dbe97cb4e3fdd0824b7d4c5029ca884e9721bb1a91f2f5787fd38b1809a242,frozen-export,Platform,Export CURRENT-v1,Historical,Frozen artifact export snapshot,-,-,-,info,support/historical
project-artifact-export/workspace/w0-work/backend/apps/api/dist/modules/properties/domain/property.repository.js,.js,77,d43aa81f5bc89faa359e0f97c814ba25155591ff078fbb9bfd40f8c7c9683230,frozen-export,Platform,Export CURRENT-v1,Historical,Frozen artifact export snapshot,-,-,-,info,support/historical
project-artifact-export/workspace/w0-work/backend/apps/api/dist/modules/properties/presentation/dto/assign-owner.dto.js,.js,1728,f359f858124eda3935a2d448b89c8cf511652d7d3def8ee469fa17dfc2a563ac,frozen-export,Platform,Export CURRENT-v1,Historical,Frozen artifact export snapshot,-,-,-,info,support/historical
project-artifact-export/workspace/w0-work/backend/apps/api/dist/modules/properties/presentation/dto/create-property.dto.js,.js,1637,bbedfe8802013d12df1f0361f02794707b01662ef688b9e8f5519a97d1e3a9b3,frozen-export,Platform,Export CURRENT-v1,Historical,Frozen artifact export snapshot,-,-,-,info,support/historical
project-artifact-export/workspace/w0-work/backend/apps/api/dist/modules/properties/presentation/properties.controller.js,.js,5214,e6e4a7eab71ff46fc4b3622d233f3fc1a394cf7336edf66f1676e4b25775acf0,frozen-export,Platform,Export CURRENT-v1,Historical,Frozen artifact export snapshot,-,-,-,info,support/historical
project-artifact-export/workspace/w0-work/backend/apps/api/dist/modules/properties/properties.module.js,.js,1492,532b61b4b3e8f01558c8db3c4d824ebf763026236cfc2f715e9cd058ded95171,frozen-export,Platform,Export CURRENT-v1,Historical,Frozen artifact export snapshot,-,-,-,info,support/historical
project-artifact-export/workspace/w0-work/backend/apps/api/dist/modules/search/application/search.service.js,.js,6547,81532e641c1b287637f99f4714fa89ec680b910abf034ce07a660353fe24bc8a,frozen-export,Platform,Export CURRENT-v1,Historical,Frozen artifact export snapshot,-,-,-,info,support/historical
project-artifact-export/workspace/w0-work/backend/apps/api/dist/modules/search/domain/search-engine.port.js,.js,77,d43aa81f5bc89faa359e0f97c814ba25155591ff078fbb9bfd40f8c7c9683230,frozen-export,Platform,Export CURRENT-v1,Historical,Frozen artifact export snapshot,-,-,-,info,support/historical
project-artifact-export/workspace/w0-work/backend/apps/api/dist/modules/search/infrastructure/opensearch.engine.js,.js,7281,e3041b67e2cf4cdf6f37dc0b9d9b2d01357d07d2d08f66845ebb1c0cc6d3af54,frozen-export,Platform,Export CURRENT-v1,Historical,Frozen artifact export snapshot,-,-,-,info,support/historical
project-artifact-export/workspace/w0-work/backend/apps/api/dist/modules/search/infrastructure/pg-fts.engine.js,.js,8351,4a74c85d8aaf157bb695c7f08fc9f0b216efb81a78524209dda52e6a94b706d3,frozen-export,Platform,Export CURRENT-v1,Historical,Frozen artifact export snapshot,-,-,-,info,support/historical
project-artifact-export/workspace/w0-work/backend/apps/api/dist/modules/search/presentation/dto/search-query.dto.js,.js,3478,7e2cdf184ff23dd6aa1b6c01779afe8c24b622dfb364f5910f03650540356fe1,frozen-export,Platform,Export CURRENT-v1,Historical,Frozen artifact export snapshot,-,-,-,info,support/historical
project-artifact-export/workspace/w0-work/backend/apps/api/dist/modules/search/presentation/search.controller.js,.js,3454,3af7384a0fc4304f6968ffc9c47a78e07c736d7ba3308eec831cc597c0609b8c,frozen-export,Platform,Export CURRENT-v1,Historical,Frozen artifact export snapshot,-,-,-,info,support/historical
project-artifact-export/workspace/w0-work/backend/apps/api/dist/modules/search/search.module.js,.js,1339,1867d6b7f5f378cca3c6078f5cad9c96f53efd837a829287e9e68897a0c70c0d,frozen-export,Platform,Export CURRENT-v1,Historical,Frozen artifact export snapshot,-,-,-,info,support/historical
project-artifact-export/workspace/w0-work/backend/apps/api/jest.config.js,.js,587,eb55148256489916b60444cc9bc2db1114893b4b2e5332ce24cc9aeadfeb5716,frozen-export,Platform,Export CURRENT-v1,Historical,Frozen artifact export snapshot,-,-,-,info,support/historical
project-artifact-export/workspace/w0-work/backend/apps/api/nest-cli.json,.json,117,923a037ebaf2bc590c7ae65359551c6476e30ab79f854a03c29704b7f0817f5c,frozen-export,Platform,Export CURRENT-v1,Historical,Frozen artifact export snapshot,-,-,-,info,support/historical
project-artifact-export/workspace/w0-work/backend/apps/api/package.json,.json,1245,e838f4334bd1866eadb37e5c7602a00f3d769342db6a5b6fc0f55b2bb7769d1c,frozen-export,Platform,Export CURRENT-v1,Historical,Frozen artifact export snapshot,-,-,-,info,support/historical
project-artifact-export/workspace/w0-work/backend/apps/api/src/app.module.ts,.ts,2222,22723325b810438414a7e8f85614d87b811ea01dd849b64465858d3b0a7dc666,frozen-export,Platform,Export CURRENT-v1,Historical,Frozen artifact export snapshot,-,-,-,info,support/historical
project-artifact-export/workspace/w0-work/backend/apps/api/src/common/antibot/antibot.service.ts,.ts,5473,047e7f3c230637c99b8bc8538b02a028e209e79f5db3fca9ab0321a70396bde2,frozen-export,Platform,Export CURRENT-v1,Historical,Frozen artifact export snapshot,-,-,-,info,support/historical
project-artifact-export/workspace/w0-work/backend/apps/api/src/common/auth/access-token.guard.ts,.ts,1405,4a6f8e021ec5f81ce482428f1f2db6cbebba4fc2b283810bbd92970e70f0bf6a,frozen-export,Platform,Export CURRENT-v1,Historical,Frozen artifact export snapshot,-,-,-,security-critical,production-relevant
project-artifact-export/workspace/w0-work/backend/apps/api/src/common/auth/access-token.service.ts,.ts,2051,29dbdbd77f719d60e5ac62a6bbe9fbd40d16034b1bd1b5df02bd01c82a1abccc,frozen-export,Platform,Export CURRENT-v1,Historical,Frozen artifact export snapshot,-,-,-,security-critical,production-relevant
project-artifact-export/workspace/w0-work/backend/apps/api/src/common/auth/auth.module.ts,.ts,302,6781fb7c48e7f4e440d0572ff161a3c23ec65686f90fe7753999075790c2b82a,frozen-export,Platform,Export CURRENT-v1,Historical,Frozen artifact export snapshot,-,-,-,security-critical,production-relevant
project-artifact-export/workspace/w0-work/backend/apps/api/src/common/auth/auth.spec.ts,.ts,450,00feceb9bdbcd28e8d33a9bf08369a3435b578b54a00f2736582318f738cce45,frozen-export,Platform,Export CURRENT-v1,Historical,Frozen artifact export snapshot,-,-,-,security-critical,production-relevant
project-artifact-export/workspace/w0-work/backend/apps/api/src/common/auth/auth.types.ts,.ts,259,98228ff28564b9f51398c932940ee4a5193d3fbd0cd75470d67d3bb57cbf2a6a,frozen-export,Platform,Export CURRENT-v1,Historical,Frozen artifact export snapshot,-,-,-,security-critical,production-relevant
project-artifact-export/workspace/w0-work/backend/apps/api/src/common/auth/current-user.decorator.ts,.ts,315,be9f0b7aed26e041578fab61a47b966d9a600699319c100db6ada803b2c03412,frozen-export,Platform,Export CURRENT-v1,Historical,Frozen artifact export snapshot,-,-,-,security-critical,production-relevant
project-artifact-export/workspace/w0-work/backend/apps/api/src/common/auth/permissions.decorator.ts,.ts,208,01e26f3aebfd11bbdc7122c477288525f5be78be179514808633c9754a67d684,frozen-export,Platform,Export CURRENT-v1,Historical,Frozen artifact export snapshot,-,-,-,security-critical,production-relevant
project-artifact-export/workspace/w0-work/backend/apps/api/src/common/auth/permissions.guard.ts,.ts,1596,3c0dc2c3440ca05f87086bc0376f22316c61977092bd5490a1c07f5d254462f8,frozen-export,Platform,Export CURRENT-v1,Historical,Frozen artifact export snapshot,-,-,-,security-critical,production-relevant
project-artifact-export/workspace/w0-work/backend/apps/api/src/common/auth/secret-cipher.ts,.ts,1535,d2b944f571ab0a66fa1d1ab5d8a82960ea282109de113f005d4fb1600a2ce9d1,frozen-export,Platform,Export CURRENT-v1,Historical,Frozen artifact export snapshot,-,-,-,security-critical,production-relevant
project-artifact-export/workspace/w0-work/backend/apps/api/src/common/auth/totp.ts,.ts,2913,c19b3a14366e003478d08d630a1f000dae6b476bc0fe5161c05ec6ca7ace6a32,frozen-export,Platform,Export CURRENT-v1,Historical,Frozen artifact export snapshot,-,-,-,security-critical,production-relevant
project-artifact-export/workspace/w0-work/backend/apps/api/src/common/config/app-config.ts,.ts,4797,a6686fd49af398ff496e74cb6b5ed2a0f353aa73e81341014cda5bf1ca5477c3,frozen-export,Platform,Export CURRENT-v1,Historical,Frozen artifact export snapshot,-,-,-,info,support/historical
project-artifact-export/workspace/w0-work/backend/apps/api/src/common/config/env.validation.ts,.ts,1177,af8d33f06e0b8268af913a0f3ba6539f99aefd19067937de6f726cfb26859401,frozen-export,Platform,Export CURRENT-v1,Historical,Frozen artifact export snapshot,-,-,-,info,support/historical
project-artifact-export/workspace/w0-work/backend/apps/api/src/common/errors/http-exception.filter.ts,.ts,4098,3e78418b58d13e43a78b9371278c14fd1b4504d0844e2ff858963f333d38fee3,frozen-export,Platform,Export CURRENT-v1,Historical,Frozen artifact export snapshot,-,-,-,info,support/historical
project-artifact-export/workspace/w0-work/backend/apps/api/src/common/http/rate-limit.service.ts,.ts,2420,3ffa08682b86c88d741e9dcc06cdf22d8a63123d82cb3f69233d47eff95ebd42,frozen-export,Platform,Export CURRENT-v1,Historical,Frozen artifact export snapshot,-,-,-,info,support/historical
project-artifact-export/workspace/w0-work/backend/apps/api/src/common/i18n/error-catalog.ts,.ts,6583,510766fed2d42afb3199886b36c00740efc8d0d198ba21bc2a26d5f9e56f0731,frozen-export,Platform,Export CURRENT-v1,Historical,Frozen artifact export snapshot,-,-,-,info,support/historical
project-artifact-export/workspace/w0-work/backend/apps/api/src/common/observability/logger.ts,.ts,2402,71b62580aa445ffb21a9ee69d7d315b43b8dceebde4d1f53d396a45c860d6fb4,frozen-export,Platform,Export CURRENT-v1,Historical,Frozen artifact export snapshot,-,-,-,info,support/historical
project-artifact-export/workspace/w0-work/backend/apps/api/src/common/observability/metrics.controller.ts,.ts,450,d2c78aeb7bb38bcabaacb3ee21995d70c7e9923532d1bd5f5dad467d4f4d93e8,frozen-export,Platform,Export CURRENT-v1,Historical,Frozen artifact export snapshot,-,-,-,info,support/historical
project-artifact-export/workspace/w0-work/backend/apps/api/src/common/observability/metrics.ts,.ts,4032,29000ba709d1a5f3bd9d981bc0dc4b22dda6062a50aed21fd51e111c80d41ebe,frozen-export,Platform,Export CURRENT-v1,Historical,Frozen artifact export snapshot,-,-,-,info,support/historical
project-artifact-export/workspace/w0-work/backend/apps/api/src/common/observability/observability.module.ts,.ts,513,0eb3cf3fdf9819bc10fbc783e5915e59a3a06bf26843ffabeb8af508eaeee870,frozen-export,Platform,Export CURRENT-v1,Historical,Frozen artifact export snapshot,-,-,-,info,support/historical
project-artifact-export/workspace/w0-work/backend/apps/api/src/infrastructure/database.module.ts,.ts,3381,b6e502561a332eef7571ee6359932b6eb875455f1714bb04de0c95aad4e3cedc,frozen-export,Platform,Export CURRENT-v1,Historical,Frozen artifact export snapshot,-,-,-,info,support/historical
project-artifact-export/workspace/w0-work/backend/apps/api/src/main.ts,.ts,5155,fba6187563b65727886b56d0d9cf6f4658f71a3e0f70162027bea4f636e01f7f,frozen-export,Platform,Export CURRENT-v1,Historical,Frozen artifact export snapshot,-,-,-,info,support/historical
project-artifact-export/workspace/w0-work/backend/apps/api/src/modules/admin/admin.module.ts,.ts,499,1d78c9cf7441e99d2d72eb17f65811b7f37b93f9b1cda56850c1fb7010a71378,frozen-export,Platform,Export CURRENT-v1,Historical,Frozen artifact export snapshot,-,-,-,info,support/historical
project-artifact-export/workspace/w0-work/backend/apps/api/src/modules/admin/presentation/admin.controller.ts,.ts,2856,bb76232171c3abf040e47c7d124d8381c598fceb8e3715f0ef510acfd9542617,frozen-export,Platform,Export CURRENT-v1,Historical,Frozen artifact export snapshot,-,-,-,info,support/historical
project-artifact-export/workspace/w0-work/backend/apps/api/src/modules/advertising/advertising.module.ts,.ts,588,c2188f5b139bd5f3eaeb34278751b39938d542c356b0d5cda817228ecf399218,frozen-export,Platform,Export CURRENT-v1,Historical,Frozen artifact export snapshot,-,-,-,info,support/historical
project-artifact-export/workspace/w0-work/backend/apps/api/src/modules/advertising/application/advertising-admin.service.ts,.ts,3058,92a8968748fbce233c2526f55ba6cebe02157d9a3b2fe59324a66a67a2d50691,frozen-export,Platform,Export CURRENT-v1,Historical,Frozen artifact export snapshot,-,-,-,info,support/historical
project-artifact-export/workspace/w0-work/backend/apps/api/src/modules/advertising/application/advertising.service.ts,.ts,5484,3ecc17fe78f0cc86b6086a7867f85fb4866113783e6efde921feb0d7ebf4751a,frozen-export,Platform,Export CURRENT-v1,Historical,Frozen artifact export snapshot,-,-,-,info,support/historical
project-artifact-export/workspace/w0-work/backend/apps/api/src/modules/advertising/presentation/ads.controller.ts,.ts,5085,f160cbfdcb433582e728a24e339c28fbd31f465225383eafb3fa1fd3de202e14,frozen-export,Platform,Export CURRENT-v1,Historical,Frozen artifact export snapshot,-,-,-,info,support/historical
project-artifact-export/workspace/w0-work/backend/apps/api/src/modules/authorization/authorization.module.ts,.ts,338,4e543f45605e5834ba3aefffe4d57ca3f2f065fb73cb1e235cf31823782cb755,frozen-export,Platform,Export CURRENT-v1,Historical,Frozen artifact export snapshot,-,-,-,security-critical,production-relevant
project-artifact-export/workspace/w0-work/backend/apps/api/src/modules/billing/application/billing-admin.guard.ts,.ts,833,5fae891b611eabcddf30f722a23b8909fe145981bb633fdc71ecdd29b365a6c3,frozen-export,Platform,Export CURRENT-v1,Historical,Frozen artifact export snapshot,-,-,-,info,support/historical
project-artifact-export/workspace/w0-work/backend/apps/api/src/modules/billing/application/billing.service.ts,.ts,7998,9a9819708c34e12a0976947ad8132267845ee1b6b4e014e5da48a68f2c8032ed,frozen-export,Platform,Export CURRENT-v1,Historical,Frozen artifact export snapshot,-,-,-,info,support/historical
project-artifact-export/workspace/w0-work/backend/apps/api/src/modules/billing/billing.module.ts,.ts,506,742224ac3e569e37ad40d6560601f1d01b4c0828b96dd9888848eea98279d41c,frozen-export,Platform,Export CURRENT-v1,Historical,Frozen artifact export snapshot,-,-,-,info,support/historical
project-artifact-export/workspace/w0-work/backend/apps/api/src/modules/billing/presentation/billing.controller.ts,.ts,3496,75c9a003b1b05c3cdec5cf740de3d7251b6bdc4b4417ad7b5c062cffd530ef99,frozen-export,Platform,Export CURRENT-v1,Historical,Frozen artifact export snapshot,-,-,-,info,support/historical
project-artifact-export/workspace/w0-work/backend/apps/api/src/modules/commission/application/commission-engine.service.ts,.ts,8898,cd5e8e79e7982f14db5c3b60fc33fb7475a1d3436fb0a782c46696ca098485db,frozen-export,Platform,Export CURRENT-v1,Historical,Frozen artifact export snapshot,-,-,-,info,support/historical
project-artifact-export/workspace/w0-work/backend/apps/api/src/modules/commission/application/commission-settlement.service.ts,.ts,3678,e8ec6b968290868fea2150fa688bc7cc04b9addb7cd4389a355f1e1a79edfaf4,frozen-export,Platform,Export CURRENT-v1,Historical,Frozen artifact export snapshot,-,-,-,info,support/historical
project-artifact-export/workspace/w0-work/backend/apps/api/src/modules/commission/commission.module.ts,.ts,585,e0a085780e134b7b20061bcaf264001036e42de8c82d75d7da23bdf3acbe60c5,frozen-export,Platform,Export CURRENT-v1,Historical,Frozen artifact export snapshot,-,-,-,info,support/historical
project-artifact-export/workspace/w0-work/backend/apps/api/src/modules/commission/presentation/commission.controller.ts,.ts,5375,8f401e25d472ec0684f06e7bcfdbe51ef6d2d205301f0e54c9cf9e8388fa3330,frozen-export,Platform,Export CURRENT-v1,Historical,Frozen artifact export snapshot,-,-,-,info,support/historical
project-artifact-export/workspace/w0-work/backend/apps/api/src/modules/health/health.module.ts,.ts,644,7a0a2be7c65499871df51d5bcdd7cbbf06e812c67174c3a6876894e8642aa826,frozen-export,Platform,Export CURRENT-v1,Historical,Frozen artifact export snapshot,-,-,-,info,support/historical
project-artifact-export/workspace/w0-work/backend/apps/api/src/modules/i18n/application/i18n.service.ts,.ts,5252,a75ce7384a0e5a5493c10c07faf67fa0962bff300642eadf6e7b9e4acc568bba,frozen-export,Platform,Export CURRENT-v1,Historical,Frozen artifact export snapshot,-,-,-,info,support/historical
project-artifact-export/workspace/w0-work/backend/apps/api/src/modules/i18n/i18n.module.ts,.ts,448,973a59c8a055cffa377c575738cc41ebd424c1e4f9b7b3aa36214e45d84e5f8b,frozen-export,Platform,Export CURRENT-v1,Historical,Frozen artifact export snapshot,-,-,-,info,support/historical
project-artifact-export/workspace/w0-work/backend/apps/api/src/modules/i18n/presentation/i18n.controller.ts,.ts,3252,390f149df8063081567c081e5a24c34ade1b4744fe2ab86437de4d6474032a8d,frozen-export,Platform,Export CURRENT-v1,Historical,Frozen artifact export snapshot,-,-,-,info,support/historical
project-artifact-export/workspace/w0-work/backend/apps/api/src/modules/iam/application/iam-hardening.service.ts,.ts,15171,36c119101fcaec20e88f860e50f820177363ef947a8b74525ddc1a11b592c41e,frozen-export,Platform,Export CURRENT-v1,Historical,Frozen artifact export snapshot,-,-,-,security-critical,production-relevant
project-artifact-export/workspace/w0-work/backend/apps/api/src/modules/iam/application/iam.service.ts,.ts,8350,206bf2559eab01a18c03682f974252ff323b4d01718c8b1a74d1a57b77ecfe4d,frozen-export,Platform,Export CURRENT-v1,Historical,Frozen artifact export snapshot,-,-,-,security-critical,production-relevant
project-artifact-export/workspace/w0-work/backend/apps/api/src/modules/iam/domain/iam.errors.ts,.ts,157,73f0fcd21af62fcbf170059c41ab9f648e8d15ae0d59a88809a5e67be40ca34a,frozen-export,Platform,Export CURRENT-v1,Historical,Frozen artifact export snapshot,-,-,-,security-critical,production-relevant
project-artifact-export/workspace/w0-work/backend/apps/api/src/modules/iam/iam.module.ts,.ts,1505,d1a882f3eeb8b8c35666bb1061f293f205725c45290a9fb2bb44d15eb2c81fc8,frozen-export,Platform,Export CURRENT-v1,Historical,Frozen artifact export snapshot,-,-,-,security-critical,production-relevant
project-artifact-export/workspace/w0-work/backend/apps/api/src/modules/iam/infrastructure/oauth-providers.ts,.ts,4965,a0be0cd45381bb9654b3b987ca5e4745f321e16f08f4cab7042d91357bbceb8a,frozen-export,Platform,Export CURRENT-v1,Historical,Frozen artifact export snapshot,-,-,-,security-critical,production-relevant
project-artifact-export/workspace/w0-work/backend/apps/api/src/modules/iam/presentation/dto/hardening.dto.ts,.ts,1013,12fe08bd7d351a6edbd76331e25adb92deae41ac7e797acc43e17ae45c615e5e,frozen-export,Platform,Export CURRENT-v1,Historical,Frozen artifact export snapshot,-,-,-,security-critical,production-relevant
project-artifact-export/workspace/w0-work/backend/apps/api/src/modules/iam/presentation/dto/login.dto.ts,.ts,193,9e1bee41d12c9cb006c0ed709395abd7fc3678ee00addc6cb82ae08b7dbf3b25,frozen-export,Platform,Export CURRENT-v1,Historical,Frozen artifact export snapshot,-,-,-,security-critical,production-relevant
project-artifact-export/workspace/w0-work/backend/apps/api/src/modules/iam/presentation/dto/refresh.dto.ts,.ts,135,eab106890e26cbae1cbe3ae11d2bab79a025d8231b146e27ab7e5545cb65bcca,frozen-export,Platform,Export CURRENT-v1,Historical,Frozen artifact export snapshot,-,-,-,security-critical,production-relevant
project-artifact-export/workspace/w0-work/backend/apps/api/src/modules/iam/presentation/dto/register.dto.ts,.ts,644,3be4d0d5558a9e0a65be86d474065fe43e6819c5bc583c557994881f0bb86a15,frozen-export,Platform,Export CURRENT-v1,Historical,Frozen artifact export snapshot,-,-,-,security-critical,production-relevant
project-artifact-export/workspace/w0-work/backend/apps/api/src/modules/iam/presentation/iam-hardening.controller.ts,.ts,5524,7e7bff62f024ff94dde64f4010e51dc3f7f7800f958e0dfe2d957699481b787c,frozen-export,Platform,Export CURRENT-v1,Historical,Frozen artifact export snapshot,-,-,-,security-critical,production-relevant
project-artifact-export/workspace/w0-work/backend/apps/api/src/modules/iam/presentation/iam.controller.ts,.ts,1942,6cda677a0facb2e6f44e44dc35d3cd7470d8a5db390d0efc5f36ca4e2bf9515e,frozen-export,Platform,Export CURRENT-v1,Historical,Frozen artifact export snapshot,-,-,-,security-critical,production-relevant
project-artifact-export/workspace/w0-work/backend/apps/api/src/modules/legal/legal.module.ts,.ts,2457,bf6fa95b78451a9454b7416d6e8b26ead6c7e9f52a0a384abb04f7fa2686d7af,frozen-export,Platform,Export CURRENT-v1,Historical,Frozen artifact export snapshot,-,-,-,info,support/historical
project-artifact-export/workspace/w0-work/backend/apps/api/src/modules/listings/application/listing-search.service.ts,.ts,1662,9d7374238e0506a61b7c3293c5b513ddece125e53c547217568f787445007ee8,frozen-export,Platform,Export CURRENT-v1,Historical,Frozen artifact export snapshot,-,-,-,info,support/historical
project-artifact-export/workspace/w0-work/backend/apps/api/src/modules/listings/application/listing.service.ts,.ts,10040,814ed1eeaf67210829aa5632ed56065ca2d597cf7aaacf202d81151bbb73b3dc,frozen-export,Platform,Export CURRENT-v1,Historical,Frozen artifact export snapshot,-,-,-,info,support/historical
project-artifact-export/workspace/w0-work/backend/apps/api/src/modules/listings/domain/listing-state.machine.ts,.ts,6377,43489971d64ad0b864a483906ea9392a3e596a44603a962d1c355b808f7de5cb,frozen-export,Platform,Export CURRENT-v1,Historical,Frozen artifact export snapshot,-,-,-,info,support/historical
project-artifact-export/workspace/w0-work/backend/apps/api/src/modules/listings/domain/publication-policy.ts,.ts,2135,dec3dd41684ee5a618ba32b246c7959beedf569815931edb6051cee1ff1b9de9,frozen-export,Platform,Export CURRENT-v1,Historical,Frozen artifact export snapshot,-,-,-,info,support/historical
project-artifact-export/workspace/w0-work/backend/apps/api/src/modules/listings/listings.module.ts,.ts,560,1016effc8127195727722a6b1f81dd26cffa22e14a018afbc35e0bdacbc96ba1,frozen-export,Platform,Export CURRENT-v1,Historical,Frozen artifact export snapshot,-,-,-,info,support/historical
project-artifact-export/workspace/w0-work/backend/apps/api/src/modules/listings/presentation/dto/attach-media.dto.ts,.ts,325,78dad222500bc65713545b319fe7c4235acbd2bff45679dae7133546c822355a,frozen-export,Platform,Export CURRENT-v1,Historical,Frozen artifact export snapshot,-,-,-,info,support/historical
project-artifact-export/workspace/w0-work/backend/apps/api/src/modules/listings/presentation/dto/create-listing.dto.ts,.ts,727,c2c2a0aee39048557ef6aa8edebe0166489dbb2f416b8819f11eae56f2821dcc,frozen-export,Platform,Export CURRENT-v1,Historical,Frozen artifact export snapshot,-,-,-,info,support/historical
project-artifact-export/workspace/w0-work/backend/apps/api/src/modules/listings/presentation/dto/listing-search-query.dto.ts,.ts,937,e140b281a0eb4d393232fb8ad3190c4f9d8d7c61fca8119946f8d98a8c34f2f3,frozen-export,Platform,Export CURRENT-v1,Historical,Frozen artifact export snapshot,-,-,-,info,support/historical
project-artifact-export/workspace/w0-work/backend/apps/api/src/modules/listings/presentation/dto/state-transition.dto.ts,.ts,227,4e8c3ae0b4877ac70746b9031fc771d8fb416d289599f7d4c82ba22cb06b2dfe,frozen-export,Platform,Export CURRENT-v1,Historical,Frozen artifact export snapshot,-,-,-,info,support/historical
project-artifact-export/workspace/w0-work/backend/apps/api/src/modules/listings/presentation/listings.controller.ts,.ts,5581,edb5e7c1519e6b3a35e1fe3ba8d7a9a23bf2344b370b2cff82763403b405b3a6,frozen-export,Platform,Export CURRENT-v1,Historical,Frozen artifact export snapshot,-,-,-,info,support/historical
project-artifact-export/workspace/w0-work/backend/apps/api/src/modules/media/application/media.service.ts,.ts,5297,0649614b8c72c01b80df485c5864a17f4e4deeea11f399546ae0eb7204e9c62c,frozen-export,Platform,Export CURRENT-v1,Historical,Frozen artifact export snapshot,-,-,-,info,support/historical
project-artifact-export/workspace/w0-work/backend/apps/api/src/modules/media/media.module.ts,.ts,400,bf6f373b6961da048b6e5a059dc91e84f054e92f62591606afa9161b8f2dda5d,frozen-export,Platform,Export CURRENT-v1,Historical,Frozen artifact export snapshot,-,-,-,info,support/historical
project-artifact-export/workspace/w0-work/backend/apps/api/src/modules/media/presentation/media.controller.ts,.ts,2429,30be633179e0efcbfe14e53396491babb489a7b6cf8796bf4b356efa7b4aa139,frozen-export,Platform,Export CURRENT-v1,Historical,Frozen artifact export snapshot,-,-,-,info,support/historical
project-artifact-export/workspace/w0-work/backend/apps/api/src/modules/notifications/application/notification.service.ts,.ts,3462,e1ecfea187aa4f307315a10f7f471662b2c11419b2055ec23ba797d84b13774e,frozen-export,Platform,Export CURRENT-v1,Historical,Frozen artifact export snapshot,-,-,-,info,support/historical
project-artifact-export/workspace/w0-work/backend/apps/api/src/modules/notifications/notifications.module.ts,.ts,460,2c45d56860e7f39b51db8b63432cd8685ceaa85ad57b23772ca1c22cb3a6f52a,frozen-export,Platform,Export CURRENT-v1,Historical,Frozen artifact export snapshot,-,-,-,info,support/historical
project-artifact-export/workspace/w0-work/backend/apps/api/src/modules/notifications/presentation/notifications.controller.ts,.ts,2385,1648bbe175744f96d284ae64ecd0ca96e929cfccac738db3a23feb4651b1e473,frozen-export,Platform,Export CURRENT-v1,Historical,Frozen artifact export snapshot,-,-,-,info,support/historical
project-artifact-export/workspace/w0-work/backend/apps/api/src/modules/properties/application/assign-owner.handler.ts,.ts,1248,c53e32970f7424b58ffac00e756ab47537e3d08a7f7f4fe61ae3299199cf88f7,frozen-export,Platform,Export CURRENT-v1,Historical,Frozen artifact export snapshot,-,-,-,info,support/historical
project-artifact-export/workspace/w0-work/backend/apps/api/src/modules/properties/application/create-property.handler.ts,.ts,595,ee5e5014ee7444d6daff57841eda9f077338c5d76d890b6cb9c945d70cc4e5f2,frozen-export,Platform,Export CURRENT-v1,Historical,Frozen artifact export snapshot,-,-,-,info,support/historical
project-artifact-export/workspace/w0-work/backend/apps/api/src/modules/properties/domain/property.repository.ts,.ts,173,3c293a6f10eab76b9cb7171bb7baf5a79765b0659e0b3674cd5171223a3fc001,frozen-export,Platform,Export CURRENT-v1,Historical,Frozen artifact export snapshot,-,-,-,info,support/historical
project-artifact-export/workspace/w0-work/backend/apps/api/src/modules/properties/presentation/dto/assign-owner.dto.ts,.ts,397,19d0b8e89c3b8d38beed488df6928c1f2633127e1e9e483a0dfe1720dffc9b41,frozen-export,Platform,Export CURRENT-v1,Historical,Frozen artifact export snapshot,-,-,-,info,support/historical
project-artifact-export/workspace/w0-work/backend/apps/api/src/modules/properties/presentation/dto/create-property.dto.ts,.ts,302,88355cc20769fe4a84a68c60861ddd8515e354023679a3a373cbc70d44726edb,frozen-export,Platform,Export CURRENT-v1,Historical,Frozen artifact export snapshot,-,-,-,info,support/historical
project-artifact-export/workspace/w0-work/backend/apps/api/src/modules/properties/presentation/properties.controller.ts,.ts,2618,d61b8140dcdf8bcd8eca1a60e1824bdb40d17009f032ff475edcce7de2bd4ed3,frozen-export,Platform,Export CURRENT-v1,Historical,Frozen artifact export snapshot,-,-,-,info,support/historical
project-artifact-export/workspace/w0-work/backend/apps/api/src/modules/properties/properties.module.ts,.ts,514,9610e349bfca78d5579d9014eaafe6ed24eb08e7741cfc4947ac54f96aeeda98,frozen-export,Platform,Export CURRENT-v1,Historical,Frozen artifact export snapshot,-,-,-,info,support/historical
project-artifact-export/workspace/w0-work/backend/apps/api/src/modules/search/application/search.service.ts,.ts,5866,52f6fa7a28f97c4fa384cd23ff0b19eec923748298fe534a05486623e5724917,frozen-export,Platform,Export CURRENT-v1,Historical,Frozen artifact export snapshot,-,-,-,info,support/historical
project-artifact-export/workspace/w0-work/backend/apps/api/src/modules/search/domain/search-engine.port.ts,.ts,1459,1dbf61b9e34ee198b42466579a9d838f8ac4f356320655726ede69ad57ae0b48,frozen-export,Platform,Export CURRENT-v1,Historical,Frozen artifact export snapshot,-,-,-,info,support/historical
project-artifact-export/workspace/w0-work/backend/apps/api/src/modules/search/infrastructure/opensearch.engine.ts,.ts,6275,0aa6be2ea873d1628ed1d0d20ed38726913d6e8501f88e789ca106abd4cf989c,frozen-export,Platform,Export CURRENT-v1,Historical,Frozen artifact export snapshot,-,-,-,info,support/historical
project-artifact-export/workspace/w0-work/backend/apps/api/src/modules/search/infrastructure/pg-fts.engine.ts,.ts,7661,458f8f0220d76c7702989dab3662c466f98dd6a0c844201be287741e246ddb0e,frozen-export,Platform,Export CURRENT-v1,Historical,Frozen artifact export snapshot,-,-,-,info,support/historical
project-artifact-export/workspace/w0-work/backend/apps/api/src/modules/search/presentation/dto/search-query.dto.ts,.ts,937,e140b281a0eb4d393232fb8ad3190c4f9d8d7c61fca8119946f8d98a8c34f2f3,frozen-export,Platform,Export CURRENT-v1,Historical,Frozen artifact export snapshot,-,-,-,info,support/historical
project-artifact-export/workspace/w0-work/backend/apps/api/src/modules/search/presentation/search.controller.ts,.ts,1639,0fef6a9e2b951a211f2d279b0662ba9abef33aa744359a27cea19d7bded7c2ab,frozen-export,Platform,Export CURRENT-v1,Historical,Frozen artifact export snapshot,-,-,-,info,support/historical
project-artifact-export/workspace/w0-work/backend/apps/api/src/modules/search/search.module.ts,.ts,408,7217f8b0d792b23b7cfed9178a689f823e8fbee35afde90e660109401cc68b28,frozen-export,Platform,Export CURRENT-v1,Historical,Frozen artifact export snapshot,-,-,-,info,support/historical
project-artifact-export/workspace/w0-work/backend/apps/api/test/g4-commission-engine.spec.ts,.ts,6480,3c69c77d8cbcf72d05b1110d2acee038d4fab8fc9174a651b5ce9706a47fd280,frozen-export,Platform,Export CURRENT-v1,Historical,Frozen artifact export snapshot,-,-,-,info,support/historical
project-artifact-export/workspace/w0-work/backend/apps/api/test/g4-e2e-redteam.spec.ts,.ts,17369,ec54de1b53b66053708c76a05cb4c62a965ebebd2d7dea69fccffefc5045992a,frozen-export,Platform,Export CURRENT-v1,Historical,Frozen artifact export snapshot,-,-,-,info,support/historical
project-artifact-export/workspace/w0-work/backend/apps/api/test/g4-i18n.spec.ts,.ts,2875,bc3fe9f67a3b8c63707afde08e11489c10a440a4eda5f0282d23a73016608a11,frozen-export,Platform,Export CURRENT-v1,Historical,Frozen artifact export snapshot,-,-,-,info,support/historical
project-artifact-export/workspace/w0-work/backend/apps/api/test/g4-listing-state-machine.spec.ts,.ts,2082,aab447c58c63a29cb67e21dd27f176abfb30d491d45271b062ab906ccd40e9b1,frozen-export,Platform,Export CURRENT-v1,Historical,Frozen artifact export snapshot,-,-,-,info,support/historical
project-artifact-export/workspace/w0-work/backend/apps/api/test/g4-mfa-antibot.spec.ts,.ts,2940,6497c6d060d579dbaa128d6684a39341a04daef2ade0391f2d2773639a3a0d6f,frozen-export,Platform,Export CURRENT-v1,Historical,Frozen artifact export snapshot,-,-,-,security-critical,production-relevant
project-artifact-export/workspace/w0-work/backend/apps/api/test/g4-publication-policy.spec.ts,.ts,3296,0cc6b8cad5ac66298837a40699d9e177e8ebd8816654eaacc8e31bd65780f85f,frozen-export,Platform,Export CURRENT-v1,Historical,Frozen artifact export snapshot,-,-,-,info,support/historical
project-artifact-export/workspace/w0-work/backend/apps/api/test/iam.service.spec.ts,.ts,2768,07136f7ec1375f7c1b8bab6913a6092e27770b3dee6c0048358da594fbee61df,frozen-export,Platform,Export CURRENT-v1,Historical,Frozen artifact export snapshot,-,-,-,security-critical,production-relevant
project-artifact-export/workspace/w0-work/backend/apps/api/test/integration/db.integration.spec.ts,.ts,536,f30aaf04fbea0ab0574715de94ed89ce15f83f2e3d2a6484ee3d9b9d70ffb4dd,frozen-export,Platform,Export CURRENT-v1,Historical,Frozen artifact export snapshot,-,-,-,info,support/historical
project-artifact-export/workspace/w0-work/backend/apps/api/test/integration/g4.integration.spec.ts,.ts,17347,c9ac904180d829ff3770cb53f13e948794081bab28a51f8d40143144c14837ca,frozen-export,Platform,Export CURRENT-v1,Historical,Frozen artifact export snapshot,-,-,-,info,support/historical
project-artifact-export/workspace/w0-work/backend/apps/api/test/jest-e2e.json,.json,242,c1acdb73764f2beb2365a388ef88c1256f1be321d62de05a1ce713d1b73d7f11,frozen-export,Platform,Export CURRENT-v1,Historical,Frozen artifact export snapshot,-,-,-,info,support/historical
project-artifact-export/workspace/w0-work/backend/apps/api/test/jest-integration.json,.json,254,a357df6a6736301786ba4d054f7d5c4b7306695ff23cc7dfc604617fb0af974a,frozen-export,Platform,Export CURRENT-v1,Historical,Frozen artifact export snapshot,-,-,-,info,support/historical
project-artifact-export/workspace/w0-work/backend/apps/api/test/listing-state.machine.spec.ts,.ts,809,55912d22bdae95f7ef1d64935afc6f2d2f7637057a09b658889c3598e95af283,frozen-export,Platform,Export CURRENT-v1,Historical,Frozen artifact export snapshot,-,-,-,info,support/historical
project-artifact-export/workspace/w0-work/backend/apps/api/test/property.repository.contract.spec.ts,.ts,367,583526b10b583f1bacfa0a00ceaa36535e506806921f8d607f0f3e2cdbe23da8,frozen-export,Platform,Export CURRENT-v1,Historical,Frozen artifact export snapshot,-,-,-,info,support/historical
project-artifact-export/workspace/w0-work/backend/apps/api/tsconfig.json,.json,331,806dda9b70fb9b336185645c4763ba0bc6509d6c587af25f5b8b2ab9df106b57,frozen-export,Platform,Export CURRENT-v1,Historical,Frozen artifact export snapshot,-,-,-,info,support/historical
project-artifact-export/workspace/w0-work/backend/apps/worker/dist/main.d.ts,.ts,11,8e609bb71c20b858c77f0e9f90bb1319db8477b13f9f965f1a1e18524bf50881,frozen-export,Platform,Export CURRENT-v1,Historical,Frozen artifact export snapshot,-,-,-,info,support/historical
project-artifact-export/workspace/w0-work/backend/apps/worker/dist/main.js,.js,5051,a22a3b8ad66a6555d5e271805d20c6ef0f054bb04b27e57ae1c6b3f67b657c77,frozen-export,Platform,Export CURRENT-v1,Historical,Frozen artifact export snapshot,-,-,-,info,support/historical
project-artifact-export/workspace/w0-work/backend/apps/worker/dist/runner.d.ts,.ts,1132,a45e05bb40105fe3c568b4cbc497a7415cb6c1b5c5de1922997909a70f7cfb8a,frozen-export,Platform,Export CURRENT-v1,Historical,Frozen artifact export snapshot,-,-,-,info,support/historical
project-artifact-export/workspace/w0-work/backend/apps/worker/dist/runner.js,.js,3331,7ac77b35d70d8cc0675211a88433c15286d9adc4463e8a97c893e6f756fe83b3,frozen-export,Platform,Export CURRENT-v1,Historical,Frozen artifact export snapshot,-,-,-,info,support/historical
project-artifact-export/workspace/w0-work/backend/apps/worker/dist/transports/transports.d.ts,.ts,2506,be77e66f98e1e625f43fa2ab8272477199f03dab002d57a3d9f918d3e5c4f309,frozen-export,Platform,Export CURRENT-v1,Historical,Frozen artifact export snapshot,-,-,-,info,support/historical
project-artifact-export/workspace/w0-work/backend/apps/worker/dist/transports/transports.js,.js,3677,3c2dcc72ddd8d5d70e0e5d8a4396ad75682785dde842d3db13e7f77d1cd484ba,frozen-export,Platform,Export CURRENT-v1,Historical,Frozen artifact export snapshot,-,-,-,info,support/historical
project-artifact-export/workspace/w0-work/backend/apps/worker/dist/workers/analytics.worker.d.ts,.ts,419,f610717dfe4f53ff76f301f44cd1010bb8df625cae32a8991296b4dad085d431,frozen-export,Platform,Export CURRENT-v1,Historical,Frozen artifact export snapshot,-,-,-,info,support/historical
project-artifact-export/workspace/w0-work/backend/apps/worker/dist/workers/analytics.worker.js,.js,2745,36061dac3d8125392b10f426769ac293c6402ca24a7779775a8830f7c8c78a3b,frozen-export,Platform,Export CURRENT-v1,Historical,Frozen artifact export snapshot,-,-,-,info,support/historical
project-artifact-export/workspace/w0-work/backend/apps/worker/dist/workers/cleanup.worker.d.ts,.ts,455,47e03d568d2aab850287a3c5184ef720c4468f49a881d800b993149674dbf86c,frozen-export,Platform,Export CURRENT-v1,Historical,Frozen artifact export snapshot,-,-,-,info,support/historical
project-artifact-export/workspace/w0-work/backend/apps/worker/dist/workers/cleanup.worker.js,.js,2399,e9cd451384eadcd45635c66027ba25a6f8d9281e38a2a1db74d97fe2cdf2038d,frozen-export,Platform,Export CURRENT-v1,Historical,Frozen artifact export snapshot,-,-,-,info,support/historical
project-artifact-export/workspace/w0-work/backend/apps/worker/dist/workers/fraud.worker.d.ts,.ts,514,df467acdb058fb5e4a20fc72f7e87d4ada569ddbf256056a29324c3c18560fa2,frozen-export,Platform,Export CURRENT-v1,Historical,Frozen artifact export snapshot,-,-,-,info,support/historical
project-artifact-export/workspace/w0-work/backend/apps/worker/dist/workers/fraud.worker.js,.js,2885,ee1320c4b78dddf44d0e0a26e1f31050849ca7e2fc2421d5f62ab11a769f66bd,frozen-export,Platform,Export CURRENT-v1,Historical,Frozen artifact export snapshot,-,-,-,info,support/historical
project-artifact-export/workspace/w0-work/backend/apps/worker/dist/workers/media.worker.d.ts,.ts,186,52b1af8200880b359aa427b9d55871bca8c1f649f288542058b0b3972c4a742e,frozen-export,Platform,Export CURRENT-v1,Historical,Frozen artifact export snapshot,-,-,-,info,support/historical
project-artifact-export/workspace/w0-work/backend/apps/worker/dist/workers/media.worker.js,.js,8071,508de06a302f6d21e19230099bfbc01de5ac9dfcc8515d79bc350e93bcb0e7b6,frozen-export,Platform,Export CURRENT-v1,Historical,Frozen artifact export snapshot,-,-,-,info,support/historical
project-artifact-export/workspace/w0-work/backend/apps/worker/dist/workers/notifications.d.ts,.ts,373,fae5cc05c5b621a4f2bff38a55c79a615ab26cf38b80793dbd203537862d5d10,frozen-export,Platform,Export CURRENT-v1,Historical,Frozen artifact export snapshot,-,-,-,info,support/historical
project-artifact-export/workspace/w0-work/backend/apps/worker/dist/workers/notifications.js,.js,5569,a1514b4eafef6c1404176a64f92513df440eacc4040d13c259d2f32039f9fe9d,frozen-export,Platform,Export CURRENT-v1,Historical,Frozen artifact export snapshot,-,-,-,info,support/historical
project-artifact-export/workspace/w0-work/backend/apps/worker/dist/workers/outbox-and-search.d.ts,.ts,1060,f78266589f793b1d6295934acd4baf8773bb731d07b8dfca06ac1713aaf9cbeb,frozen-export,Platform,Export CURRENT-v1,Historical,Frozen artifact export snapshot,-,-,-,info,support/historical
project-artifact-export/workspace/w0-work/backend/apps/worker/dist/workers/outbox-and-search.js,.js,6360,235d71a3fe73a863026b2a03d41d225b66fecf1deeb17860999299f722658d7f,frozen-export,Platform,Export CURRENT-v1,Historical,Frozen artifact export snapshot,-,-,-,info,support/historical
project-artifact-export/workspace/w0-work/backend/apps/worker/package.json,.json,555,6d4086542313b745e95f4618d02901fce79bfd5442080ecf3cea2c1dc30bbf44,frozen-export,Platform,Export CURRENT-v1,Historical,Frozen artifact export snapshot,-,-,-,info,support/historical
project-artifact-export/workspace/w0-work/backend/apps/worker/src/main.ts,.ts,4899,b93242b8c6c9987862d53c76b1a5c688945220a2679bdd65d07b1daf8e564aeb,frozen-export,Platform,Export CURRENT-v1,Historical,Frozen artifact export snapshot,-,-,-,info,support/historical
project-artifact-export/workspace/w0-work/backend/apps/worker/src/runner.ts,.ts,3360,f221664a87ace0d59c7b852bddfcfe09038d8483421aae43ad37ba1227134d0e,frozen-export,Platform,Export CURRENT-v1,Historical,Frozen artifact export snapshot,-,-,-,info,support/historical
project-artifact-export/workspace/w0-work/backend/apps/worker/src/transports/transports.ts,.ts,4705,90a606ba25485d6d9d6527d9c611ee7a9834baf8058dcfce0c3b864d606bac9a,frozen-export,Platform,Export CURRENT-v1,Historical,Frozen artifact export snapshot,-,-,-,info,support/historical
project-artifact-export/workspace/w0-work/backend/apps/worker/src/workers/analytics.worker.ts,.ts,2653,bce086b6f15943429e8c02e5053741b77f298d74663bea231f7e2425974bd290,frozen-export,Platform,Export CURRENT-v1,Historical,Frozen artifact export snapshot,-,-,-,info,support/historical
project-artifact-export/workspace/w0-work/backend/apps/worker/src/workers/cleanup.worker.ts,.ts,2106,519cb67c54ba33be0567d6396b08600e29c6392d2b90e65ff341b4e486f25645,frozen-export,Platform,Export CURRENT-v1,Historical,Frozen artifact export snapshot,-,-,-,info,support/historical
project-artifact-export/workspace/w0-work/backend/apps/worker/src/workers/fraud.worker.ts,.ts,2929,c21d6503e4f8274016640e851713e1695da7cf6295e7060dcc4ef220d70615b3,frozen-export,Platform,Export CURRENT-v1,Historical,Frozen artifact export snapshot,-,-,-,info,support/historical
project-artifact-export/workspace/w0-work/backend/apps/worker/src/workers/media.worker.ts,.ts,7300,c7981272839e863b370b8ad2befd6e7d353ccadd733bdc2eddb60f3161b1d71c,frozen-export,Platform,Export CURRENT-v1,Historical,Frozen artifact export snapshot,-,-,-,info,support/historical
project-artifact-export/workspace/w0-work/backend/apps/worker/src/workers/notifications.ts,.ts,5891,c12b48f9c71ab176d1ba7e7ace3af3352bc2a857905b5ca7bb1afbb0b52e3040,frozen-export,Platform,Export CURRENT-v1,Historical,Frozen artifact export snapshot,-,-,-,info,support/historical
project-artifact-export/workspace/w0-work/backend/apps/worker/src/workers/outbox-and-search.ts,.ts,5781,5c9c4ba47749c90d42fdb232a5018523c20b128bfbad9ec11e6df1e535897097,frozen-export,Platform,Export CURRENT-v1,Historical,Frozen artifact export snapshot,-,-,-,info,support/historical
project-artifact-export/workspace/w0-work/backend/apps/worker/tsconfig.json,.json,414,5239174321a7668c6ab41c8fd97beae813bcc8c8854a00735b895b6891c0d696,frozen-export,Platform,Export CURRENT-v1,Historical,Frozen artifact export snapshot,-,-,-,info,support/historical
project-artifact-export/workspace/w0-work/backend/database/base/enterprise_real_estate_schema_frozen_v1.sql,.sql,93699,166dc3b0134538819db064d871dca6950c267dc9708f79c4fcd018617dd51e30,frozen-export,Platform,Export CURRENT-v1,Historical,Frozen artifact export snapshot,-,-,-,data-integrity,support/historical
project-artifact-export/workspace/w0-work/backend/database/errata/0024_backend_critical_hardening.sql,.sql,5280,f2de8d451475ecaffc5ff75563c70780434a481cf649241766d57eed2764f898,frozen-export,Platform,Export CURRENT-v1,Historical,Frozen artifact export snapshot,-,-,-,data-integrity,support/historical
project-artifact-export/workspace/w0-work/backend/database/errata/0024_backend_critical_hardening_fixed.sql,.sql,6644,99057633180f92fe3d8ef819cbf98cbe89d050a7992d45ae6e37409102275723,frozen-export,Platform,Export CURRENT-v1,Historical,Frozen artifact export snapshot,-,-,-,data-integrity,support/historical
project-artifact-export/workspace/w0-work/backend/database/errata/0025_additional_indexes.sql,.sql,422,9064790b6038d90f8eae7683a8818f04ccdb002d672862728b0001256629bae9,frozen-export,Platform,Export CURRENT-v1,Historical,Frozen artifact export snapshot,-,-,-,data-integrity,support/historical
project-artifact-export/workspace/w0-work/backend/database/errata/0026_outbox_claiming.sql,.sql,277,1600280b3f639a76cc754d4ffe26d7c2d4ce075edd513a8a9605519e687c510e,frozen-export,Platform,Export CURRENT-v1,Historical,Frozen artifact export snapshot,-,-,-,data-integrity,support/historical
project-artifact-export/workspace/w0-work/backend/database/migrations/0027_commission_domain.sql,.sql,7528,6715f2ad68503f64d243d442feebb8640bf78a4ce88649e5dd89e34e771064a6,frozen-export,Platform,Export CURRENT-v1,Historical,Frozen artifact export snapshot,-,-,-,data-integrity,support/historical
project-artifact-export/workspace/w0-work/backend/database/migrations/0028_advertising_domain.sql,.sql,10155,e810ff4aa01ce9eb64d52a3c7b3941713e86d29d08044b8cef8df1aff27470eb,frozen-export,Platform,Export CURRENT-v1,Historical,Frozen artifact export snapshot,-,-,-,data-integrity,support/historical
project-artifact-export/workspace/w0-work/backend/database/migrations/0029_i18n_translations.sql,.sql,6111,2f5d510ad179c9a2b3997c190c44fab9be3e1fd546a93c554ed71749b8c3cf26,frozen-export,Platform,Export CURRENT-v1,Historical,Frozen artifact export snapshot,-,-,-,data-integrity,support/historical
project-artifact-export/workspace/w0-work/backend/database/migrations/0030_iam_personal_scope_authorization.sql,.sql,5003,f7279511364b284b0282f0176549de1424703c804547f69e0d18bf856ae8f6e0,frozen-export,Platform,Export CURRENT-v1,Historical,Frozen artifact export snapshot,-,-,-,security-critical,production-relevant
project-artifact-export/workspace/w0-work/backend/database/migrations/0031_listing_state_reconciliation.sql,.sql,6935,e4499089560bbc7e8bc526ba5fbcf2f67c450f784836f676d52d46381c0f126e,frozen-export,Platform,Export CURRENT-v1,Historical,Frozen artifact export snapshot,-,-,-,data-integrity,support/historical
project-artifact-export/workspace/w0-work/backend/database/migrations/0032_gate4_platform_infrastructure.sql,.sql,10199,e2fae56f1cd4afa2d79d08b70ceef9322e001418ca2cf4030aebddb5168b7008,frozen-export,Platform,Export CURRENT-v1,Historical,Frozen artifact export snapshot,-,-,-,data-integrity,support/historical
project-artifact-export/workspace/w0-work/backend/database/migrations/0033_gate4_iam_hardening.sql,.sql,4190,eb7eda693787b0d2bebda498353bd40f74a00c43f2e42101c600ed39aa8ca536,frozen-export,Platform,Export CURRENT-v1,Historical,Frozen artifact export snapshot,-,-,-,security-critical,production-relevant
project-artifact-export/workspace/w0-work/backend/database/migrations/0034_gate4_billing_plans.sql,.sql,2766,209e35062f663d8af5db8e11e9d8c2932ef41895026bf37029f87d5dec796b1b,frozen-export,Platform,Export CURRENT-v1,Historical,Frozen artifact export snapshot,-,-,-,data-integrity,support/historical
project-artifact-export/workspace/w0-work/backend/database/seed/seed_reference.sql,.sql,4756,a07bf35ec298ff7fd8227c3ad996a980fba101b5c077c3525cd1f51fb96325fc,frozen-export,Platform,Export CURRENT-v1,Historical,Frozen artifact export snapshot,-,-,-,data-integrity,support/historical
project-artifact-export/workspace/w0-work/backend/database/verify/critical-invariants.sql,.sql,832,0d8f44490f93385c860e3c9ebfc690494f6c42c9ec5e80ee540e4d90cb0b6026,frozen-export,Platform,Export CURRENT-v1,Historical,Frozen artifact export snapshot,-,-,-,data-integrity,support/historical
project-artifact-export/workspace/w0-work/backend/database/verify/g3-verification.sql,.sql,16863,b9d579c68e65ada2a9b4770e61485686dfcc773d001fb90a21c0e84fad6e2e62,frozen-export,Platform,Export CURRENT-v1,Historical,Frozen artifact export snapshot,-,-,-,data-integrity,support/historical
project-artifact-export/workspace/w0-work/backend/database/verify/g4-verification.sql,.sql,9334,57452f3d28f2d71f617aeb7aade7f49ece38bcce0591809085a9633df28fb333,frozen-export,Platform,Export CURRENT-v1,Historical,Frozen artifact export snapshot,-,-,-,data-integrity,support/historical
project-artifact-export/workspace/w0-work/backend/docker-compose.postgres.yml,.yml,455,e0eb695653211fcff6a82f01bb4851447186479ab3e74d21c9ea622779fc7f70,frozen-export,Platform,Export CURRENT-v1,Historical,Frozen artifact export snapshot,-,-,-,info,support/historical
project-artifact-export/workspace/w0-work/backend/docs/API_CONTRACT_DELTA_GATE2.md,.md,870,250179f4da66bb712d3f408ae41398cc591879cbcaac12070ad029d199b7ab9e,frozen-export,Platform,Export CURRENT-v1,Historical,Frozen artifact export snapshot,-,-,-,info,support/historical
project-artifact-export/workspace/w0-work/backend/docs/DEEP_AUDIT_GATE1_FILE_BY_FILE.md,.md,10282,903e847c7aeae539c6c71f073588ea028028e13074264bb2ed3631db598832c2,frozen-export,Platform,Export CURRENT-v1,Historical,Frozen artifact export snapshot,-,-,-,info,support/historical
project-artifact-export/workspace/w0-work/backend/docs/FILE_INVENTORY_GATE2.txt,.txt,3501,7ec75081a861f3f5ca56334736636a8678cfcb51b42da9b8358babe6db0827e8,frozen-export,Platform,Export CURRENT-v1,Historical,Frozen artifact export snapshot,-,-,-,info,support/historical
project-artifact-export/workspace/w0-work/backend/docs/GATE2_CORE_DOMAIN.md,.md,1384,aa2f41cf36d5dd0c3c036b11d7403f53f91e6295346bee71d0f5c72d664af2fc,frozen-export,Platform,Export CURRENT-v1,Historical,Frozen artifact export snapshot,-,-,-,info,support/historical
project-artifact-export/workspace/w0-work/backend/docs/GATE2_MANIFEST.md,.md,1367,f31e55762acaa8fa78b8f7dd82b485d59b5cd167fdef506ef184b3b469fc6010,frozen-export,Platform,Export CURRENT-v1,Historical,Frozen artifact export snapshot,-,-,-,info,support/historical
project-artifact-export/workspace/w0-work/backend/docs/IMPLEMENTATION_GATE_1.md,.md,114,8fd3ab6e54d9feec18497b1b0789c62868124fdd660e4fbbe3000f3b85ecfbaa,frozen-export,Platform,Export CURRENT-v1,Historical,Frozen artifact export snapshot,-,-,-,info,support/historical
project-artifact-export/workspace/w0-work/backend/docs/IMPLEMENTATION_GATE_2.md,.md,288,bd83a69f8d244e862f696f0611080186629afbef13e67425e3cf28f7020d6e99,frozen-export,Platform,Export CURRENT-v1,Historical,Frozen artifact export snapshot,-,-,-,info,support/historical
project-artifact-export/workspace/w0-work/backend/docs/IMPLEMENTATION_STATUS.md,.md,583,2e337964b849047e314a418d24906f89c843f0dd010c286d303749c68c508991,frozen-export,Platform,Export CURRENT-v1,Historical,Frozen artifact export snapshot,-,-,-,info,support/historical
project-artifact-export/workspace/w0-work/backend/docs/NEXT_GATE.md,.md,176,9b2bbe36ae6997dc3641bcf820bc7c799207fe8946d2934571067d972a1e65d7,frozen-export,Platform,Export CURRENT-v1,Historical,Frozen artifact export snapshot,-,-,-,info,support/historical
project-artifact-export/workspace/w0-work/backend/docs/SCHEMA_ERRATA_1_1.md,.md,966,114d79921cd4feb1d7959f55d8ec4600d8d425586f9d3285ec9413147648fef4,frozen-export,Platform,Export CURRENT-v1,Historical,Frozen artifact export snapshot,-,-,-,info,support/historical
project-artifact-export/workspace/w0-work/backend/docs/SHA256SUMS.txt,.txt,9025,6cc65964715c9e7d87522272b0613186fdc7abed4f9dcc163422a7d5f2fcdb6c,frozen-export,Platform,Export CURRENT-v1,Historical,Frozen artifact export snapshot,-,-,-,info,support/historical
project-artifact-export/workspace/w0-work/backend/docs/STATIC_REVIEW_CHECKS.md,.md,1189,0dbc512990eed73fffeda31d83f8f8feed5642d3800ab2de5393abb7973b7175,frozen-export,Platform,Export CURRENT-v1,Historical,Frozen artifact export snapshot,-,-,-,info,support/historical
project-artifact-export/workspace/w0-work/backend/docs/STATIC_TS_SYNTAX_REPORT.json,.json,31,c020bd9d052a211452d137fe189a34016481317de8ade82e20626081efff6a57,frozen-export,Platform,Export CURRENT-v1,Historical,Frozen artifact export snapshot,-,-,-,info,support/historical
project-artifact-export/workspace/w0-work/backend/docs/reference/Karen_Home_Reference_Bundle_af3a60e5.zip,.zip,351458,af3a60e5af59fc1f90fe9c5edfd9e5dddd8afe8faf4d0de49baf3c5c00b4982a,frozen-export,Platform,Export CURRENT-v1,Historical,Frozen artifact export snapshot,-,-,-,info,support/historical
project-artifact-export/workspace/w0-work/backend/docs/reference/README.md,.md,1782,87f77907b063f0fa2fc0814e423a04dc83da343f24fb671bd01442d313160088,frozen-export,Platform,Export CURRENT-v1,Historical,Frozen artifact export snapshot,-,-,-,info,support/historical
project-artifact-export/workspace/w0-work/backend/eslint.config.mjs,.mjs,1729,281e299826d0222977567297cd06a83bc125c45bea3595376f774e43c721e2e0,frozen-export,Platform,Export CURRENT-v1,Historical,Frozen artifact export snapshot,-,-,-,info,support/historical
project-artifact-export/workspace/w0-work/backend/package.json,.json,1118,2c7e7ce1b1230a70195335903e49010fec5929455eb30ce658767c39b67557ae,frozen-export,Platform,Export CURRENT-v1,Historical,Frozen artifact export snapshot,-,-,-,info,support/historical
project-artifact-export/workspace/w0-work/backend/packages/contracts/dist/errors.d.ts,.ts,1920,b115c2d8c783b708313a6ba3cbc2ce55ad304b7e7331fe4029a7bdfd96fa18cf,frozen-export,Platform,Export CURRENT-v1,Historical,Frozen artifact export snapshot,-,-,-,info,support/historical
project-artifact-export/workspace/w0-work/backend/packages/contracts/dist/errors.js,.js,3493,281fdeaebe1a9832bfd65cfa575d00c6a73d28f3762ae30ae6db3ec5c45f359e,frozen-export,Platform,Export CURRENT-v1,Historical,Frozen artifact export snapshot,-,-,-,info,support/historical
project-artifact-export/workspace/w0-work/backend/packages/contracts/dist/index.d.ts,.ts,618,87b200342b72b3f0b47388e97e736a84ba572b2a07cc45f9f488c0d7964bb399,frozen-export,Platform,Export CURRENT-v1,Historical,Frozen artifact export snapshot,-,-,-,info,support/historical
project-artifact-export/workspace/w0-work/backend/packages/contracts/dist/index.js,.js,859,9755ead700fdb8cfaec5bfb27df6d1d10c1efe3bbcbc7540223744dcc3606434,frozen-export,Platform,Export CURRENT-v1,Historical,Frozen artifact export snapshot,-,-,-,info,support/historical
project-artifact-export/workspace/w0-work/backend/packages/contracts/package.json,.json,240,660e7ef2d4e3512cc51635d07c6db19c8dbecd752b121df0933c7da069720332,frozen-export,Platform,Export CURRENT-v1,Historical,Frozen artifact export snapshot,-,-,-,info,support/historical
project-artifact-export/workspace/w0-work/backend/packages/contracts/src/errors.ts,.ts,3555,8d17e25d15b8cb79f99c40b048ed60570c525402fa2c5b8361d1d3fd6598e7fc,frozen-export,Platform,Export CURRENT-v1,Historical,Frozen artifact export snapshot,-,-,-,info,support/historical
project-artifact-export/workspace/w0-work/backend/packages/contracts/src/index.ts,.ts,588,6b49e49ab8af87984451bc95c1a3fd8a8d8691c4e1285427a1060ecc721462df,frozen-export,Platform,Export CURRENT-v1,Historical,Frozen artifact export snapshot,-,-,-,info,support/historical
project-artifact-export/workspace/w0-work/backend/packages/contracts/tsconfig.json,.json,286,89b84208b883bd999233174b1ff4c1c94ff75db04cc2e511f579b37a10e79b4c,frozen-export,Platform,Export CURRENT-v1,Historical,Frozen artifact export snapshot,-,-,-,info,support/historical
project-artifact-export/workspace/w0-work/backend/packages/db/dist/advertising-repository.d.ts,.ts,4760,a0b437ae56cf70b7055e76f6a7cfcdb7ec943ffc20410015ebba34ccc649cc8f,frozen-export,Platform,Export CURRENT-v1,Historical,Frozen artifact export snapshot,-,-,-,info,support/historical
project-artifact-export/workspace/w0-work/backend/packages/db/dist/advertising-repository.js,.js,12050,b60ce8cb5b32ac166a084508e8d9ade1d29d12d885d7a2623c7dd87067601465,frozen-export,Platform,Export CURRENT-v1,Historical,Frozen artifact export snapshot,-,-,-,info,support/historical
project-artifact-export/workspace/w0-work/backend/packages/db/dist/audit-repository.d.ts,.ts,600,3d0e072e0f58b6a9863b3f7e5f872e566661d3a815fba7b814c8a60853b8d626,frozen-export,Platform,Export CURRENT-v1,Historical,Frozen artifact export snapshot,-,-,-,info,support/historical
project-artifact-export/workspace/w0-work/backend/packages/db/dist/audit-repository.js,.js,864,92686d016de962bb6291f73b1f92e36b636f1e269901f7dc3e00cb24c01d4a95,frozen-export,Platform,Export CURRENT-v1,Historical,Frozen artifact export snapshot,-,-,-,info,support/historical
project-artifact-export/workspace/w0-work/backend/packages/db/dist/billing-repository.d.ts,.ts,3045,abec9ae76f87e9969c047a2446caad35f0acf5495c9fea9f5f9a4510b90c30cc,frozen-export,Platform,Export CURRENT-v1,Historical,Frozen artifact export snapshot,-,-,-,info,support/historical
project-artifact-export/workspace/w0-work/backend/packages/db/dist/billing-repository.js,.js,9876,b3c0655144dc84023e753d958b318304c19606ce87af78c1b86faa5d31bf4cf1,frozen-export,Platform,Export CURRENT-v1,Historical,Frozen artifact export snapshot,-,-,-,info,support/historical
project-artifact-export/workspace/w0-work/backend/packages/db/dist/commission-repository.d.ts,.ts,4415,9b83ac0735fdc1e792c355f51c93555ceb8fa4c2f870fccddeb62fce7651f82a,frozen-export,Platform,Export CURRENT-v1,Historical,Frozen artifact export snapshot,-,-,-,info,support/historical
project-artifact-export/workspace/w0-work/backend/packages/db/dist/commission-repository.js,.js,9402,3756f9ee71ec07a81025ea4809533b9a5198ce9f68e5b6f8266def59dba7e2c8,frozen-export,Platform,Export CURRENT-v1,Historical,Frozen artifact export snapshot,-,-,-,info,support/historical
project-artifact-export/workspace/w0-work/backend/packages/db/dist/iam-hardening-repository.d.ts,.ts,3761,bb0670df9930b9dbc730ca96aa8054615c646540479d9b4b10d07090ba9433e8,frozen-export,Platform,Export CURRENT-v1,Historical,Frozen artifact export snapshot,-,-,-,security-critical,production-relevant
project-artifact-export/workspace/w0-work/backend/packages/db/dist/iam-hardening-repository.js,.js,12009,7294cba9e7e0782181a3f107122eac4d048a19be606e8aaa897ad4d6fee268f6,frozen-export,Platform,Export CURRENT-v1,Historical,Frozen artifact export snapshot,-,-,-,security-critical,production-relevant
project-artifact-export/workspace/w0-work/backend/packages/db/dist/iam-repository.d.ts,.ts,2592,db7811d98918665131d95cf889030f08aaddf31d5f519b5e20ec8721098c33f9,frozen-export,Platform,Export CURRENT-v1,Historical,Frozen artifact export snapshot,-,-,-,security-critical,production-relevant
project-artifact-export/workspace/w0-work/backend/packages/db/dist/iam-repository.js,.js,7255,bf6d471a584193342fa85409d2a9ac19995a7039ffe94a864cb18123bb7ea856,frozen-export,Platform,Export CURRENT-v1,Historical,Frozen artifact export snapshot,-,-,-,security-critical,production-relevant
project-artifact-export/workspace/w0-work/backend/packages/db/dist/index.d.ts,.ts,573,70e5f7766b69fe67545d88754c502c0c54782df50fd94c4521e2bf896592862b,frozen-export,Platform,Export CURRENT-v1,Historical,Frozen artifact export snapshot,-,-,-,info,support/historical
project-artifact-export/workspace/w0-work/backend/packages/db/dist/index.js,.js,1600,9b259d316febdd159f3934c9725904c7dfc55f72768402ef89a1551ac9f4ad83,frozen-export,Platform,Export CURRENT-v1,Historical,Frozen artifact export snapshot,-,-,-,info,support/historical
project-artifact-export/workspace/w0-work/backend/packages/db/dist/job-repository.d.ts,.ts,2021,29bd7f82dfb3b899be3bdb49298cf034b64fd1f268f493137417b1ffb01d6c3e,frozen-export,Platform,Export CURRENT-v1,Historical,Frozen artifact export snapshot,-,-,-,info,support/historical
project-artifact-export/workspace/w0-work/backend/packages/db/dist/job-repository.js,.js,6706,66ba830fa9dd807a8742aa44f2e862844ba571701fd5540b591eb6b775548c0b,frozen-export,Platform,Export CURRENT-v1,Historical,Frozen artifact export snapshot,-,-,-,info,support/historical
project-artifact-export/workspace/w0-work/backend/packages/db/dist/listing-repository.d.ts,.ts,1974,34d1df5eafa537b83ce900c7ca5042f3f232ebac51ef83209d020cd29ef76aec,frozen-export,Platform,Export CURRENT-v1,Historical,Frozen artifact export snapshot,-,-,-,info,support/historical
project-artifact-export/workspace/w0-work/backend/packages/db/dist/listing-repository.js,.js,7136,ab48465037ae50954de821c22d6fd20b463ae26c43e5e2b7b89d1cb68b80fd37,frozen-export,Platform,Export CURRENT-v1,Historical,Frozen artifact export snapshot,-,-,-,info,support/historical
project-artifact-export/workspace/w0-work/backend/packages/db/dist/media-repository.d.ts,.ts,3029,3a92d845b3615071a37de11e26b3ddd4d969e702c4b89494bc7c2b96d8357a0f,frozen-export,Platform,Export CURRENT-v1,Historical,Frozen artifact export snapshot,-,-,-,info,support/historical
project-artifact-export/workspace/w0-work/backend/packages/db/dist/media-repository.js,.js,6265,a59266b45e86d14a6ffd6eed75f3bb09539d4a40eeadb60ac77c48fff5f27da9,frozen-export,Platform,Export CURRENT-v1,Historical,Frozen artifact export snapshot,-,-,-,info,support/historical
project-artifact-export/workspace/w0-work/backend/packages/db/dist/notification-repository.d.ts,.ts,2698,06f4a7e022dc09069f86b9e9c32acbe32b1d0197dbd8025db674523b99e5db6a,frozen-export,Platform,Export CURRENT-v1,Historical,Frozen artifact export snapshot,-,-,-,info,support/historical
project-artifact-export/workspace/w0-work/backend/packages/db/dist/notification-repository.js,.js,5988,a2b3928887173ad72e4543b330f55a5fa0e7d1ebe0a20ae20e546e4acd468c03,frozen-export,Platform,Export CURRENT-v1,Historical,Frozen artifact export snapshot,-,-,-,info,support/historical
project-artifact-export/workspace/w0-work/backend/packages/db/dist/outbox-repository.d.ts,.ts,774,900b8b0a463d6a2e86a66e8215c827c201b977a47ec934d29b766a8cf6ee426c,frozen-export,Platform,Export CURRENT-v1,Historical,Frozen artifact export snapshot,-,-,-,info,support/historical
project-artifact-export/workspace/w0-work/backend/packages/db/dist/outbox-repository.js,.js,2092,b72f30c2087d9f609f8ae396c018fe1760eecd3d886b2c3da146b52e1a63418e,frozen-export,Platform,Export CURRENT-v1,Historical,Frozen artifact export snapshot,-,-,-,info,support/historical
project-artifact-export/workspace/w0-work/backend/packages/db/dist/policy-repository.d.ts,.ts,2170,69f4ad71871cc34fe2139e6dd7417c236aca3d9dfea12683d32bcdde34de7c96,frozen-export,Platform,Export CURRENT-v1,Historical,Frozen artifact export snapshot,-,-,-,info,support/historical
project-artifact-export/workspace/w0-work/backend/packages/db/dist/policy-repository.js,.js,6143,f90ef5b190e7ddb9cb4cf0003c1f1c0aab5943be60a07bbe08d5830ae25bd5d1,frozen-export,Platform,Export CURRENT-v1,Historical,Frozen artifact export snapshot,-,-,-,info,support/historical
project-artifact-export/workspace/w0-work/backend/packages/db/dist/postgres-database.d.ts,.ts,960,d5afcdbb007eff41c5e37d0a5c257590e9c040559f8219bef7c4e94675cee43f,frozen-export,Platform,Export CURRENT-v1,Historical,Frozen artifact export snapshot,-,-,-,info,support/historical
project-artifact-export/workspace/w0-work/backend/packages/db/dist/postgres-database.js,.js,2160,54e3ba33fbb04a4dbef70d2d4dd2f189941b0d5abc06b13cc61a701455597eeb,frozen-export,Platform,Export CURRENT-v1,Historical,Frozen artifact export snapshot,-,-,-,info,support/historical
project-artifact-export/workspace/w0-work/backend/packages/db/dist/property-repository.d.ts,.ts,2269,91b9692651522716087bfde61def0a66ca75a1a8d8b542545c1f2c0e44a99b1e,frozen-export,Platform,Export CURRENT-v1,Historical,Frozen artifact export snapshot,-,-,-,info,support/historical
project-artifact-export/workspace/w0-work/backend/packages/db/dist/property-repository.js,.js,6150,d2b5e941e8ac5ea4c2b4f5b89d3cb3e0da11d14e3644b0ca01e7f70c144277aa,frozen-export,Platform,Export CURRENT-v1,Historical,Frozen artifact export snapshot,-,-,-,info,support/historical
project-artifact-export/workspace/w0-work/backend/packages/db/dist/search-repository.d.ts,.ts,1667,9b3f377801ed02305cfe5af0a3f7c5d6b0fe9a649eb8c6b26d54282d74931798,frozen-export,Platform,Export CURRENT-v1,Historical,Frozen artifact export snapshot,-,-,-,info,support/historical
project-artifact-export/workspace/w0-work/backend/packages/db/dist/search-repository.js,.js,7280,840a6512fc83352a1ba400a348a5500967606c4b2895ac16af6545d22dee0f34,frozen-export,Platform,Export CURRENT-v1,Historical,Frozen artifact export snapshot,-,-,-,info,support/historical
project-artifact-export/workspace/w0-work/backend/packages/db/package.json,.json,367,6eadbba2ee4a3938a85b3cb78f2693e52fc647054f19f77aad11403889af0f56,frozen-export,Platform,Export CURRENT-v1,Historical,Frozen artifact export snapshot,-,-,-,info,support/historical
project-artifact-export/workspace/w0-work/backend/packages/db/src/README.md,.md,293,4852ae52a10eeecfaa43a9b590686df6aba35c8658b157dc260978b17a9ed221,frozen-export,Platform,Export CURRENT-v1,Historical,Frozen artifact export snapshot,-,-,-,info,support/historical
project-artifact-export/workspace/w0-work/backend/packages/db/src/advertising-repository.ts,.ts,15408,45d2e942f7e28dfabcf23def5c44ecdb98b471980f185577af96e18ad7d66dd3,frozen-export,Platform,Export CURRENT-v1,Historical,Frozen artifact export snapshot,-,-,-,info,support/historical
project-artifact-export/workspace/w0-work/backend/packages/db/src/audit-repository.ts,.ts,1151,5835f05db305fbae7105902d301aa7a4e6e285803d2aeb5ad5ab67a8b997da73,frozen-export,Platform,Export CURRENT-v1,Historical,Frozen artifact export snapshot,-,-,-,info,support/historical
project-artifact-export/workspace/w0-work/backend/packages/db/src/billing-repository.ts,.ts,14132,9ed4a1736465ce4c78490aefe679f0fe8c9945b28a91dc749d7d9a99a946924d,frozen-export,Platform,Export CURRENT-v1,Historical,Frozen artifact export snapshot,-,-,-,info,support/historical
project-artifact-export/workspace/w0-work/backend/packages/db/src/commission-repository.ts,.ts,13504,bf23ecf3846c7a40c3416e7931f1f897fcf804f467ee2f08b76a20531a1a876e,frozen-export,Platform,Export CURRENT-v1,Historical,Frozen artifact export snapshot,-,-,-,info,support/historical
project-artifact-export/workspace/w0-work/backend/packages/db/src/iam-hardening-repository.ts,.ts,14710,94717cd74f123315b76be4205cf51bb2ee06cb78a58b65a698d159c846fe418b,frozen-export,Platform,Export CURRENT-v1,Historical,Frozen artifact export snapshot,-,-,-,security-critical,production-relevant
project-artifact-export/workspace/w0-work/backend/packages/db/src/iam-repository.ts,.ts,9344,25dd663778a3820282ba1f982da4f7702ec8992265aca2db775ddc649e3a5d3b,frozen-export,Platform,Export CURRENT-v1,Historical,Frozen artifact export snapshot,-,-,-,security-critical,production-relevant
project-artifact-export/workspace/w0-work/backend/packages/db/src/index.ts,.ts,573,70e5f7766b69fe67545d88754c502c0c54782df50fd94c4521e2bf896592862b,frozen-export,Platform,Export CURRENT-v1,Historical,Frozen artifact export snapshot,-,-,-,info,support/historical
project-artifact-export/workspace/w0-work/backend/packages/db/src/job-repository.ts,.ts,8137,2d63fa13d3d28969e7c697e7002957f41ae61db4cd190033b4f7c8534ae08e95,frozen-export,Platform,Export CURRENT-v1,Historical,Frozen artifact export snapshot,-,-,-,info,support/historical
project-artifact-export/workspace/w0-work/backend/packages/db/src/listing-repository.ts,.ts,8949,52129c61313e59f161aadf8ae700af2629ac16889d852279051a16ca66117563,frozen-export,Platform,Export CURRENT-v1,Historical,Frozen artifact export snapshot,-,-,-,info,support/historical
project-artifact-export/workspace/w0-work/backend/packages/db/src/media-repository.ts,.ts,8724,43917db6537c302b287087d46b96deb7f36283a3a87fa93153d0a5e6c342ae1f,frozen-export,Platform,Export CURRENT-v1,Historical,Frozen artifact export snapshot,-,-,-,info,support/historical
project-artifact-export/workspace/w0-work/backend/packages/db/src/notification-repository.ts,.ts,7921,b0ce4df1828d97aadb802eaa58df592bdec8eef11614dd8c9fbf5fd3480f4d4d,frozen-export,Platform,Export CURRENT-v1,Historical,Frozen artifact export snapshot,-,-,-,info,support/historical
project-artifact-export/workspace/w0-work/backend/packages/db/src/outbox-repository.ts,.ts,2498,e71e12304424b711b8cea6d8d278cd6c9d45e26d43d3bba76380ddfe552fb1bd,frozen-export,Platform,Export CURRENT-v1,Historical,Frozen artifact export snapshot,-,-,-,info,support/historical
project-artifact-export/workspace/w0-work/backend/packages/db/src/policy-repository.ts,.ts,7394,56b2204e5c0c96b5b777db46c7c0172d007123332a7743460200a6e4860120d6,frozen-export,Platform,Export CURRENT-v1,Historical,Frozen artifact export snapshot,-,-,-,info,support/historical
project-artifact-export/workspace/w0-work/backend/packages/db/src/postgres-database.ts,.ts,2470,e36494c4a81cadc95e996a76c02fb121f9592c762df790c8402eb22f71dad6da,frozen-export,Platform,Export CURRENT-v1,Historical,Frozen artifact export snapshot,-,-,-,info,support/historical
project-artifact-export/workspace/w0-work/backend/packages/db/src/property-repository.ts,.ts,8297,9f34b32158e6a64fb63117fe4829ec983c3f9fc7d0d692260d133438aef91549,frozen-export,Platform,Export CURRENT-v1,Historical,Frozen artifact export snapshot,-,-,-,info,support/historical
project-artifact-export/workspace/w0-work/backend/packages/db/src/search-repository.ts,.ts,8423,fad597f87b0bfc981ceecb82919045cfa30e22af06b621b25a02b7e1f77ec398,frozen-export,Platform,Export CURRENT-v1,Historical,Frozen artifact export snapshot,-,-,-,info,support/historical
project-artifact-export/workspace/w0-work/backend/packages/db/tsconfig.json,.json,309,4ba87aeb53eb637bbfaada247a414c1e859e47c838d667795c837e4309a4a542,frozen-export,Platform,Export CURRENT-v1,Historical,Frozen artifact export snapshot,-,-,-,info,support/historical
project-artifact-export/workspace/w0-work/backend/pnpm-lock.yaml,.yaml,272226,74b48a3340a5cfb1c2267d0ca63057c8d4110a5d10dfd8263c69cc21d29d8b3e,frozen-export,Platform,Export CURRENT-v1,Historical,Frozen artifact export snapshot,-,-,-,info,support/historical
project-artifact-export/workspace/w0-work/backend/pnpm-workspace.yaml,.yaml,36,253208fa7c1b64372c219b9e19cef15ed70ca93b66a4d5c4c4d2297a5aff8880,frozen-export,Platform,Export CURRENT-v1,Historical,Frozen artifact export snapshot,-,-,-,info,support/historical
project-artifact-export/workspace/w0-work/backend/scripts/apply-all-migrations.sh,.sh,2775,08afabb2ea769d6ed0064a4277ff183020919affcf7c886334a28eb5cb480857,frozen-export,Platform,Export CURRENT-v1,Historical,Frozen artifact export snapshot,-,-,-,data-integrity,support/historical
project-artifact-export/workspace/w0-work/backend/scripts/apply-schema.sh,.sh,636,669dd5a20a4dfed22f42b70d50c1b8da32d3fe262154b84cfdbe6fe277ebb775,frozen-export,Platform,Export CURRENT-v1,Historical,Frozen artifact export snapshot,-,-,-,info,support/historical
project-artifact-export/workspace/w0-work/backend/scripts/catalog-dump.sql,.sql,1729,34e3fddf3e676dc1642eb8fd38fae4fd7b772fc00167de512ff337958766b837,frozen-export,Platform,Export CURRENT-v1,Historical,Frozen artifact export snapshot,-,-,-,info,support/historical
project-artifact-export/workspace/w0-work/backend/scripts/g3-concurrency.js,.js,6771,e4bc5ee938ecd3ee9703da1a5393793e5c9c6bbb2be22c775a768837b897eeae,frozen-export,Platform,Export CURRENT-v1,Historical,Frozen artifact export snapshot,-,-,-,info,support/historical
project-artifact-export/workspace/w0-work/backend/scripts/g4-benchmark.js,.js,3223,acae39d00e2fbc4e828b3db4189f814b95b2266ab6fd1c0e24718e8367f5a177,frozen-export,Platform,Export CURRENT-v1,Historical,Frozen artifact export snapshot,-,-,-,info,support/historical
project-artifact-export/workspace/w0-work/backend/scripts/g4-concurrency.js,.js,10571,70bfaf55abcbf905223816fff9379b35a9c0a8d25154d9b787a8dce416a649b9,frozen-export,Platform,Export CURRENT-v1,Historical,Frozen artifact export snapshot,-,-,-,info,support/historical
project-artifact-export/workspace/worklog.md,.md,9548,3f7a7b52f7dc3a2b3670b17ce070ffec00ba4b1db4e54aff81f0151ab465fca1,frozen-export,Platform,Export CURRENT-v1,Historical,Frozen artifact export snapshot,-,-,-,info,support/historical
scripts-ci/secret_scan.sh,.sh,2061,c2e697783b02615290a584f70f56e39f7ff1ebf4a104b591e9a53572920c7f71,ci,Platform,Gate4.1,Authoritative,Repository governance script,-,-,-,info,support/historical
w0/W0_FINALIZATION.md,.md,3676,4096c173cbd48e4c2b50c074ffdabde76d4066373bb26d8f1b73f8d096c9c2cc,w0-gate3-reports,Platform,W0/Gate3-DB,Historical,W0/Gate 3-DB report/evidence,-,-,-,info,support/historical
w0/W0_OPEN_DECISIONS.md,.md,5241,0be3e3aefbcfd1d017383f369aca3049d8df4cbcb58a233e4f60b3b1288698bc,w0-gate3-reports,Platform,W0/Gate3-DB,Historical,W0/Gate 3-DB report/evidence,-,-,-,info,support/historical
w0/evidence/build-final.log,.log,500,fcc73dccfc0cd09fa70b796873f683927596d1f3b87d074aa2c119ecd302b036,w0-gate3-reports,Platform,W0/Gate3-DB,Evidence,W0/Gate 3-DB report/evidence,-,-,-,info,support/historical
w0/evidence/g3-apply-fresh.log,.log,5089,2aaf3773ef27f9ebcf32cf5d02b65433546ca68c11bda4a462ca226fa1471337,w0-gate3-reports,Platform,W0/Gate3-DB,Evidence,W0/Gate 3-DB report/evidence,-,-,-,info,support/historical
w0/evidence/g3-concurrency.log,.log,287,e40835469e4370b545d0318e77994cf291cc699727aa054982c7b74998e26354,w0-gate3-reports,Platform,W0/Gate3-DB,Evidence,W0/Gate 3-DB report/evidence,-,-,-,info,support/historical
w0/evidence/g3-schema-diff.json,.json,18054,e9fd415a3da38fe2a19c72dddd32a50e3b8fe3d2c7f567efbc62adb6f6ca7ce1,w0-gate3-reports,Platform,W0/Gate3-DB,Evidence,W0/Gate 3-DB report/evidence,-,-,-,info,support/historical
w0/evidence/g3-verification.log,.log,3291,0c547a83a5982e6ed21e305e905255d7b96b51e3f6ce4d18453d9a6ae57aed61,w0-gate3-reports,Platform,W0/Gate3-DB,Evidence,W0/Gate 3-DB report/evidence,-,-,-,info,support/historical
w0/evidence/lint-final.log,.log,204,fe722dd8910e53698b8b64823d07d6ffe9840fd7e1d211e4c0cff45d1c422df4,w0-gate3-reports,Platform,W0/Gate3-DB,Evidence,W0/Gate 3-DB report/evidence,-,-,-,info,support/historical
w0/evidence/test-final.log,.log,786,db65a7fac20575d2caf58b543600965ff217dcf68e5c1f485e092027c3e27ce7,w0-gate3-reports,Platform,W0/Gate3-DB,Evidence,W0/Gate 3-DB report/evidence,-,-,-,info,support/historical
w0/evidence/typecheck-final.log,.log,1087,bf54710befee96be00373da5937a29c78cf5a28a0eec16d626a8bb7cb56db34d,w0-gate3-reports,Platform,W0/Gate3-DB,Evidence,W0/Gate 3-DB report/evidence,-,-,-,info,support/historical
w0/gate3/GATE3_DB_EXECUTION_REPORT.md,.md,7804,17fcf0eeac5ac172e1c279195c813c8a7c84b086810cfd9b843aba117faec75c,w0-gate3-reports,Platform,W0/Gate3-DB,Historical,W0/Gate 3-DB report/evidence,-,-,-,info,support/historical
w0/gate3/adr/ADR_REGISTRY.md,.md,5826,3ffba2cfd3cbfe0a5057fd692eea00e7e781cb2a94f27c1eebf9cbd6914c3db4,w0-gate3-reports,Platform,W0/Gate3-DB,Historical,W0/Gate 3-DB report/evidence,-,-,-,info,support/historical
w0/gate3/evidence/apply-all-migrations.sh,.sh,2516,9012648d30dfbcfb611184062b97851ece0fb53eb25d5736e7672cd976fa77b3,w0-gate3-reports,Platform,W0/Gate3-DB,Evidence,W0/Gate 3-DB report/evidence,-,-,-,data-integrity,support/historical
w0/gate3/evidence/build-final.log,.log,500,fcc73dccfc0cd09fa70b796873f683927596d1f3b87d074aa2c119ecd302b036,w0-gate3-reports,Platform,W0/Gate3-DB,Evidence,W0/Gate 3-DB report/evidence,-,-,-,info,support/historical
w0/gate3/evidence/catalog-dump.sql,.sql,1729,34e3fddf3e676dc1642eb8fd38fae4fd7b772fc00167de512ff337958766b837,w0-gate3-reports,Platform,W0/Gate3-DB,Evidence,W0/Gate 3-DB report/evidence,-,-,-,info,support/historical
w0/gate3/evidence/g3-apply-fresh.log,.log,5089,2aaf3773ef27f9ebcf32cf5d02b65433546ca68c11bda4a462ca226fa1471337,w0-gate3-reports,Platform,W0/Gate3-DB,Evidence,W0/Gate 3-DB report/evidence,-,-,-,info,support/historical
w0/gate3/evidence/g3-concurrency.js,.js,6771,e4bc5ee938ecd3ee9703da1a5393793e5c9c6bbb2be22c775a768837b897eeae,w0-gate3-reports,Platform,W0/Gate3-DB,Evidence,W0/Gate 3-DB report/evidence,-,-,-,info,support/historical
w0/gate3/evidence/g3-concurrency.log,.log,287,e40835469e4370b545d0318e77994cf291cc699727aa054982c7b74998e26354,w0-gate3-reports,Platform,W0/Gate3-DB,Evidence,W0/Gate 3-DB report/evidence,-,-,-,info,support/historical
w0/gate3/evidence/g3-schema-diff.json,.json,18054,e9fd415a3da38fe2a19c72dddd32a50e3b8fe3d2c7f567efbc62adb6f6ca7ce1,w0-gate3-reports,Platform,W0/Gate3-DB,Evidence,W0/Gate 3-DB report/evidence,-,-,-,info,support/historical
w0/gate3/evidence/g3-verification.log,.log,3291,0c547a83a5982e6ed21e305e905255d7b96b51e3f6ce4d18453d9a6ae57aed61,w0-gate3-reports,Platform,W0/Gate3-DB,Evidence,W0/Gate 3-DB report/evidence,-,-,-,info,support/historical
w0/gate3/evidence/g3-verification.sql,.sql,16592,898c08c31dda5a81a0e9193b4158a129ab3e6bcc8c4dc6dacfc3f8c2750b3a27,w0-gate3-reports,Platform,W0/Gate3-DB,Evidence,W0/Gate 3-DB report/evidence,-,-,-,info,support/historical
w0/gate3/evidence/lint-final.log,.log,204,fe722dd8910e53698b8b64823d07d6ffe9840fd7e1d211e4c0cff45d1c422df4,w0-gate3-reports,Platform,W0/Gate3-DB,Evidence,W0/Gate 3-DB report/evidence,-,-,-,info,support/historical
w0/gate3/evidence/test-final-with-db.log,.log,62,50e34b4fc999ecd57b49328787fb26c68c424e471516e822e7d82606fb57bdb5,w0-gate3-reports,Platform,W0/Gate3-DB,Evidence,W0/Gate 3-DB report/evidence,-,-,-,info,support/historical
w0/gate3/evidence/test-final.log,.log,786,db65a7fac20575d2caf58b543600965ff217dcf68e5c1f485e092027c3e27ce7,w0-gate3-reports,Platform,W0/Gate3-DB,Evidence,W0/Gate 3-DB report/evidence,-,-,-,info,support/historical
w0/gate3/evidence/typecheck-final.log,.log,1087,bf54710befee96be00373da5937a29c78cf5a28a0eec16d626a8bb7cb56db34d,w0-gate3-reports,Platform,W0/Gate3-DB,Evidence,W0/Gate 3-DB report/evidence,-,-,-,info,support/historical
w0/gate3/migrations/0024_backend_critical_hardening_fixed.sql,.sql,6644,99057633180f92fe3d8ef819cbf98cbe89d050a7992d45ae6e37409102275723,w0-gate3-reports,Platform,W0/Gate3-DB,Historical,W0/Gate 3-DB report/evidence,-,-,-,data-integrity,support/historical
w0/gate3/migrations/0027_commission_domain.sql,.sql,7528,6715f2ad68503f64d243d442feebb8640bf78a4ce88649e5dd89e34e771064a6,w0-gate3-reports,Platform,W0/Gate3-DB,Historical,W0/Gate 3-DB report/evidence,-,-,-,data-integrity,support/historical
w0/gate3/migrations/0028_advertising_domain.sql,.sql,10155,e810ff4aa01ce9eb64d52a3c7b3941713e86d29d08044b8cef8df1aff27470eb,w0-gate3-reports,Platform,W0/Gate3-DB,Historical,W0/Gate 3-DB report/evidence,-,-,-,data-integrity,support/historical
w0/gate3/migrations/0029_i18n_translations.sql,.sql,6111,2f5d510ad179c9a2b3997c190c44fab9be3e1fd546a93c554ed71749b8c3cf26,w0-gate3-reports,Platform,W0/Gate3-DB,Historical,W0/Gate 3-DB report/evidence,-,-,-,data-integrity,support/historical
w0/gate3/migrations/0030_iam_personal_scope_authorization.sql,.sql,5003,f7279511364b284b0282f0176549de1424703c804547f69e0d18bf856ae8f6e0,w0-gate3-reports,Platform,W0/Gate3-DB,Historical,W0/Gate 3-DB report/evidence,-,-,-,security-critical,production-relevant
w0/gate3/migrations/0031_listing_state_reconciliation.sql,.sql,6935,e4499089560bbc7e8bc526ba5fbcf2f67c450f784836f676d52d46381c0f126e,w0-gate3-reports,Platform,W0/Gate3-DB,Historical,W0/Gate 3-DB report/evidence,-,-,-,data-integrity,support/historical
w0/gate3/migrations/seed_reference.sql,.sql,4756,a07bf35ec298ff7fd8227c3ad996a980fba101b5c077c3525cd1f51fb96325fc,w0-gate3-reports,Platform,W0/Gate3-DB,Historical,W0/Gate 3-DB report/evidence,-,-,-,data-integrity,support/historical
w0/gate3/schema-snapshot-g3.sha256,.sha256,126,3f8d7e535a07a5b35cebbc6c699c3156a8c27fcb969e2c9c696579a833d558d1,w0-gate3-reports,Platform,W0/Gate3-DB,Historical,W0/Gate 3-DB report/evidence,-,-,-,info,support/historical
w0/gate3/schema-snapshot-g3.sql,.sql,260885,f79a3348e0f9e08084c99cc6cd455cb1c22316aacc7e3f5af8dc6ab99b8cdd63,w0-gate3-reports,Platform,W0/Gate3-DB,Historical,W0/Gate 3-DB report/evidence,-,-,-,info,support/historical
