Sequential ID,Relative Path,Original Path,Filename,Extension,Size (bytes),SHA-256,Category,Module,Gate,Version (last commit),Modified,Purpose,Authority Status,Included,Notes
1,workspace/.env,.env,.env,,50,be8e1a92feff8f6cb699a9a70cc7d76a183538ab8c68a45e7d40f0d32bf20b94,Configuration,config,Current,8d4eeef,2026-09-29,Root env pointer file,Authoritative,Included,reviewed — contains no credential
2,workspace/.gitignore,.gitignore,.gitignore,,22,a43d030ea79902a14c4c11a90e05e481355482708579d3e061f60a8e7787887b,Configuration,config,Current,8d4eeef,2026-09-29,Git ignore rules,Authoritative,Included,
3,workspace/download/PROJECT_STATE_SUMMARY.md,download/PROJECT_STATE_SUMMARY.md,PROJECT_STATE_SUMMARY.md,md,3466,908a7ba52247e3f90bf971e572c4207e5fee343d01c1b5f7e02bcfc980cec56d,Project State,governance,Current,4fdb484,2026-09-29,Cross-session project state summary (updated),Authoritative,Included,
4,workspace/download/README.md,download/README.md,README.md,md,34,0a345f2f749266ca2d137ab27249a8480f89a9bcb33ad51fe3afb149c81a7acc,Documentation,governance,Current,8d4eeef,2026-09-29,Download area index/readme,Authoritative,Included,
5,workspace/download/gate4/FILE_MANIFEST.md,download/gate4/FILE_MANIFEST.md,FILE_MANIFEST.md,md,6099,d4496208d969ea7667f7f8a1d5059a1c3d54ad2bd989df5ad95bcc36049a7052,Manifest,governance,Gate 4,9b020af,2026-09-29,Gate 4 file manifest + SHA register,Authoritative,Included,
6,workspace/download/gate4/FILE_MANIFEST.sha256,download/gate4/FILE_MANIFEST.sha256,FILE_MANIFEST.sha256,sha256,8427,0f3d007315a44e9daa7ce255fd807158bf402c6625336409d715c571cb43350d,Manifest,governance,Gate 4,9b020af,2026-09-29,Gate 4 file manifest + SHA register,Authoritative,Included,
7,workspace/download/gate4/GATE4_ADVERTISING_REPORT.md,download/gate4/GATE4_ADVERTISING_REPORT.md,GATE4_ADVERTISING_REPORT.md,md,2570,073d4ee3d1c5afd729792a5d5171c05ace285c60cc524802e164681fff553cc0,Report,governance,Gate 4,4fdb484,2026-09-29,Gate 4 domain/gate report (17-report set),Authoritative,Included,
8,workspace/download/gate4/GATE4_API_CONTRACT_REPORT.md,download/gate4/GATE4_API_CONTRACT_REPORT.md,GATE4_API_CONTRACT_REPORT.md,md,3194,b4067d40d0b4e7d13510edbefaa4d9bf86d8e4338dece798d5227fec8c6088ff,Report,governance,Gate 4,4fdb484,2026-09-29,Gate 4 domain/gate report (17-report set),Authoritative,Included,
9,workspace/download/gate4/GATE4_COMMISSION_REPORT.md,download/gate4/GATE4_COMMISSION_REPORT.md,GATE4_COMMISSION_REPORT.md,md,2650,31c223c469394c94b4f975d4688b2ff2a7a17b61a65697770ac7eb826f8a64b9,Report,governance,Gate 4,4fdb484,2026-09-29,Gate 4 domain/gate report (17-report set),Authoritative,Included,
10,workspace/download/gate4/GATE4_DOMAIN_IMPLEMENTATION_REPORT.md,download/gate4/GATE4_DOMAIN_IMPLEMENTATION_REPORT.md,GATE4_DOMAIN_IMPLEMENTATION_REPORT.md,md,7750,2a080ab4c8fbc5e0f1debf11c4d141ef779a5bbbeae8ac8ba419ba6996bd9fd8,Report,governance,Gate 4,4fdb484,2026-09-29,Gate 4 domain/gate report (17-report set),Authoritative,Included,
11,workspace/download/gate4/GATE4_EXECUTION_REPORT.md,download/gate4/GATE4_EXECUTION_REPORT.md,GATE4_EXECUTION_REPORT.md,md,8543,f3428756e46a6f56b8179f505187f3ec247c4608fa5032d125e4976c5bd267bf,Report,governance,Gate 4,4fdb484,2026-09-29,Gate 4 domain/gate report (17-report set),Authoritative,Included,
12,workspace/download/gate4/GATE4_I18N_REPORT.md,download/gate4/GATE4_I18N_REPORT.md,GATE4_I18N_REPORT.md,md,2159,d72a2aa47796ddc213055c0dc7afcdbd50cb5bf1736fb121646cf4e5bbdb503e,Report,governance,Gate 4,4fdb484,2026-09-29,Gate 4 domain/gate report (17-report set),Authoritative,Included,
13,workspace/download/gate4/GATE4_IAM_REPORT.md,download/gate4/GATE4_IAM_REPORT.md,GATE4_IAM_REPORT.md,md,3081,f173ab93d72fe4514cf56d505ac7bd74dbf9d75584637a2cb757cb1d65522d92,Report,governance,Gate 4,4fdb484,2026-09-29,Gate 4 domain/gate report (17-report set),Authoritative,Included,
14,workspace/download/gate4/GATE4_MEDIA_REPORT.md,download/gate4/GATE4_MEDIA_REPORT.md,GATE4_MEDIA_REPORT.md,md,2393,67afc8c80f5093b359292b4ee663be3e1f9192546d4070a136b7a6f6612675bd,Report,governance,Gate 4,4fdb484,2026-09-29,Gate 4 domain/gate report (17-report set),Authoritative,Included,
15,workspace/download/gate4/GATE4_NOTIFICATION_REPORT.md,download/gate4/GATE4_NOTIFICATION_REPORT.md,GATE4_NOTIFICATION_REPORT.md,md,2355,ea4faa76979e9afe3b58a88fdf730b17a76288f71085fe29d69787e0625d8612,Report,governance,Gate 4,4fdb484,2026-09-29,Gate 4 domain/gate report (17-report set),Authoritative,Included,
16,workspace/download/gate4/GATE4_PERFORMANCE_REPORT.md,download/gate4/GATE4_PERFORMANCE_REPORT.md,GATE4_PERFORMANCE_REPORT.md,md,2454,91050de253f7d08b2ab9c5785a96442574abf308c1f4d7c7eea946d086083fe2,Report,governance,Gate 4,4fdb484,2026-09-29,Gate 4 domain/gate report (17-report set),Authoritative,Included,
17,workspace/download/gate4/GATE4_RECOVERY_REPORT.md,download/gate4/GATE4_RECOVERY_REPORT.md,GATE4_RECOVERY_REPORT.md,md,1848,9986e1e115cbf811258bb388387f8176764a4951e9eecfbe2a8fc10f7d96b39a,Report,governance,Gate 4,4fdb484,2026-09-29,Gate 4 domain/gate report (17-report set),Authoritative,Included,
18,workspace/download/gate4/GATE4_RED_TEAM_REPORT.md,download/gate4/GATE4_RED_TEAM_REPORT.md,GATE4_RED_TEAM_REPORT.md,md,3188,9c2b1970da6f931840423c64f7e2e9d310ee5f12ede76253ce48763426ea5cde,Report,governance,Gate 4,4fdb484,2026-09-29,Gate 4 domain/gate report (17-report set),Authoritative,Included,
19,workspace/download/gate4/GATE4_SCHEMA_DRIFT_REPORT.md,download/gate4/GATE4_SCHEMA_DRIFT_REPORT.md,GATE4_SCHEMA_DRIFT_REPORT.md,md,2387,c7c2f10d0661673eb2a88e47312cb5fdf603011d792979879f57f1d76931d077,Report,governance,Gate 4,4fdb484,2026-09-29,Gate 4 domain/gate report (17-report set),Authoritative,Included,
20,workspace/download/gate4/GATE4_SEARCH_REPORT.md,download/gate4/GATE4_SEARCH_REPORT.md,GATE4_SEARCH_REPORT.md,md,2783,2e3173af3c16a2ddb37ce4aeefccfda78e99aa6459ff02a68a863004cfb14ee3,Report,governance,Gate 4,4fdb484,2026-09-29,Gate 4 domain/gate report (17-report set),Authoritative,Included,
21,workspace/download/gate4/GATE4_SECURITY_REPORT.md,download/gate4/GATE4_SECURITY_REPORT.md,GATE4_SECURITY_REPORT.md,md,3058,2b4c10fb75dcf36b63f45603a61cb9dd52e1bbc7523c019170637adfa53285e8,Report,governance,Gate 4,4fdb484,2026-09-29,Gate 4 domain/gate report (17-report set),Authoritative,Included,
22,workspace/download/gate4/GATE4_TEST_REPORT.md,download/gate4/GATE4_TEST_REPORT.md,GATE4_TEST_REPORT.md,md,3271,7f4dc963568e80e586bf3fbdb93dae6ff34baaaf55c25014c3e07ff9ea6a86a5,Report,governance,Gate 4,4fdb484,2026-09-29,Gate 4 domain/gate report (17-report set),Authoritative,Included,
23,workspace/download/gate4/GATE4_WORKER_REPORT.md,download/gate4/GATE4_WORKER_REPORT.md,GATE4_WORKER_REPORT.md,md,3253,5b830ea2b408c9b371d806166a89b6b803e114f600c6df1e21dbe994bbc404ff,Report,governance,Gate 4,4fdb484,2026-09-29,Gate 4 domain/gate report (17-report set),Authoritative,Included,
24,workspace/download/gate4/evidence/g3-verification-on-g4-fresh.log,download/gate4/evidence/g3-verification-on-g4-fresh.log,g3-verification-on-g4-fresh.log,log,3331,11735a331f1441974f1b05f676557bc2ccfb9788b0e198ad4591dc2d97fa8de1,Evidence,governance,Gate 4,4fdb484,2026-09-29,Gate 4 execution evidence log/result,Evidence,Included,
25,workspace/download/gate4/evidence/g4-apply-fresh.log,download/gate4/evidence/g4-apply-fresh.log,g4-apply-fresh.log,log,5217,63da25f01f6714a92aa819509da67e1b3db8bc580db82d2a40b1afa539bb9826,Evidence,governance,Gate 4,4fdb484,2026-09-29,Gate 4 execution evidence log/result,Evidence,Included,
26,workspace/download/gate4/evidence/g4-benchmark-results.txt,download/gate4/evidence/g4-benchmark-results.txt,g4-benchmark-results.txt,txt,564,c4809aa42a374e7cfb0906904efa106835164e065414c4fb71766f22727e9c29,Evidence,governance,Gate 4,4fdb484,2026-09-29,Gate 4 execution evidence log/result,Evidence,Included,
27,workspace/download/gate4/evidence/g4-build-final.log,download/gate4/evidence/g4-build-final.log,g4-build-final.log,log,630,770b8f6ff2e8069f2897ff3e37c9115e664ceb4cb72e3b569dc9a12f80200f22,Evidence,governance,Gate 4,4fdb484,2026-09-29,Gate 4 execution evidence log/result,Evidence,Included,
28,workspace/download/gate4/evidence/g4-concurrency.log,download/gate4/evidence/g4-concurrency.log,g4-concurrency.log,log,344,473e132c485d18c3f3f076220f3d7d2a7116d6d80b62ca6aac8b15ea3c3f9ef7,Evidence,governance,Gate 4,4fdb484,2026-09-29,Gate 4 execution evidence log/result,Evidence,Included,
29,workspace/download/gate4/evidence/g4-explain-analyze.txt,download/gate4/evidence/g4-explain-analyze.txt,g4-explain-analyze.txt,txt,339,42b13d45ad88042c57d08188f9a6e6ec0d26a9209cfc34fc47ab63711d25ac6a,Evidence,governance,Gate 4,4fdb484,2026-09-29,Gate 4 execution evidence log/result,Evidence,Included,
30,workspace/download/gate4/evidence/g4-lint-final.log,download/gate4/evidence/g4-lint-final.log,g4-lint-final.log,log,218,60c6d0de71021aa97ef5f9fb6c0fdcec797c1c6e82be184c97e363ebe7bfad42,Evidence,governance,Gate 4,4fdb484,2026-09-29,Gate 4 execution evidence log/result,Evidence,Included,
31,workspace/download/gate4/evidence/g4-schema-diff.json,download/gate4/evidence/g4-schema-diff.json,g4-schema-diff.json,json,10204,3562f282e313edf7da46380e5f43f743acb29bdacb03dfd475c680259400eb37,Evidence,governance,Gate 4,4fdb484,2026-09-29,Gate 4 execution evidence log/result,Evidence,Included,
32,workspace/download/gate4/evidence/g4-test-db-final.log,download/gate4/evidence/g4-test-db-final.log,g4-test-db-final.log,log,595,a5ce606b9fd955df60aa53e6a6cb3a6b6fb87ddfdca2e0efa05c2ea512f529d2,Evidence,governance,Gate 4,4fdb484,2026-09-29,Gate 4 execution evidence log/result,Evidence,Included,
33,workspace/download/gate4/evidence/g4-test-final.log,download/gate4/evidence/g4-test-final.log,g4-test-final.log,log,973,36b31f52d082f7ae12636370352ff57801297b4b5f3a1ad45af1b183a7c3dfe3,Evidence,governance,Gate 4,4fdb484,2026-09-29,Gate 4 execution evidence log/result,Evidence,Included,
34,workspace/download/gate4/evidence/g4-typecheck-final.log,download/gate4/evidence/g4-typecheck-final.log,g4-typecheck-final.log,log,695,a19f7635522c283ee9fa4bd687921ec383c653be2781a44014cfc5089d628694,Evidence,governance,Gate 4,4fdb484,2026-09-29,Gate 4 execution evidence log/result,Evidence,Included,
35,workspace/download/gate4/evidence/g4-verification.log,download/gate4/evidence/g4-verification.log,g4-verification.log,log,1829,045fda029e846d50e36ae363988bc34cd99ee8421f0a37de4c0bcc2c1bb5de7f,Evidence,governance,Gate 4,4fdb484,2026-09-29,Gate 4 execution evidence log/result,Evidence,Included,
36,workspace/download/gate4/schema-snapshot-g4.sha256,download/gate4/schema-snapshot-g4.sha256,schema-snapshot-g4.sha256,sha256,65,2cd29e17a48a2bb2a8c3f39d3e7f306843dbc170c160ab50eb338607057e5e90,Schema Snapshot,database,Gate 4,4fdb484,2026-09-29,Canonical Gate 4 database schema snapshot (pg_dump),Authoritative,Included,
37,workspace/download/gate4/schema-snapshot-g4.sql,download/gate4/schema-snapshot-g4.sql,schema-snapshot-g4.sql,sql,289699,40bd5ee4ca9ff3e71c17389883c6c9bad7b0c35ba2b627a80740e2819299fe62,Schema Snapshot,database,Gate 4,4fdb484,2026-09-29,Canonical Gate 4 database schema snapshot (pg_dump),Authoritative,Included,
38,workspace/download/karen-home-gate4-final.tar.gz,download/karen-home-gate4-final.tar.gz,karen-home-gate4-final.tar.gz,gz,698746,de9cfe9a42bf1769e6bd249dc74330eecace192b8c45c59e346eb8d01520934c,Archive,governance,Gate 4,dc2eb5c,2026-09-29,Gate 4 final self-contained archive (governance §0),Authoritative,Included,
39,workspace/download/w0/W0_FINALIZATION.md,download/w0/W0_FINALIZATION.md,W0_FINALIZATION.md,md,3676,4096c173cbd48e4c2b50c074ffdabde76d4066373bb26d8f1b73f8d096c9c2cc,Report,governance,W0,df45d69,2026-09-29,W0 finalization / open-decisions register,Authoritative,Included,
40,workspace/download/w0/W0_OPEN_DECISIONS.md,download/w0/W0_OPEN_DECISIONS.md,W0_OPEN_DECISIONS.md,md,5241,0be3e3aefbcfd1d017383f369aca3049d8df4cbcb58a233e4f60b3b1288698bc,Report,governance,W0,df45d69,2026-09-29,W0 finalization / open-decisions register,Authoritative,Included,
41,workspace/download/w0/evidence/build-final.log,download/w0/evidence/build-final.log,build-final.log,log,500,fcc73dccfc0cd09fa70b796873f683927596d1f3b87d074aa2c119ecd302b036,Evidence,governance,W0,df45d69,2026-09-29,W0 build-verification evidence log,Evidence,Included,
42,workspace/download/w0/evidence/g3-apply-fresh.log,download/w0/evidence/g3-apply-fresh.log,g3-apply-fresh.log,log,5089,2aaf3773ef27f9ebcf32cf5d02b65433546ca68c11bda4a462ca226fa1471337,Evidence,governance,W0,df45d69,2026-09-29,W0 build-verification evidence log,Evidence,Included,
43,workspace/download/w0/evidence/g3-concurrency.log,download/w0/evidence/g3-concurrency.log,g3-concurrency.log,log,287,e40835469e4370b545d0318e77994cf291cc699727aa054982c7b74998e26354,Evidence,governance,W0,df45d69,2026-09-29,W0 build-verification evidence log,Evidence,Included,
44,workspace/download/w0/evidence/g3-schema-diff.json,download/w0/evidence/g3-schema-diff.json,g3-schema-diff.json,json,18054,e9fd415a3da38fe2a19c72dddd32a50e3b8fe3d2c7f567efbc62adb6f6ca7ce1,Evidence,governance,W0,df45d69,2026-09-29,W0 build-verification evidence log,Evidence,Included,
45,workspace/download/w0/evidence/g3-verification.log,download/w0/evidence/g3-verification.log,g3-verification.log,log,3291,0c547a83a5982e6ed21e305e905255d7b96b51e3f6ce4d18453d9a6ae57aed61,Evidence,governance,W0,df45d69,2026-09-29,W0 build-verification evidence log,Evidence,Included,
46,workspace/download/w0/evidence/lint-final.log,download/w0/evidence/lint-final.log,lint-final.log,log,204,fe722dd8910e53698b8b64823d07d6ffe9840fd7e1d211e4c0cff45d1c422df4,Evidence,governance,W0,df45d69,2026-09-29,W0 build-verification evidence log,Evidence,Included,
47,workspace/download/w0/evidence/test-final.log,download/w0/evidence/test-final.log,test-final.log,log,786,db65a7fac20575d2caf58b543600965ff217dcf68e5c1f485e092027c3e27ce7,Evidence,governance,W0,df45d69,2026-09-29,W0 build-verification evidence log,Evidence,Included,
48,workspace/download/w0/evidence/typecheck-final.log,download/w0/evidence/typecheck-final.log,typecheck-final.log,log,1087,bf54710befee96be00373da5937a29c78cf5a28a0eec16d626a8bb7cb56db34d,Evidence,governance,W0,df45d69,2026-09-29,W0 build-verification evidence log,Evidence,Included,
49,workspace/download/w0/gate3/GATE3_DB_EXECUTION_REPORT.md,download/w0/gate3/GATE3_DB_EXECUTION_REPORT.md,GATE3_DB_EXECUTION_REPORT.md,md,7804,17fcf0eeac5ac172e1c279195c813c8a7c84b086810cfd9b843aba117faec75c,Report,governance,Gate 3-DB,df45d69,2026-09-29,Gate 3-DB execution report,Authoritative,Included,
50,workspace/download/w0/gate3/adr/ADR_REGISTRY.md,download/w0/gate3/adr/ADR_REGISTRY.md,ADR_REGISTRY.md,md,5826,3ffba2cfd3cbfe0a5057fd692eea00e7e781cb2a94f27c1eebf9cbd6914c3db4,ADR,governance,Gate 3-DB,df45d69,2026-09-29,Architecture Decision Record registry,Authoritative,Included,
51,workspace/download/w0/gate3/evidence/apply-all-migrations.sh,download/w0/gate3/evidence/apply-all-migrations.sh,apply-all-migrations.sh,sh,2516,9012648d30dfbcfb611184062b97851ece0fb53eb25d5736e7672cd976fa77b3,Evidence,governance,Gate 3-DB,df45d69,2026-09-29,Gate 3-DB execution evidence (logs/scripts/SQL),Evidence,Included,
52,workspace/download/w0/gate3/evidence/build-final.log,download/w0/gate3/evidence/build-final.log,build-final.log,log,500,fcc73dccfc0cd09fa70b796873f683927596d1f3b87d074aa2c119ecd302b036,Evidence,governance,Gate 3-DB,df45d69,2026-09-29,Gate 3-DB execution evidence (logs/scripts/SQL),Evidence,Included,
53,workspace/download/w0/gate3/evidence/catalog-dump.sql,download/w0/gate3/evidence/catalog-dump.sql,catalog-dump.sql,sql,1729,34e3fddf3e676dc1642eb8fd38fae4fd7b772fc00167de512ff337958766b837,Evidence,governance,Gate 3-DB,df45d69,2026-09-29,Gate 3-DB execution evidence (logs/scripts/SQL),Evidence,Included,
54,workspace/download/w0/gate3/evidence/g3-apply-fresh.log,download/w0/gate3/evidence/g3-apply-fresh.log,g3-apply-fresh.log,log,5089,2aaf3773ef27f9ebcf32cf5d02b65433546ca68c11bda4a462ca226fa1471337,Evidence,governance,Gate 3-DB,df45d69,2026-09-29,Gate 3-DB execution evidence (logs/scripts/SQL),Evidence,Included,
55,workspace/download/w0/gate3/evidence/g3-concurrency.js,download/w0/gate3/evidence/g3-concurrency.js,g3-concurrency.js,js,6771,e4bc5ee938ecd3ee9703da1a5393793e5c9c6bbb2be22c775a768837b897eeae,Evidence,governance,Gate 3-DB,df45d69,2026-09-29,Gate 3-DB execution evidence (logs/scripts/SQL),Evidence,Included,
56,workspace/download/w0/gate3/evidence/g3-concurrency.log,download/w0/gate3/evidence/g3-concurrency.log,g3-concurrency.log,log,287,e40835469e4370b545d0318e77994cf291cc699727aa054982c7b74998e26354,Evidence,governance,Gate 3-DB,df45d69,2026-09-29,Gate 3-DB execution evidence (logs/scripts/SQL),Evidence,Included,
57,workspace/download/w0/gate3/evidence/g3-schema-diff.json,download/w0/gate3/evidence/g3-schema-diff.json,g3-schema-diff.json,json,18054,e9fd415a3da38fe2a19c72dddd32a50e3b8fe3d2c7f567efbc62adb6f6ca7ce1,Evidence,governance,Gate 3-DB,df45d69,2026-09-29,Gate 3-DB execution evidence (logs/scripts/SQL),Evidence,Included,
58,workspace/download/w0/gate3/evidence/g3-verification.log,download/w0/gate3/evidence/g3-verification.log,g3-verification.log,log,3291,0c547a83a5982e6ed21e305e905255d7b96b51e3f6ce4d18453d9a6ae57aed61,Evidence,governance,Gate 3-DB,df45d69,2026-09-29,Gate 3-DB execution evidence (logs/scripts/SQL),Evidence,Included,
59,workspace/download/w0/gate3/evidence/g3-verification.sql,download/w0/gate3/evidence/g3-verification.sql,g3-verification.sql,sql,16592,898c08c31dda5a81a0e9193b4158a129ab3e6bcc8c4dc6dacfc3f8c2750b3a27,Evidence,governance,Gate 3-DB,df45d69,2026-09-29,Gate 3-DB execution evidence (logs/scripts/SQL),Evidence,Included,
60,workspace/download/w0/gate3/evidence/lint-final.log,download/w0/gate3/evidence/lint-final.log,lint-final.log,log,204,fe722dd8910e53698b8b64823d07d6ffe9840fd7e1d211e4c0cff45d1c422df4,Evidence,governance,Gate 3-DB,df45d69,2026-09-29,Gate 3-DB execution evidence (logs/scripts/SQL),Evidence,Included,
61,workspace/download/w0/gate3/evidence/test-final-with-db.log,download/w0/gate3/evidence/test-final-with-db.log,test-final-with-db.log,log,62,50e34b4fc999ecd57b49328787fb26c68c424e471516e822e7d82606fb57bdb5,Evidence,governance,Gate 3-DB,df45d69,2026-09-29,Gate 3-DB execution evidence (logs/scripts/SQL),Evidence,Included,
62,workspace/download/w0/gate3/evidence/test-final.log,download/w0/gate3/evidence/test-final.log,test-final.log,log,786,db65a7fac20575d2caf58b543600965ff217dcf68e5c1f485e092027c3e27ce7,Evidence,governance,Gate 3-DB,df45d69,2026-09-29,Gate 3-DB execution evidence (logs/scripts/SQL),Evidence,Included,
63,workspace/download/w0/gate3/evidence/typecheck-final.log,download/w0/gate3/evidence/typecheck-final.log,typecheck-final.log,log,1087,bf54710befee96be00373da5937a29c78cf5a28a0eec16d626a8bb7cb56db34d,Evidence,governance,Gate 3-DB,df45d69,2026-09-29,Gate 3-DB execution evidence (logs/scripts/SQL),Evidence,Included,
64,workspace/download/w0/gate3/migrations/0024_backend_critical_hardening_fixed.sql,download/w0/gate3/migrations/0024_backend_critical_hardening_fixed.sql,0024_backend_critical_hardening_fixed.sql,sql,6644,99057633180f92fe3d8ef819cbf98cbe89d050a7992d45ae6e37409102275723,Migration,database,Gate 3-DB,df45d69,2026-09-29,Numbered SQL migration (Gate 3-DB chain),Authoritative,Included,
65,workspace/download/w0/gate3/migrations/0027_commission_domain.sql,download/w0/gate3/migrations/0027_commission_domain.sql,0027_commission_domain.sql,sql,7528,6715f2ad68503f64d243d442feebb8640bf78a4ce88649e5dd89e34e771064a6,Migration,database,Gate 3-DB,df45d69,2026-09-29,Numbered SQL migration (Gate 3-DB chain),Authoritative,Included,
66,workspace/download/w0/gate3/migrations/0028_advertising_domain.sql,download/w0/gate3/migrations/0028_advertising_domain.sql,0028_advertising_domain.sql,sql,10155,e810ff4aa01ce9eb64d52a3c7b3941713e86d29d08044b8cef8df1aff27470eb,Migration,database,Gate 3-DB,df45d69,2026-09-29,Numbered SQL migration (Gate 3-DB chain),Authoritative,Included,
67,workspace/download/w0/gate3/migrations/0029_i18n_translations.sql,download/w0/gate3/migrations/0029_i18n_translations.sql,0029_i18n_translations.sql,sql,6111,2f5d510ad179c9a2b3997c190c44fab9be3e1fd546a93c554ed71749b8c3cf26,Migration,database,Gate 3-DB,df45d69,2026-09-29,Numbered SQL migration (Gate 3-DB chain),Authoritative,Included,
68,workspace/download/w0/gate3/migrations/0030_iam_personal_scope_authorization.sql,download/w0/gate3/migrations/0030_iam_personal_scope_authorization.sql,0030_iam_personal_scope_authorization.sql,sql,5003,f7279511364b284b0282f0176549de1424703c804547f69e0d18bf856ae8f6e0,Migration,database,Gate 3-DB,df45d69,2026-09-29,Numbered SQL migration (Gate 3-DB chain),Authoritative,Included,
69,workspace/download/w0/gate3/migrations/0031_listing_state_reconciliation.sql,download/w0/gate3/migrations/0031_listing_state_reconciliation.sql,0031_listing_state_reconciliation.sql,sql,6935,e4499089560bbc7e8bc526ba5fbcf2f67c450f784836f676d52d46381c0f126e,Migration,database,Gate 3-DB,df45d69,2026-09-29,Numbered SQL migration (Gate 3-DB chain),Authoritative,Included,
70,workspace/download/w0/gate3/migrations/seed_reference.sql,download/w0/gate3/migrations/seed_reference.sql,seed_reference.sql,sql,4756,a07bf35ec298ff7fd8227c3ad996a980fba101b5c077c3525cd1f51fb96325fc,Migration,database,Gate 3-DB,df45d69,2026-09-29,Numbered SQL migration (Gate 3-DB chain),Authoritative,Included,
71,workspace/download/w0/gate3/schema-snapshot-g3.sha256,download/w0/gate3/schema-snapshot-g3.sha256,schema-snapshot-g3.sha256,sha256,126,3f8d7e535a07a5b35cebbc6c699c3156a8c27fcb969e2c9c696579a833d558d1,Schema Snapshot,database,Gate 3-DB,df45d69,2026-09-29,Canonical Gate 3-DB schema snapshot,Authoritative,Included,
72,workspace/download/w0/gate3/schema-snapshot-g3.sql,download/w0/gate3/schema-snapshot-g3.sql,schema-snapshot-g3.sql,sql,260885,f79a3348e0f9e08084c99cc6cd455cb1c22316aacc7e3f5af8dc6ab99b8cdd63,Schema Snapshot,database,Gate 3-DB,df45d69,2026-09-29,Canonical Gate 3-DB schema snapshot,Authoritative,Included,
73,workspace/w0-rebuild/artifacts/Karen_Home_Reference_Artifacts_v1/00_schema_and_freeze/DATABASE_CONTRACT_FREEZE.md,w0-rebuild/artifacts/Karen_Home_Reference_Artifacts_v1/00_schema_and_freeze/DATABASE_CONTRACT_FREEZE.md,DATABASE_CONTRACT_FREEZE.md,md,1828,fc8827ba26fa59cece6a542f156f13f20db7477e6a757f87c1e7c4d5f32e69a1,Reference Input,reference,Gate 0-R,df45d69,2026-09-29,Reference artifact (contract/skeleton/gate1/gate2 bundle extraction),Historical,Included,
74,workspace/w0-rebuild/artifacts/Karen_Home_Reference_Artifacts_v1/00_schema_and_freeze/enterprise_real_estate_schema_frozen_v1.sql,w0-rebuild/artifacts/Karen_Home_Reference_Artifacts_v1/00_schema_and_freeze/enterprise_real_estate_schema_frozen_v1.sql,enterprise_real_estate_schema_frozen_v1.sql,sql,93699,166dc3b0134538819db064d871dca6950c267dc9708f79c4fcd018617dd51e30,Reference Input,reference,Gate 0-R,df45d69,2026-09-29,Reference artifact (contract/skeleton/gate1/gate2 bundle extraction),Historical,Included,
75,workspace/w0-rebuild/artifacts/Karen_Home_Reference_Artifacts_v1/00_schema_and_freeze/enterprise_real_estate_schema_v1.sql,w0-rebuild/artifacts/Karen_Home_Reference_Artifacts_v1/00_schema_and_freeze/enterprise_real_estate_schema_v1.sql,enterprise_real_estate_schema_v1.sql,sql,80799,08cafc57fed939ed2279d7118ae63f7bc1c1ff4eef179835c862c465e3c4a8ce,Reference Input,reference,Gate 0-R,df45d69,2026-09-29,Reference artifact (contract/skeleton/gate1/gate2 bundle extraction),Historical,Included,
76,workspace/w0-rebuild/artifacts/Karen_Home_Reference_Artifacts_v1/00_schema_and_freeze/enterprise_real_estate_schema_v1_review.md,w0-rebuild/artifacts/Karen_Home_Reference_Artifacts_v1/00_schema_and_freeze/enterprise_real_estate_schema_v1_review.md,enterprise_real_estate_schema_v1_review.md,md,6636,f156982ac14afb2d076400ff24fa8267b867b17c8a7a815f9fc599ce7ed71b7b,Reference Input,reference,Gate 0-R,df45d69,2026-09-29,Reference artifact (contract/skeleton/gate1/gate2 bundle extraction),Historical,Included,
77,workspace/w0-rebuild/artifacts/Karen_Home_Reference_Artifacts_v1/00_schema_and_freeze/schema_full.md,w0-rebuild/artifacts/Karen_Home_Reference_Artifacts_v1/00_schema_and_freeze/schema_full.md,schema_full.md,md,36481,f521ebe01515ac42073988b1e7ad2db6b9e46a2323f19bcb2a8ce326c637302a,Reference Input,reference,Gate 0-R,df45d69,2026-09-29,Reference artifact (contract/skeleton/gate1/gate2 bundle extraction),Historical,Included,
78,workspace/w0-rebuild/artifacts/Karen_Home_Reference_Artifacts_v1/01_backend_contract/README.md,w0-rebuild/artifacts/Karen_Home_Reference_Artifacts_v1/01_backend_contract/README.md,README.md,md,1609,22cf3c3bf4cd524fcaaef216b886d734184e02d37ffe3f413b0813c4cbb8ce21,Reference Input,reference,Gate 0-R,df45d69,2026-09-29,Reference artifact (contract/skeleton/gate1/gate2 bundle extraction),Historical,Included,
79,workspace/w0-rebuild/artifacts/Karen_Home_Reference_Artifacts_v1/01_backend_contract/architecture/backend-folder-structure.txt,w0-rebuild/artifacts/Karen_Home_Reference_Artifacts_v1/01_backend_contract/architecture/backend-folder-structure.txt,backend-folder-structure.txt,txt,2508,3b7b7b064506171ed0d3455af613875a66870bda326806c998130db2f13daf1e,Reference Input,reference,Gate 0-R,df45d69,2026-09-29,Reference artifact (contract/skeleton/gate1/gate2 bundle extraction),Historical,Included,
80,workspace/w0-rebuild/artifacts/Karen_Home_Reference_Artifacts_v1/01_backend_contract/contracts/database-contract-freeze-v1.md,w0-rebuild/artifacts/Karen_Home_Reference_Artifacts_v1/01_backend_contract/contracts/database-contract-freeze-v1.md,database-contract-freeze-v1.md,md,1828,fc8827ba26fa59cece6a542f156f13f20db7477e6a757f87c1e7c4d5f32e69a1,Reference Input,reference,Gate 0-R,df45d69,2026-09-29,Reference artifact (contract/skeleton/gate1/gate2 bundle extraction),Historical,Included,
81,workspace/w0-rebuild/artifacts/Karen_Home_Reference_Artifacts_v1/01_backend_contract/contracts/database-schema-frozen-v1.sql,w0-rebuild/artifacts/Karen_Home_Reference_Artifacts_v1/01_backend_contract/contracts/database-schema-frozen-v1.sql,database-schema-frozen-v1.sql,sql,93699,166dc3b0134538819db064d871dca6950c267dc9708f79c4fcd018617dd51e30,Reference Input,reference,Gate 0-R,df45d69,2026-09-29,Reference artifact (contract/skeleton/gate1/gate2 bundle extraction),Historical,Included,
82,workspace/w0-rebuild/artifacts/Karen_Home_Reference_Artifacts_v1/01_backend_contract/contracts/typescript-contracts.ts,w0-rebuild/artifacts/Karen_Home_Reference_Artifacts_v1/01_backend_contract/contracts/typescript-contracts.ts,typescript-contracts.ts,ts,1708,2d50a767bff5f0f78a1184651448281742322f019fc3f0f4ac198d715e207e64,Reference Input,reference,Gate 0-R,df45d69,2026-09-29,Reference artifact (contract/skeleton/gate1/gate2 bundle extraction),Historical,Included,
83,workspace/w0-rebuild/artifacts/Karen_Home_Reference_Artifacts_v1/01_backend_contract/docs/01-domain-boundaries.md,w0-rebuild/artifacts/Karen_Home_Reference_Artifacts_v1/01_backend_contract/docs/01-domain-boundaries.md,01-domain-boundaries.md,md,2544,2207517d8a007ba644819da276b54c07170b400182bcd87bee21e5a81888b4f2,Reference Input,reference,Gate 0-R,df45d69,2026-09-29,Reference artifact (contract/skeleton/gate1/gate2 bundle extraction),Historical,Included,
84,workspace/w0-rebuild/artifacts/Karen_Home_Reference_Artifacts_v1/01_backend_contract/docs/02-api-conventions.md,w0-rebuild/artifacts/Karen_Home_Reference_Artifacts_v1/01_backend_contract/docs/02-api-conventions.md,02-api-conventions.md,md,2054,286c7e649849807bc7a94db77c7a03aa664bd36c68101f4a7da055ce090a2b48,Reference Input,reference,Gate 0-R,df45d69,2026-09-29,Reference artifact (contract/skeleton/gate1/gate2 bundle extraction),Historical,Included,
85,workspace/w0-rebuild/artifacts/Karen_Home_Reference_Artifacts_v1/01_backend_contract/docs/03-authorization-matrix.md,w0-rebuild/artifacts/Karen_Home_Reference_Artifacts_v1/01_backend_contract/docs/03-authorization-matrix.md,03-authorization-matrix.md,md,1798,76ffa9662ee2349631db92c997e69fe5f1794dab3723581248edc5e56a76b4bb,Reference Input,reference,Gate 0-R,df45d69,2026-09-29,Reference artifact (contract/skeleton/gate1/gate2 bundle extraction),Historical,Included,
86,workspace/w0-rebuild/artifacts/Karen_Home_Reference_Artifacts_v1/01_backend_contract/docs/04-error-model.md,w0-rebuild/artifacts/Karen_Home_Reference_Artifacts_v1/01_backend_contract/docs/04-error-model.md,04-error-model.md,md,1105,3e201ef29eba1c6645d67e593c69d475188dab7e75aba506dc9552ad406f81fe,Reference Input,reference,Gate 0-R,df45d69,2026-09-29,Reference artifact (contract/skeleton/gate1/gate2 bundle extraction),Historical,Included,
87,workspace/w0-rebuild/artifacts/Karen_Home_Reference_Artifacts_v1/01_backend_contract/docs/05-command-query-catalog.md,w0-rebuild/artifacts/Karen_Home_Reference_Artifacts_v1/01_backend_contract/docs/05-command-query-catalog.md,05-command-query-catalog.md,md,2266,55412fb8b7b42e1b1dae4eaa0cb02b9c398aa11a66c094a37dd93bcbebb5b0c5,Reference Input,reference,Gate 0-R,df45d69,2026-09-29,Reference artifact (contract/skeleton/gate1/gate2 bundle extraction),Historical,Included,
88,workspace/w0-rebuild/artifacts/Karen_Home_Reference_Artifacts_v1/01_backend_contract/docs/06-event-catalog.md,w0-rebuild/artifacts/Karen_Home_Reference_Artifacts_v1/01_backend_contract/docs/06-event-catalog.md,06-event-catalog.md,md,1438,8f11112be23e87879d2d779f9c92e17c6b8300c8a18dcd04c70b6a0120537769,Reference Input,reference,Gate 0-R,df45d69,2026-09-29,Reference artifact (contract/skeleton/gate1/gate2 bundle extraction),Historical,Included,
89,workspace/w0-rebuild/artifacts/Karen_Home_Reference_Artifacts_v1/01_backend_contract/docs/07-implementation-order.md,w0-rebuild/artifacts/Karen_Home_Reference_Artifacts_v1/01_backend_contract/docs/07-implementation-order.md,07-implementation-order.md,md,757,f77a4fac2985145755f30e3a9820cd9c77974bb834c5e3ca0a7844207cc580b7,Reference Input,reference,Gate 0-R,df45d69,2026-09-29,Reference artifact (contract/skeleton/gate1/gate2 bundle extraction),Historical,Included,
90,workspace/w0-rebuild/artifacts/Karen_Home_Reference_Artifacts_v1/01_backend_contract/docs/CHANGE_CONTROL.md,w0-rebuild/artifacts/Karen_Home_Reference_Artifacts_v1/01_backend_contract/docs/CHANGE_CONTROL.md,CHANGE_CONTROL.md,md,528,041c81d19d4991ca6e01cafba839feec19475a35c9301bac16fedc05e1ccf903,Reference Input,reference,Gate 0-R,df45d69,2026-09-29,Reference artifact (contract/skeleton/gate1/gate2 bundle extraction),Historical,Included,
91,workspace/w0-rebuild/artifacts/Karen_Home_Reference_Artifacts_v1/01_backend_contract/examples/repository-interfaces.ts,w0-rebuild/artifacts/Karen_Home_Reference_Artifacts_v1/01_backend_contract/examples/repository-interfaces.ts,repository-interfaces.ts,ts,1028,e91f147492c89373dc1e6f4d6525d4ddcf9ca7a19f97a780af34cd891eb76cf3,Reference Input,reference,Gate 0-R,df45d69,2026-09-29,Reference artifact (contract/skeleton/gate1/gate2 bundle extraction),Historical,Included,
92,workspace/w0-rebuild/artifacts/Karen_Home_Reference_Artifacts_v1/01_backend_contract/openapi/openapi-v1.yaml,w0-rebuild/artifacts/Karen_Home_Reference_Artifacts_v1/01_backend_contract/openapi/openapi-v1.yaml,openapi-v1.yaml,yaml,8995,228c2cca6cf111e6350a9ed0226c238dc05b855ec1b0d31d6a4d6780cb89d8c5,Reference Input,reference,Gate 0-R,df45d69,2026-09-29,Reference artifact (contract/skeleton/gate1/gate2 bundle extraction),Historical,Included,
93,workspace/w0-rebuild/artifacts/Karen_Home_Reference_Artifacts_v1/01_backend_contract/tests/backend-contract-checklist.md,w0-rebuild/artifacts/Karen_Home_Reference_Artifacts_v1/01_backend_contract/tests/backend-contract-checklist.md,backend-contract-checklist.md,md,1103,374db82bda10c342cc81cf24e9312bd0711983f513a8605614b6481ac3c161f1,Reference Input,reference,Gate 0-R,df45d69,2026-09-29,Reference artifact (contract/skeleton/gate1/gate2 bundle extraction),Historical,Included,
94,workspace/w0-rebuild/artifacts/Karen_Home_Reference_Artifacts_v1/02_backend_skeleton/apps/api/package.json,w0-rebuild/artifacts/Karen_Home_Reference_Artifacts_v1/02_backend_skeleton/apps/api/package.json,package.json,json,471,f4409460f3fe769f323aa5a1a41f3a8a10d97f6f2ec95d7c231ae0cdf886a05d,Reference Input,reference,Gate 0-R,df45d69,2026-09-29,Reference artifact (contract/skeleton/gate1/gate2 bundle extraction),Historical,Included,
95,workspace/w0-rebuild/artifacts/Karen_Home_Reference_Artifacts_v1/02_backend_skeleton/apps/api/src/app.module.ts,w0-rebuild/artifacts/Karen_Home_Reference_Artifacts_v1/02_backend_skeleton/apps/api/src/app.module.ts,app.module.ts,ts,416,51edb58cc547f341587fcfcdbdeec23c0e774165968405206245da75aad21abe,Reference Input,reference,Gate 0-R,df45d69,2026-09-29,Reference artifact (contract/skeleton/gate1/gate2 bundle extraction),Historical,Included,
96,workspace/w0-rebuild/artifacts/Karen_Home_Reference_Artifacts_v1/02_backend_skeleton/apps/api/src/main.ts,w0-rebuild/artifacts/Karen_Home_Reference_Artifacts_v1/02_backend_skeleton/apps/api/src/main.ts,main.ts,ts,874,36ff9abb86372c81cb0346608fa63686f25233ee6fa85fcdb987166eeb853412,Reference Input,reference,Gate 0-R,df45d69,2026-09-29,Reference artifact (contract/skeleton/gate1/gate2 bundle extraction),Historical,Included,
97,workspace/w0-rebuild/artifacts/Karen_Home_Reference_Artifacts_v1/02_backend_skeleton/apps/api/src/modules/health/health.module.ts,w0-rebuild/artifacts/Karen_Home_Reference_Artifacts_v1/02_backend_skeleton/apps/api/src/modules/health/health.module.ts,health.module.ts,ts,238,e5442f6039fdb4f9e3eb1210559d01a205ad99edef40cd703e81ff376e2c2ad2,Reference Input,reference,Gate 0-R,df45d69,2026-09-29,Reference artifact (contract/skeleton/gate1/gate2 bundle extraction),Historical,Included,
98,workspace/w0-rebuild/artifacts/Karen_Home_Reference_Artifacts_v1/02_backend_skeleton/apps/api/src/modules/listings/listings.module.ts,w0-rebuild/artifacts/Karen_Home_Reference_Artifacts_v1/02_backend_skeleton/apps/api/src/modules/listings/listings.module.ts,listings.module.ts,ts,189,4888be8f67880e51560fd94d9e6883505580dbe51a5f20177db6cc1d40f2e760,Reference Input,reference,Gate 0-R,df45d69,2026-09-29,Reference artifact (contract/skeleton/gate1/gate2 bundle extraction),Historical,Included,
99,workspace/w0-rebuild/artifacts/Karen_Home_Reference_Artifacts_v1/02_backend_skeleton/apps/api/src/modules/listings/presentation/listings.controller.ts,w0-rebuild/artifacts/Karen_Home_Reference_Artifacts_v1/02_backend_skeleton/apps/api/src/modules/listings/presentation/listings.controller.ts,listings.controller.ts,ts,363,24df2a61f433c207ae8ddcc6b7b196b3cf5ac5925dd6309c41610beee33f3efe,Reference Input,reference,Gate 0-R,df45d69,2026-09-29,Reference artifact (contract/skeleton/gate1/gate2 bundle extraction),Historical,Included,
100,workspace/w0-rebuild/artifacts/Karen_Home_Reference_Artifacts_v1/02_backend_skeleton/apps/api/src/modules/properties/application/create-property.handler.ts,w0-rebuild/artifacts/Karen_Home_Reference_Artifacts_v1/02_backend_skeleton/apps/api/src/modules/properties/application/create-property.handler.ts,create-property.handler.ts,ts,572,39da76e497be4ff4e17fd73c4de9fdf66880b3596e1114f13abd48425288c59d,Reference Input,reference,Gate 0-R,df45d69,2026-09-29,Reference artifact (contract/skeleton/gate1/gate2 bundle extraction),Historical,Included,
101,workspace/w0-rebuild/artifacts/Karen_Home_Reference_Artifacts_v1/02_backend_skeleton/apps/api/src/modules/properties/domain/property.repository.ts,w0-rebuild/artifacts/Karen_Home_Reference_Artifacts_v1/02_backend_skeleton/apps/api/src/modules/properties/domain/property.repository.ts,property.repository.ts,ts,333,9a434be239114eb5f5e6e858d20369c4e3c80ea53a2ebae6b202a7b8c83e75a8,Reference Input,reference,Gate 0-R,df45d69,2026-09-29,Reference artifact (contract/skeleton/gate1/gate2 bundle extraction),Historical,Included,
102,workspace/w0-rebuild/artifacts/Karen_Home_Reference_Artifacts_v1/02_backend_skeleton/apps/api/src/modules/properties/infrastructure/in-memory-property.repository.ts,w0-rebuild/artifacts/Karen_Home_Reference_Artifacts_v1/02_backend_skeleton/apps/api/src/modules/properties/infrastructure/in-memory-property.repository.ts,in-memory-property.repository.ts,ts,352,3d7623e4468cd4b008708deb876a725bb378be40d313bc0ef968fb7d8b77070c,Reference Input,reference,Gate 0-R,df45d69,2026-09-29,Reference artifact (contract/skeleton/gate1/gate2 bundle extraction),Historical,Included,
103,workspace/w0-rebuild/artifacts/Karen_Home_Reference_Artifacts_v1/02_backend_skeleton/apps/api/src/modules/properties/presentation/dto/create-property.dto.ts,w0-rebuild/artifacts/Karen_Home_Reference_Artifacts_v1/02_backend_skeleton/apps/api/src/modules/properties/presentation/dto/create-property.dto.ts,create-property.dto.ts,ts,237,7f1abb8a7a1a77d2a8f98c7d2f90b7cf8e0fe1a6fd2b3a65b6f6097b9063453c,Reference Input,reference,Gate 0-R,df45d69,2026-09-29,Reference artifact (contract/skeleton/gate1/gate2 bundle extraction),Historical,Included,
104,workspace/w0-rebuild/artifacts/Karen_Home_Reference_Artifacts_v1/02_backend_skeleton/apps/api/src/modules/properties/presentation/properties.controller.ts,w0-rebuild/artifacts/Karen_Home_Reference_Artifacts_v1/02_backend_skeleton/apps/api/src/modules/properties/presentation/properties.controller.ts,properties.controller.ts,ts,500,8b006df5c778cd7d93a3191c533be983a89220ad11e8ac2ef3c7254c8d8bbb47,Reference Input,reference,Gate 0-R,df45d69,2026-09-29,Reference artifact (contract/skeleton/gate1/gate2 bundle extraction),Historical,Included,
105,workspace/w0-rebuild/artifacts/Karen_Home_Reference_Artifacts_v1/02_backend_skeleton/apps/api/src/modules/properties/properties.module.ts,w0-rebuild/artifacts/Karen_Home_Reference_Artifacts_v1/02_backend_skeleton/apps/api/src/modules/properties/properties.module.ts,properties.module.ts,ts,564,60e0d1c7c17dcdce7f685fdee2da52c6c70ec5669db2c6f5736f25de002c6e33,Reference Input,reference,Gate 0-R,df45d69,2026-09-29,Reference artifact (contract/skeleton/gate1/gate2 bundle extraction),Historical,Included,
106,workspace/w0-rebuild/artifacts/Karen_Home_Reference_Artifacts_v1/02_backend_skeleton/apps/api/src/modules/search/presentation/search.controller.ts,w0-rebuild/artifacts/Karen_Home_Reference_Artifacts_v1/02_backend_skeleton/apps/api/src/modules/search/presentation/search.controller.ts,search.controller.ts,ts,209,ea761a01ee451aa46bb94c29406367ef79729c76ae4aae55f33dfd4f295879f7,Reference Input,reference,Gate 0-R,df45d69,2026-09-29,Reference artifact (contract/skeleton/gate1/gate2 bundle extraction),Historical,Included,
107,workspace/w0-rebuild/artifacts/Karen_Home_Reference_Artifacts_v1/02_backend_skeleton/apps/api/src/modules/search/search.module.ts,w0-rebuild/artifacts/Karen_Home_Reference_Artifacts_v1/02_backend_skeleton/apps/api/src/modules/search/search.module.ts,search.module.ts,ts,181,4d4752f65a8b8dce2dff859d6bd0b34feb6d80aa5761d89ca66940ae07ed908a,Reference Input,reference,Gate 0-R,df45d69,2026-09-29,Reference artifact (contract/skeleton/gate1/gate2 bundle extraction),Historical,Included,
108,workspace/w0-rebuild/artifacts/Karen_Home_Reference_Artifacts_v1/02_backend_skeleton/apps/api/tsconfig.json,w0-rebuild/artifacts/Karen_Home_Reference_Artifacts_v1/02_backend_skeleton/apps/api/tsconfig.json,tsconfig.json,json,331,806dda9b70fb9b336185645c4763ba0bc6509d6c587af25f5b8b2ab9df106b57,Reference Input,reference,Gate 0-R,df45d69,2026-09-29,Reference artifact (contract/skeleton/gate1/gate2 bundle extraction),Historical,Included,
109,workspace/w0-rebuild/artifacts/Karen_Home_Reference_Artifacts_v1/02_backend_skeleton/docs/IMPLEMENTATION_STATUS.md,w0-rebuild/artifacts/Karen_Home_Reference_Artifacts_v1/02_backend_skeleton/docs/IMPLEMENTATION_STATUS.md,IMPLEMENTATION_STATUS.md,md,583,2e337964b849047e314a418d24906f89c843f0dd010c286d303749c68c508991,Reference Input,reference,Gate 0-R,df45d69,2026-09-29,Reference artifact (contract/skeleton/gate1/gate2 bundle extraction),Historical,Included,
110,workspace/w0-rebuild/artifacts/Karen_Home_Reference_Artifacts_v1/02_backend_skeleton/docs/NEXT_GATE.md,w0-rebuild/artifacts/Karen_Home_Reference_Artifacts_v1/02_backend_skeleton/docs/NEXT_GATE.md,NEXT_GATE.md,md,406,705150c31681255134a9757aa065ee5eb638ad858e2aab5353fa83146471d5b8,Reference Input,reference,Gate 0-R,df45d69,2026-09-29,Reference artifact (contract/skeleton/gate1/gate2 bundle extraction),Historical,Included,
111,workspace/w0-rebuild/artifacts/Karen_Home_Reference_Artifacts_v1/02_backend_skeleton/package.json,w0-rebuild/artifacts/Karen_Home_Reference_Artifacts_v1/02_backend_skeleton/package.json,package.json,json,287,0ccb9305d2f7e13a459c2b7a20015c3734251d06210ff7a0f607a73b75bdc166,Reference Input,reference,Gate 0-R,df45d69,2026-09-29,Reference artifact (contract/skeleton/gate1/gate2 bundle extraction),Historical,Included,
112,workspace/w0-rebuild/artifacts/Karen_Home_Reference_Artifacts_v1/02_backend_skeleton/packages/contracts/package.json,w0-rebuild/artifacts/Karen_Home_Reference_Artifacts_v1/02_backend_skeleton/packages/contracts/package.json,package.json,json,113,0263d919d3c48793abf176dabe06476abc067e3bc5951a869cac26d746c48713,Reference Input,reference,Gate 0-R,df45d69,2026-09-29,Reference artifact (contract/skeleton/gate1/gate2 bundle extraction),Historical,Included,
113,workspace/w0-rebuild/artifacts/Karen_Home_Reference_Artifacts_v1/02_backend_skeleton/packages/contracts/src/index.ts,w0-rebuild/artifacts/Karen_Home_Reference_Artifacts_v1/02_backend_skeleton/packages/contracts/src/index.ts,index.ts,ts,281,5cc88efe7c392a2f2f32ac82f15b927fe0c018fa47ba8bbcc9f065cb80837904,Reference Input,reference,Gate 0-R,df45d69,2026-09-29,Reference artifact (contract/skeleton/gate1/gate2 bundle extraction),Historical,Included,
114,workspace/w0-rebuild/artifacts/Karen_Home_Reference_Artifacts_v1/02_backend_skeleton/packages/db/package.json,w0-rebuild/artifacts/Karen_Home_Reference_Artifacts_v1/02_backend_skeleton/packages/db/package.json,package.json,json,57,29d6e8ff3228109ebaaa44e91c5ee911849b7996087baf15ab635a303d46b216,Reference Input,reference,Gate 0-R,df45d69,2026-09-29,Reference artifact (contract/skeleton/gate1/gate2 bundle extraction),Historical,Included,
115,workspace/w0-rebuild/artifacts/Karen_Home_Reference_Artifacts_v1/02_backend_skeleton/packages/db/src/README.md,w0-rebuild/artifacts/Karen_Home_Reference_Artifacts_v1/02_backend_skeleton/packages/db/src/README.md,README.md,md,285,c5d8de5d2804e164e4d2b86f96973e1c91785b5d6f110547f9df4a70e5a55d99,Reference Input,reference,Gate 0-R,df45d69,2026-09-29,Reference artifact (contract/skeleton/gate1/gate2 bundle extraction),Historical,Included,
116,workspace/w0-rebuild/artifacts/Karen_Home_Reference_Artifacts_v1/02_backend_skeleton/pnpm-workspace.yaml,w0-rebuild/artifacts/Karen_Home_Reference_Artifacts_v1/02_backend_skeleton/pnpm-workspace.yaml,pnpm-workspace.yaml,yaml,36,253208fa7c1b64372c219b9e19cef15ed70ca93b66a4d5c4c4d2297a5aff8880,Reference Input,reference,Gate 0-R,df45d69,2026-09-29,Reference artifact (contract/skeleton/gate1/gate2 bundle extraction),Historical,Included,
117,workspace/w0-rebuild/artifacts/Karen_Home_Reference_Artifacts_v1/03_backend_gate1/.env.example,w0-rebuild/artifacts/Karen_Home_Reference_Artifacts_v1/03_backend_gate1/.env.example,.env.example,example,296,f84336f1c4d1153d0aa1a87b02dbf27a350a00cf97c77f58feaa9d62b0643621,Reference Input,reference,Gate 0-R,df45d69,2026-09-29,Reference artifact (contract/skeleton/gate1/gate2 bundle extraction),Historical,Included,
118,workspace/w0-rebuild/artifacts/Karen_Home_Reference_Artifacts_v1/03_backend_gate1/README.md,w0-rebuild/artifacts/Karen_Home_Reference_Artifacts_v1/03_backend_gate1/README.md,README.md,md,1194,d0d01c1c1225f825fb735d3c24e273558a67d2f6d833f7487b2c447ecd5271bd,Reference Input,reference,Gate 0-R,df45d69,2026-09-29,Reference artifact (contract/skeleton/gate1/gate2 bundle extraction),Historical,Included,
119,workspace/w0-rebuild/artifacts/Karen_Home_Reference_Artifacts_v1/03_backend_gate1/apps/api/jest.config.js,w0-rebuild/artifacts/Karen_Home_Reference_Artifacts_v1/03_backend_gate1/apps/api/jest.config.js,jest.config.js,js,311,0fa227c014d18ce2431bc6ea2483e0cb47f33ce3111235d8bb140c1867d19c47,Reference Input,reference,Gate 0-R,df45d69,2026-09-29,Reference artifact (contract/skeleton/gate1/gate2 bundle extraction),Historical,Included,
120,workspace/w0-rebuild/artifacts/Karen_Home_Reference_Artifacts_v1/03_backend_gate1/apps/api/package.json,w0-rebuild/artifacts/Karen_Home_Reference_Artifacts_v1/03_backend_gate1/apps/api/package.json,package.json,json,922,ec8e3d3cc219235b4d79509c7b737e81593c0330c19feab8787b9e8b629d822f,Reference Input,reference,Gate 0-R,df45d69,2026-09-29,Reference artifact (contract/skeleton/gate1/gate2 bundle extraction),Historical,Included,
121,workspace/w0-rebuild/artifacts/Karen_Home_Reference_Artifacts_v1/03_backend_gate1/apps/api/src/app.module.ts,w0-rebuild/artifacts/Karen_Home_Reference_Artifacts_v1/03_backend_gate1/apps/api/src/app.module.ts,app.module.ts,ts,764,08db08600b08bd795a85dfa250c2aad3f81ba19a33da6d72cb56bd873eea60de,Reference Input,reference,Gate 0-R,df45d69,2026-09-29,Reference artifact (contract/skeleton/gate1/gate2 bundle extraction),Historical,Included,
122,workspace/w0-rebuild/artifacts/Karen_Home_Reference_Artifacts_v1/03_backend_gate1/apps/api/src/common/auth/access-token.guard.ts,w0-rebuild/artifacts/Karen_Home_Reference_Artifacts_v1/03_backend_gate1/apps/api/src/common/auth/access-token.guard.ts,access-token.guard.ts,ts,1137,996145116e885ba5a716efb65580c41484d72098dc40010b7f9cb80b309bf3b3,Reference Input,reference,Gate 0-R,df45d69,2026-09-29,Reference artifact (contract/skeleton/gate1/gate2 bundle extraction),Historical,Included,
123,workspace/w0-rebuild/artifacts/Karen_Home_Reference_Artifacts_v1/03_backend_gate1/apps/api/src/common/auth/access-token.service.ts,w0-rebuild/artifacts/Karen_Home_Reference_Artifacts_v1/03_backend_gate1/apps/api/src/common/auth/access-token.service.ts,access-token.service.ts,ts,1337,c1de030ead753d7ab52bf91ee6dd9d8913d6635ec37611da347f0502c9b3e586,Reference Input,reference,Gate 0-R,df45d69,2026-09-29,Reference artifact (contract/skeleton/gate1/gate2 bundle extraction),Historical,Included,
124,workspace/w0-rebuild/artifacts/Karen_Home_Reference_Artifacts_v1/03_backend_gate1/apps/api/src/common/auth/auth.spec.ts,w0-rebuild/artifacts/Karen_Home_Reference_Artifacts_v1/03_backend_gate1/apps/api/src/common/auth/auth.spec.ts,auth.spec.ts,ts,450,00feceb9bdbcd28e8d33a9bf08369a3435b578b54a00f2736582318f738cce45,Reference Input,reference,Gate 0-R,df45d69,2026-09-29,Reference artifact (contract/skeleton/gate1/gate2 bundle extraction),Historical,Included,
125,workspace/w0-rebuild/artifacts/Karen_Home_Reference_Artifacts_v1/03_backend_gate1/apps/api/src/common/auth/auth.types.ts,w0-rebuild/artifacts/Karen_Home_Reference_Artifacts_v1/03_backend_gate1/apps/api/src/common/auth/auth.types.ts,auth.types.ts,ts,237,41c51316498aabe338f74239758f24089d20e1898d6f9e7863fbd0c34797a74e,Reference Input,reference,Gate 0-R,df45d69,2026-09-29,Reference artifact (contract/skeleton/gate1/gate2 bundle extraction),Historical,Included,
126,workspace/w0-rebuild/artifacts/Karen_Home_Reference_Artifacts_v1/03_backend_gate1/apps/api/src/common/auth/current-user.decorator.ts,w0-rebuild/artifacts/Karen_Home_Reference_Artifacts_v1/03_backend_gate1/apps/api/src/common/auth/current-user.decorator.ts,current-user.decorator.ts,ts,315,be9f0b7aed26e041578fab61a47b966d9a600699319c100db6ada803b2c03412,Reference Input,reference,Gate 0-R,df45d69,2026-09-29,Reference artifact (contract/skeleton/gate1/gate2 bundle extraction),Historical,Included,
127,workspace/w0-rebuild/artifacts/Karen_Home_Reference_Artifacts_v1/03_backend_gate1/apps/api/src/common/auth/permissions.decorator.ts,w0-rebuild/artifacts/Karen_Home_Reference_Artifacts_v1/03_backend_gate1/apps/api/src/common/auth/permissions.decorator.ts,permissions.decorator.ts,ts,208,01e26f3aebfd11bbdc7122c477288525f5be78be179514808633c9754a67d684,Reference Input,reference,Gate 0-R,df45d69,2026-09-29,Reference artifact (contract/skeleton/gate1/gate2 bundle extraction),Historical,Included,
128,workspace/w0-rebuild/artifacts/Karen_Home_Reference_Artifacts_v1/03_backend_gate1/apps/api/src/common/auth/permissions.guard.ts,w0-rebuild/artifacts/Karen_Home_Reference_Artifacts_v1/03_backend_gate1/apps/api/src/common/auth/permissions.guard.ts,permissions.guard.ts,ts,1132,ef3e4d61616b1944ead837a05d4d0a006f6fbacc3e333532f000e1e2a684872c,Reference Input,reference,Gate 0-R,df45d69,2026-09-29,Reference artifact (contract/skeleton/gate1/gate2 bundle extraction),Historical,Included,
129,workspace/w0-rebuild/artifacts/Karen_Home_Reference_Artifacts_v1/03_backend_gate1/apps/api/src/common/config/app-config.ts,w0-rebuild/artifacts/Karen_Home_Reference_Artifacts_v1/03_backend_gate1/apps/api/src/common/config/app-config.ts,app-config.ts,ts,1135,1c47d1c1f29b17465a8a28f8295b5d897f4c18428048fa2ad11246306b8a0a32,Reference Input,reference,Gate 0-R,df45d69,2026-09-29,Reference artifact (contract/skeleton/gate1/gate2 bundle extraction),Historical,Included,
130,workspace/w0-rebuild/artifacts/Karen_Home_Reference_Artifacts_v1/03_backend_gate1/apps/api/src/common/config/env.validation.ts,w0-rebuild/artifacts/Karen_Home_Reference_Artifacts_v1/03_backend_gate1/apps/api/src/common/config/env.validation.ts,env.validation.ts,ts,442,e6b178ddbd2243553a1212b15e1b1d5f23ece7d64033e65bda890ebe2b59b1b2,Reference Input,reference,Gate 0-R,df45d69,2026-09-29,Reference artifact (contract/skeleton/gate1/gate2 bundle extraction),Historical,Included,
131,workspace/w0-rebuild/artifacts/Karen_Home_Reference_Artifacts_v1/03_backend_gate1/apps/api/src/common/errors/http-exception.filter.ts,w0-rebuild/artifacts/Karen_Home_Reference_Artifacts_v1/03_backend_gate1/apps/api/src/common/errors/http-exception.filter.ts,http-exception.filter.ts,ts,1767,1c66d10ad4a0f9a1d1cf549fe31993ee502ede81daec78583c8ac93d9a55b1d5,Reference Input,reference,Gate 0-R,df45d69,2026-09-29,Reference artifact (contract/skeleton/gate1/gate2 bundle extraction),Historical,Included,
132,workspace/w0-rebuild/artifacts/Karen_Home_Reference_Artifacts_v1/03_backend_gate1/apps/api/src/infrastructure/database.module.ts,w0-rebuild/artifacts/Karen_Home_Reference_Artifacts_v1/03_backend_gate1/apps/api/src/infrastructure/database.module.ts,database.module.ts,ts,777,078539c7034f44fd3c83b68d91dce3aba42aff21f34c9fe29bb8949498752ad7,Reference Input,reference,Gate 0-R,df45d69,2026-09-29,Reference artifact (contract/skeleton/gate1/gate2 bundle extraction),Historical,Included,
133,workspace/w0-rebuild/artifacts/Karen_Home_Reference_Artifacts_v1/03_backend_gate1/apps/api/src/main.ts,w0-rebuild/artifacts/Karen_Home_Reference_Artifacts_v1/03_backend_gate1/apps/api/src/main.ts,main.ts,ts,1000,71d8e4c9ad99deb577ea768e35c59d53df15558c14726350a7668109aae2c4b0,Reference Input,reference,Gate 0-R,df45d69,2026-09-29,Reference artifact (contract/skeleton/gate1/gate2 bundle extraction),Historical,Included,
134,workspace/w0-rebuild/artifacts/Karen_Home_Reference_Artifacts_v1/03_backend_gate1/apps/api/src/modules/health/health.module.ts,w0-rebuild/artifacts/Karen_Home_Reference_Artifacts_v1/03_backend_gate1/apps/api/src/modules/health/health.module.ts,health.module.ts,ts,238,e5442f6039fdb4f9e3eb1210559d01a205ad99edef40cd703e81ff376e2c2ad2,Reference Input,reference,Gate 0-R,df45d69,2026-09-29,Reference artifact (contract/skeleton/gate1/gate2 bundle extraction),Historical,Included,
135,workspace/w0-rebuild/artifacts/Karen_Home_Reference_Artifacts_v1/03_backend_gate1/apps/api/src/modules/iam/application/iam.service.ts,w0-rebuild/artifacts/Karen_Home_Reference_Artifacts_v1/03_backend_gate1/apps/api/src/modules/iam/application/iam.service.ts,iam.service.ts,ts,5323,73fce8d52fe0ed31b1760ac07c205d77f1cf2d7d13e030fafc887729799eb864,Reference Input,reference,Gate 0-R,df45d69,2026-09-29,Reference artifact (contract/skeleton/gate1/gate2 bundle extraction),Historical,Included,
136,workspace/w0-rebuild/artifacts/Karen_Home_Reference_Artifacts_v1/03_backend_gate1/apps/api/src/modules/iam/domain/iam.errors.ts,w0-rebuild/artifacts/Karen_Home_Reference_Artifacts_v1/03_backend_gate1/apps/api/src/modules/iam/domain/iam.errors.ts,iam.errors.ts,ts,157,73f0fcd21af62fcbf170059c41ab9f648e8d15ae0d59a88809a5e67be40ca34a,Reference Input,reference,Gate 0-R,df45d69,2026-09-29,Reference artifact (contract/skeleton/gate1/gate2 bundle extraction),Historical,Included,
137,workspace/w0-rebuild/artifacts/Karen_Home_Reference_Artifacts_v1/03_backend_gate1/apps/api/src/modules/iam/iam.module.ts,w0-rebuild/artifacts/Karen_Home_Reference_Artifacts_v1/03_backend_gate1/apps/api/src/modules/iam/iam.module.ts,iam.module.ts,ts,501,fa778145266bb985c7b13f53ab450fc5eb97474147c6a6b009eab35cad66a666,Reference Input,reference,Gate 0-R,df45d69,2026-09-29,Reference artifact (contract/skeleton/gate1/gate2 bundle extraction),Historical,Included,
138,workspace/w0-rebuild/artifacts/Karen_Home_Reference_Artifacts_v1/03_backend_gate1/apps/api/src/modules/iam/presentation/dto/login.dto.ts,w0-rebuild/artifacts/Karen_Home_Reference_Artifacts_v1/03_backend_gate1/apps/api/src/modules/iam/presentation/dto/login.dto.ts,login.dto.ts,ts,249,9100ca20bea763e433df8cbd83698301a3c8075a08bbc552f51a70fada44e911,Reference Input,reference,Gate 0-R,df45d69,2026-09-29,Reference artifact (contract/skeleton/gate1/gate2 bundle extraction),Historical,Included,
139,workspace/w0-rebuild/artifacts/Karen_Home_Reference_Artifacts_v1/03_backend_gate1/apps/api/src/modules/iam/presentation/dto/refresh.dto.ts,w0-rebuild/artifacts/Karen_Home_Reference_Artifacts_v1/03_backend_gate1/apps/api/src/modules/iam/presentation/dto/refresh.dto.ts,refresh.dto.ts,ts,135,eab106890e26cbae1cbe3ae11d2bab79a025d8231b146e27ab7e5545cb65bcca,Reference Input,reference,Gate 0-R,df45d69,2026-09-29,Reference artifact (contract/skeleton/gate1/gate2 bundle extraction),Historical,Included,
140,workspace/w0-rebuild/artifacts/Karen_Home_Reference_Artifacts_v1/03_backend_gate1/apps/api/src/modules/iam/presentation/dto/register.dto.ts,w0-rebuild/artifacts/Karen_Home_Reference_Artifacts_v1/03_backend_gate1/apps/api/src/modules/iam/presentation/dto/register.dto.ts,register.dto.ts,ts,644,3be4d0d5558a9e0a65be86d474065fe43e6819c5bc583c557994881f0bb86a15,Reference Input,reference,Gate 0-R,df45d69,2026-09-29,Reference artifact (contract/skeleton/gate1/gate2 bundle extraction),Historical,Included,
141,workspace/w0-rebuild/artifacts/Karen_Home_Reference_Artifacts_v1/03_backend_gate1/apps/api/src/modules/iam/presentation/iam.controller.ts,w0-rebuild/artifacts/Karen_Home_Reference_Artifacts_v1/03_backend_gate1/apps/api/src/modules/iam/presentation/iam.controller.ts,iam.controller.ts,ts,1761,16b7509d420a0fd2f4451a2ca0ce238aa74e0161d8e7e6cd9d88b5b0a5af9071,Reference Input,reference,Gate 0-R,df45d69,2026-09-29,Reference artifact (contract/skeleton/gate1/gate2 bundle extraction),Historical,Included,
142,workspace/w0-rebuild/artifacts/Karen_Home_Reference_Artifacts_v1/03_backend_gate1/apps/api/src/modules/listings/listings.module.ts,w0-rebuild/artifacts/Karen_Home_Reference_Artifacts_v1/03_backend_gate1/apps/api/src/modules/listings/listings.module.ts,listings.module.ts,ts,189,4888be8f67880e51560fd94d9e6883505580dbe51a5f20177db6cc1d40f2e760,Reference Input,reference,Gate 0-R,df45d69,2026-09-29,Reference artifact (contract/skeleton/gate1/gate2 bundle extraction),Historical,Included,
143,workspace/w0-rebuild/artifacts/Karen_Home_Reference_Artifacts_v1/03_backend_gate1/apps/api/src/modules/listings/presentation/listings.controller.ts,w0-rebuild/artifacts/Karen_Home_Reference_Artifacts_v1/03_backend_gate1/apps/api/src/modules/listings/presentation/listings.controller.ts,listings.controller.ts,ts,363,24df2a61f433c207ae8ddcc6b7b196b3cf5ac5925dd6309c41610beee33f3efe,Reference Input,reference,Gate 0-R,df45d69,2026-09-29,Reference artifact (contract/skeleton/gate1/gate2 bundle extraction),Historical,Included,
144,workspace/w0-rebuild/artifacts/Karen_Home_Reference_Artifacts_v1/03_backend_gate1/apps/api/src/modules/properties/application/create-property.handler.ts,w0-rebuild/artifacts/Karen_Home_Reference_Artifacts_v1/03_backend_gate1/apps/api/src/modules/properties/application/create-property.handler.ts,create-property.handler.ts,ts,607,015c4307d562acebb5aa86ca268b12fa88071957f67b0f1f2c37770447d5ae62,Reference Input,reference,Gate 0-R,df45d69,2026-09-29,Reference artifact (contract/skeleton/gate1/gate2 bundle extraction),Historical,Included,
145,workspace/w0-rebuild/artifacts/Karen_Home_Reference_Artifacts_v1/03_backend_gate1/apps/api/src/modules/properties/domain/property.repository.ts,w0-rebuild/artifacts/Karen_Home_Reference_Artifacts_v1/03_backend_gate1/apps/api/src/modules/properties/domain/property.repository.ts,property.repository.ts,ts,333,9a434be239114eb5f5e6e858d20369c4e3c80ea53a2ebae6b202a7b8c83e75a8,Reference Input,reference,Gate 0-R,df45d69,2026-09-29,Reference artifact (contract/skeleton/gate1/gate2 bundle extraction),Historical,Included,
146,workspace/w0-rebuild/artifacts/Karen_Home_Reference_Artifacts_v1/03_backend_gate1/apps/api/src/modules/properties/infrastructure/in-memory-property.repository.ts,w0-rebuild/artifacts/Karen_Home_Reference_Artifacts_v1/03_backend_gate1/apps/api/src/modules/properties/infrastructure/in-memory-property.repository.ts,in-memory-property.repository.ts,ts,352,3d7623e4468cd4b008708deb876a725bb378be40d313bc0ef968fb7d8b77070c,Reference Input,reference,Gate 0-R,df45d69,2026-09-29,Reference artifact (contract/skeleton/gate1/gate2 bundle extraction),Historical,Included,
147,workspace/w0-rebuild/artifacts/Karen_Home_Reference_Artifacts_v1/03_backend_gate1/apps/api/src/modules/properties/presentation/dto/create-property.dto.ts,w0-rebuild/artifacts/Karen_Home_Reference_Artifacts_v1/03_backend_gate1/apps/api/src/modules/properties/presentation/dto/create-property.dto.ts,create-property.dto.ts,ts,237,7f1abb8a7a1a77d2a8f98c7d2f90b7cf8e0fe1a6fd2b3a65b6f6097b9063453c,Reference Input,reference,Gate 0-R,df45d69,2026-09-29,Reference artifact (contract/skeleton/gate1/gate2 bundle extraction),Historical,Included,
148,workspace/w0-rebuild/artifacts/Karen_Home_Reference_Artifacts_v1/03_backend_gate1/apps/api/src/modules/properties/presentation/properties.controller.ts,w0-rebuild/artifacts/Karen_Home_Reference_Artifacts_v1/03_backend_gate1/apps/api/src/modules/properties/presentation/properties.controller.ts,properties.controller.ts,ts,500,8b006df5c778cd7d93a3191c533be983a89220ad11e8ac2ef3c7254c8d8bbb47,Reference Input,reference,Gate 0-R,df45d69,2026-09-29,Reference artifact (contract/skeleton/gate1/gate2 bundle extraction),Historical,Included,
149,workspace/w0-rebuild/artifacts/Karen_Home_Reference_Artifacts_v1/03_backend_gate1/apps/api/src/modules/properties/properties.module.ts,w0-rebuild/artifacts/Karen_Home_Reference_Artifacts_v1/03_backend_gate1/apps/api/src/modules/properties/properties.module.ts,properties.module.ts,ts,564,60e0d1c7c17dcdce7f685fdee2da52c6c70ec5669db2c6f5736f25de002c6e33,Reference Input,reference,Gate 0-R,df45d69,2026-09-29,Reference artifact (contract/skeleton/gate1/gate2 bundle extraction),Historical,Included,
150,workspace/w0-rebuild/artifacts/Karen_Home_Reference_Artifacts_v1/03_backend_gate1/apps/api/src/modules/search/presentation/search.controller.ts,w0-rebuild/artifacts/Karen_Home_Reference_Artifacts_v1/03_backend_gate1/apps/api/src/modules/search/presentation/search.controller.ts,search.controller.ts,ts,209,ea761a01ee451aa46bb94c29406367ef79729c76ae4aae55f33dfd4f295879f7,Reference Input,reference,Gate 0-R,df45d69,2026-09-29,Reference artifact (contract/skeleton/gate1/gate2 bundle extraction),Historical,Included,
151,workspace/w0-rebuild/artifacts/Karen_Home_Reference_Artifacts_v1/03_backend_gate1/apps/api/src/modules/search/search.module.ts,w0-rebuild/artifacts/Karen_Home_Reference_Artifacts_v1/03_backend_gate1/apps/api/src/modules/search/search.module.ts,search.module.ts,ts,181,4d4752f65a8b8dce2dff859d6bd0b34feb6d80aa5761d89ca66940ae07ed908a,Reference Input,reference,Gate 0-R,df45d69,2026-09-29,Reference artifact (contract/skeleton/gate1/gate2 bundle extraction),Historical,Included,
152,workspace/w0-rebuild/artifacts/Karen_Home_Reference_Artifacts_v1/03_backend_gate1/apps/api/test/iam.service.spec.ts,w0-rebuild/artifacts/Karen_Home_Reference_Artifacts_v1/03_backend_gate1/apps/api/test/iam.service.spec.ts,iam.service.spec.ts,ts,657,3861246b378d1b295258a35e901a67036444e9602e8b82547626590f02e8cd85,Reference Input,reference,Gate 0-R,df45d69,2026-09-29,Reference artifact (contract/skeleton/gate1/gate2 bundle extraction),Historical,Included,
153,workspace/w0-rebuild/artifacts/Karen_Home_Reference_Artifacts_v1/03_backend_gate1/apps/api/test/jest-e2e.json,w0-rebuild/artifacts/Karen_Home_Reference_Artifacts_v1/03_backend_gate1/apps/api/test/jest-e2e.json,jest-e2e.json,json,242,c1acdb73764f2beb2365a388ef88c1256f1be321d62de05a1ce713d1b73d7f11,Reference Input,reference,Gate 0-R,df45d69,2026-09-29,Reference artifact (contract/skeleton/gate1/gate2 bundle extraction),Historical,Included,
154,workspace/w0-rebuild/artifacts/Karen_Home_Reference_Artifacts_v1/03_backend_gate1/apps/api/tsconfig.json,w0-rebuild/artifacts/Karen_Home_Reference_Artifacts_v1/03_backend_gate1/apps/api/tsconfig.json,tsconfig.json,json,331,806dda9b70fb9b336185645c4763ba0bc6509d6c587af25f5b8b2ab9df106b57,Reference Input,reference,Gate 0-R,df45d69,2026-09-29,Reference artifact (contract/skeleton/gate1/gate2 bundle extraction),Historical,Included,
155,workspace/w0-rebuild/artifacts/Karen_Home_Reference_Artifacts_v1/03_backend_gate1/docs/IMPLEMENTATION_GATE_1.md,w0-rebuild/artifacts/Karen_Home_Reference_Artifacts_v1/03_backend_gate1/docs/IMPLEMENTATION_GATE_1.md,IMPLEMENTATION_GATE_1.md,md,1804,c89bc4983656a272c1b37b28810e4b310bc8e44fa87230fbebc3c26786b9dbc2,Reference Input,reference,Gate 0-R,df45d69,2026-09-29,Reference artifact (contract/skeleton/gate1/gate2 bundle extraction),Historical,Included,
156,workspace/w0-rebuild/artifacts/Karen_Home_Reference_Artifacts_v1/03_backend_gate1/docs/IMPLEMENTATION_STATUS.md,w0-rebuild/artifacts/Karen_Home_Reference_Artifacts_v1/03_backend_gate1/docs/IMPLEMENTATION_STATUS.md,IMPLEMENTATION_STATUS.md,md,583,2e337964b849047e314a418d24906f89c843f0dd010c286d303749c68c508991,Reference Input,reference,Gate 0-R,df45d69,2026-09-29,Reference artifact (contract/skeleton/gate1/gate2 bundle extraction),Historical,Included,
157,workspace/w0-rebuild/artifacts/Karen_Home_Reference_Artifacts_v1/03_backend_gate1/docs/NEXT_GATE.md,w0-rebuild/artifacts/Karen_Home_Reference_Artifacts_v1/03_backend_gate1/docs/NEXT_GATE.md,NEXT_GATE.md,md,406,705150c31681255134a9757aa065ee5eb638ad858e2aab5353fa83146471d5b8,Reference Input,reference,Gate 0-R,df45d69,2026-09-29,Reference artifact (contract/skeleton/gate1/gate2 bundle extraction),Historical,Included,
158,workspace/w0-rebuild/artifacts/Karen_Home_Reference_Artifacts_v1/03_backend_gate1/package.json,w0-rebuild/artifacts/Karen_Home_Reference_Artifacts_v1/03_backend_gate1/package.json,package.json,json,599,5327a5a44541ae51bc1077b9cc92129c055df51ecd1bf4ff626a166d567b12d5,Reference Input,reference,Gate 0-R,df45d69,2026-09-29,Reference artifact (contract/skeleton/gate1/gate2 bundle extraction),Historical,Included,
159,workspace/w0-rebuild/artifacts/Karen_Home_Reference_Artifacts_v1/03_backend_gate1/packages/contracts/package.json,w0-rebuild/artifacts/Karen_Home_Reference_Artifacts_v1/03_backend_gate1/packages/contracts/package.json,package.json,json,113,0263d919d3c48793abf176dabe06476abc067e3bc5951a869cac26d746c48713,Reference Input,reference,Gate 0-R,df45d69,2026-09-29,Reference artifact (contract/skeleton/gate1/gate2 bundle extraction),Historical,Included,
160,workspace/w0-rebuild/artifacts/Karen_Home_Reference_Artifacts_v1/03_backend_gate1/packages/contracts/src/index.ts,w0-rebuild/artifacts/Karen_Home_Reference_Artifacts_v1/03_backend_gate1/packages/contracts/src/index.ts,index.ts,ts,545,36b00e8a2fc73758d2e27ea6cbd87a03d9386b6aff60f86d8318b5a034df6f59,Reference Input,reference,Gate 0-R,df45d69,2026-09-29,Reference artifact (contract/skeleton/gate1/gate2 bundle extraction),Historical,Included,
161,workspace/w0-rebuild/artifacts/Karen_Home_Reference_Artifacts_v1/03_backend_gate1/packages/db/package.json,w0-rebuild/artifacts/Karen_Home_Reference_Artifacts_v1/03_backend_gate1/packages/db/package.json,package.json,json,367,6eadbba2ee4a3938a85b3cb78f2693e52fc647054f19f77aad11403889af0f56,Reference Input,reference,Gate 0-R,df45d69,2026-09-29,Reference artifact (contract/skeleton/gate1/gate2 bundle extraction),Historical,Included,
162,workspace/w0-rebuild/artifacts/Karen_Home_Reference_Artifacts_v1/03_backend_gate1/packages/db/src/README.md,w0-rebuild/artifacts/Karen_Home_Reference_Artifacts_v1/03_backend_gate1/packages/db/src/README.md,README.md,md,293,4852ae52a10eeecfaa43a9b590686df6aba35c8658b157dc260978b17a9ed221,Reference Input,reference,Gate 0-R,df45d69,2026-09-29,Reference artifact (contract/skeleton/gate1/gate2 bundle extraction),Historical,Included,
163,workspace/w0-rebuild/artifacts/Karen_Home_Reference_Artifacts_v1/03_backend_gate1/packages/db/src/iam-repository.ts,w0-rebuild/artifacts/Karen_Home_Reference_Artifacts_v1/03_backend_gate1/packages/db/src/iam-repository.ts,iam-repository.ts,ts,6116,49fe79fd36321cecf117b6934d88fa62df3398b31fb7a4ded7213e64e707d727,Reference Input,reference,Gate 0-R,df45d69,2026-09-29,Reference artifact (contract/skeleton/gate1/gate2 bundle extraction),Historical,Included,
164,workspace/w0-rebuild/artifacts/Karen_Home_Reference_Artifacts_v1/03_backend_gate1/packages/db/src/index.ts,w0-rebuild/artifacts/Karen_Home_Reference_Artifacts_v1/03_backend_gate1/packages/db/src/index.ts,index.ts,ts,71,1d2cf51545fb15c8979246a2f73c5f6b01d4bbfc8c05865097b1af10d8edbe72,Reference Input,reference,Gate 0-R,df45d69,2026-09-29,Reference artifact (contract/skeleton/gate1/gate2 bundle extraction),Historical,Included,
165,workspace/w0-rebuild/artifacts/Karen_Home_Reference_Artifacts_v1/03_backend_gate1/packages/db/src/postgres-database.ts,w0-rebuild/artifacts/Karen_Home_Reference_Artifacts_v1/03_backend_gate1/packages/db/src/postgres-database.ts,postgres-database.ts,ts,1593,85c92ed1ddecf1b6adc5f70d8cd9578d6f60d10ea2dfda3039ad2fe6f8fd7861,Reference Input,reference,Gate 0-R,df45d69,2026-09-29,Reference artifact (contract/skeleton/gate1/gate2 bundle extraction),Historical,Included,
166,workspace/w0-rebuild/artifacts/Karen_Home_Reference_Artifacts_v1/03_backend_gate1/packages/db/tsconfig.json,w0-rebuild/artifacts/Karen_Home_Reference_Artifacts_v1/03_backend_gate1/packages/db/tsconfig.json,tsconfig.json,json,309,4ba87aeb53eb637bbfaada247a414c1e859e47c838d667795c837e4309a4a542,Reference Input,reference,Gate 0-R,df45d69,2026-09-29,Reference artifact (contract/skeleton/gate1/gate2 bundle extraction),Historical,Included,
167,workspace/w0-rebuild/artifacts/Karen_Home_Reference_Artifacts_v1/03_backend_gate1/pnpm-workspace.yaml,w0-rebuild/artifacts/Karen_Home_Reference_Artifacts_v1/03_backend_gate1/pnpm-workspace.yaml,pnpm-workspace.yaml,yaml,36,253208fa7c1b64372c219b9e19cef15ed70ca93b66a4d5c4c4d2297a5aff8880,Reference Input,reference,Gate 0-R,df45d69,2026-09-29,Reference artifact (contract/skeleton/gate1/gate2 bundle extraction),Historical,Included,
168,workspace/w0-rebuild/artifacts/Karen_Home_Reference_Artifacts_v1/04_backend_gate2/.env.example,w0-rebuild/artifacts/Karen_Home_Reference_Artifacts_v1/04_backend_gate2/.env.example,.env.example,example,369,9fd5b35efb0399c22b59a163632cec9e6833870dd2554516af657c6880a0258e,Reference Input,reference,Gate 0-R,df45d69,2026-09-29,Reference artifact (contract/skeleton/gate1/gate2 bundle extraction),Historical,Included,
169,workspace/w0-rebuild/artifacts/Karen_Home_Reference_Artifacts_v1/04_backend_gate2/README.md,w0-rebuild/artifacts/Karen_Home_Reference_Artifacts_v1/04_backend_gate2/README.md,README.md,md,879,88c58f09a458b59c767ad72f2bafdb3e5c6ad60e65ce69a0c15c7db6a7b221b0,Reference Input,reference,Gate 0-R,df45d69,2026-09-29,Reference artifact (contract/skeleton/gate1/gate2 bundle extraction),Historical,Included,
170,workspace/w0-rebuild/artifacts/Karen_Home_Reference_Artifacts_v1/04_backend_gate2/apps/api/jest.config.js,w0-rebuild/artifacts/Karen_Home_Reference_Artifacts_v1/04_backend_gate2/apps/api/jest.config.js,jest.config.js,js,311,0fa227c014d18ce2431bc6ea2483e0cb47f33ce3111235d8bb140c1867d19c47,Reference Input,reference,Gate 0-R,df45d69,2026-09-29,Reference artifact (contract/skeleton/gate1/gate2 bundle extraction),Historical,Included,
171,workspace/w0-rebuild/artifacts/Karen_Home_Reference_Artifacts_v1/04_backend_gate2/apps/api/nest-cli.json,w0-rebuild/artifacts/Karen_Home_Reference_Artifacts_v1/04_backend_gate2/apps/api/nest-cli.json,nest-cli.json,json,117,923a037ebaf2bc590c7ae65359551c6476e30ab79f854a03c29704b7f0817f5c,Reference Input,reference,Gate 0-R,df45d69,2026-09-29,Reference artifact (contract/skeleton/gate1/gate2 bundle extraction),Historical,Included,
172,workspace/w0-rebuild/artifacts/Karen_Home_Reference_Artifacts_v1/04_backend_gate2/apps/api/package.json,w0-rebuild/artifacts/Karen_Home_Reference_Artifacts_v1/04_backend_gate2/apps/api/package.json,package.json,json,1002,dc2387bbd070e9cb3f2b5cb2a51cc9654d2153296673d3bc222002a445dbe632,Reference Input,reference,Gate 0-R,df45d69,2026-09-29,Reference artifact (contract/skeleton/gate1/gate2 bundle extraction),Historical,Included,
173,workspace/w0-rebuild/artifacts/Karen_Home_Reference_Artifacts_v1/04_backend_gate2/apps/api/src/app.module.ts,w0-rebuild/artifacts/Karen_Home_Reference_Artifacts_v1/04_backend_gate2/apps/api/src/app.module.ts,app.module.ts,ts,866,b46643c27a42d3f99834fd4fb074ac72f5ffa9af0a96932bf8c52ef0ce00eb0f,Reference Input,reference,Gate 0-R,df45d69,2026-09-29,Reference artifact (contract/skeleton/gate1/gate2 bundle extraction),Historical,Included,
174,workspace/w0-rebuild/artifacts/Karen_Home_Reference_Artifacts_v1/04_backend_gate2/apps/api/src/common/auth/access-token.guard.ts,w0-rebuild/artifacts/Karen_Home_Reference_Artifacts_v1/04_backend_gate2/apps/api/src/common/auth/access-token.guard.ts,access-token.guard.ts,ts,1405,4a6f8e021ec5f81ce482428f1f2db6cbebba4fc2b283810bbd92970e70f0bf6a,Reference Input,reference,Gate 0-R,df45d69,2026-09-29,Reference artifact (contract/skeleton/gate1/gate2 bundle extraction),Historical,Included,
175,workspace/w0-rebuild/artifacts/Karen_Home_Reference_Artifacts_v1/04_backend_gate2/apps/api/src/common/auth/access-token.service.ts,w0-rebuild/artifacts/Karen_Home_Reference_Artifacts_v1/04_backend_gate2/apps/api/src/common/auth/access-token.service.ts,access-token.service.ts,ts,1215,fc9f1a1981597fff833450388b25f1023f416d35a7ea682991d1bf0aca467e2b,Reference Input,reference,Gate 0-R,df45d69,2026-09-29,Reference artifact (contract/skeleton/gate1/gate2 bundle extraction),Historical,Included,
176,workspace/w0-rebuild/artifacts/Karen_Home_Reference_Artifacts_v1/04_backend_gate2/apps/api/src/common/auth/auth.spec.ts,w0-rebuild/artifacts/Karen_Home_Reference_Artifacts_v1/04_backend_gate2/apps/api/src/common/auth/auth.spec.ts,auth.spec.ts,ts,450,00feceb9bdbcd28e8d33a9bf08369a3435b578b54a00f2736582318f738cce45,Reference Input,reference,Gate 0-R,df45d69,2026-09-29,Reference artifact (contract/skeleton/gate1/gate2 bundle extraction),Historical,Included,
177,workspace/w0-rebuild/artifacts/Karen_Home_Reference_Artifacts_v1/04_backend_gate2/apps/api/src/common/auth/auth.types.ts,w0-rebuild/artifacts/Karen_Home_Reference_Artifacts_v1/04_backend_gate2/apps/api/src/common/auth/auth.types.ts,auth.types.ts,ts,259,98228ff28564b9f51398c932940ee4a5193d3fbd0cd75470d67d3bb57cbf2a6a,Reference Input,reference,Gate 0-R,df45d69,2026-09-29,Reference artifact (contract/skeleton/gate1/gate2 bundle extraction),Historical,Included,
178,workspace/w0-rebuild/artifacts/Karen_Home_Reference_Artifacts_v1/04_backend_gate2/apps/api/src/common/auth/current-user.decorator.ts,w0-rebuild/artifacts/Karen_Home_Reference_Artifacts_v1/04_backend_gate2/apps/api/src/common/auth/current-user.decorator.ts,current-user.decorator.ts,ts,315,be9f0b7aed26e041578fab61a47b966d9a600699319c100db6ada803b2c03412,Reference Input,reference,Gate 0-R,df45d69,2026-09-29,Reference artifact (contract/skeleton/gate1/gate2 bundle extraction),Historical,Included,
179,workspace/w0-rebuild/artifacts/Karen_Home_Reference_Artifacts_v1/04_backend_gate2/apps/api/src/common/auth/permissions.decorator.ts,w0-rebuild/artifacts/Karen_Home_Reference_Artifacts_v1/04_backend_gate2/apps/api/src/common/auth/permissions.decorator.ts,permissions.decorator.ts,ts,208,01e26f3aebfd11bbdc7122c477288525f5be78be179514808633c9754a67d684,Reference Input,reference,Gate 0-R,df45d69,2026-09-29,Reference artifact (contract/skeleton/gate1/gate2 bundle extraction),Historical,Included,
180,workspace/w0-rebuild/artifacts/Karen_Home_Reference_Artifacts_v1/04_backend_gate2/apps/api/src/common/auth/permissions.guard.ts,w0-rebuild/artifacts/Karen_Home_Reference_Artifacts_v1/04_backend_gate2/apps/api/src/common/auth/permissions.guard.ts,permissions.guard.ts,ts,1596,3c0dc2c3440ca05f87086bc0376f22316c61977092bd5490a1c07f5d254462f8,Reference Input,reference,Gate 0-R,df45d69,2026-09-29,Reference artifact (contract/skeleton/gate1/gate2 bundle extraction),Historical,Included,
181,workspace/w0-rebuild/artifacts/Karen_Home_Reference_Artifacts_v1/04_backend_gate2/apps/api/src/common/config/app-config.ts,w0-rebuild/artifacts/Karen_Home_Reference_Artifacts_v1/04_backend_gate2/apps/api/src/common/config/app-config.ts,app-config.ts,ts,2083,8aefbbd1e15e0ab13dfa4bfc9975269fe008a6bd97e169d47ca5f4147c8ca0f7,Reference Input,reference,Gate 0-R,df45d69,2026-09-29,Reference artifact (contract/skeleton/gate1/gate2 bundle extraction),Historical,Included,
182,workspace/w0-rebuild/artifacts/Karen_Home_Reference_Artifacts_v1/04_backend_gate2/apps/api/src/common/config/env.validation.ts,w0-rebuild/artifacts/Karen_Home_Reference_Artifacts_v1/04_backend_gate2/apps/api/src/common/config/env.validation.ts,env.validation.ts,ts,1177,af8d33f06e0b8268af913a0f3ba6539f99aefd19067937de6f726cfb26859401,Reference Input,reference,Gate 0-R,df45d69,2026-09-29,Reference artifact (contract/skeleton/gate1/gate2 bundle extraction),Historical,Included,
183,workspace/w0-rebuild/artifacts/Karen_Home_Reference_Artifacts_v1/04_backend_gate2/apps/api/src/common/errors/http-exception.filter.ts,w0-rebuild/artifacts/Karen_Home_Reference_Artifacts_v1/04_backend_gate2/apps/api/src/common/errors/http-exception.filter.ts,http-exception.filter.ts,ts,2691,2e9e90817263aea5f12349128dbb9f06a363c4fc6d6d72d15d311d70a27d7116,Reference Input,reference,Gate 0-R,df45d69,2026-09-29,Reference artifact (contract/skeleton/gate1/gate2 bundle extraction),Historical,Included,
184,workspace/w0-rebuild/artifacts/Karen_Home_Reference_Artifacts_v1/04_backend_gate2/apps/api/src/infrastructure/database.module.ts,w0-rebuild/artifacts/Karen_Home_Reference_Artifacts_v1/04_backend_gate2/apps/api/src/infrastructure/database.module.ts,database.module.ts,ts,1576,dcda6d7f70961d8d6e01e98427988e87a5afa03e318a76bfea82236f3e325228,Reference Input,reference,Gate 0-R,df45d69,2026-09-29,Reference artifact (contract/skeleton/gate1/gate2 bundle extraction),Historical,Included,
185,workspace/w0-rebuild/artifacts/Karen_Home_Reference_Artifacts_v1/04_backend_gate2/apps/api/src/main.ts,w0-rebuild/artifacts/Karen_Home_Reference_Artifacts_v1/04_backend_gate2/apps/api/src/main.ts,main.ts,ts,1345,9d69693dd3eae706f5146dbf532d4c53781d4ca6d8038d196bd73a17755ed130,Reference Input,reference,Gate 0-R,df45d69,2026-09-29,Reference artifact (contract/skeleton/gate1/gate2 bundle extraction),Historical,Included,
186,workspace/w0-rebuild/artifacts/Karen_Home_Reference_Artifacts_v1/04_backend_gate2/apps/api/src/modules/authorization/authorization.module.ts,w0-rebuild/artifacts/Karen_Home_Reference_Artifacts_v1/04_backend_gate2/apps/api/src/modules/authorization/authorization.module.ts,authorization.module.ts,ts,338,4e543f45605e5834ba3aefffe4d57ca3f2f065fb73cb1e235cf31823782cb755,Reference Input,reference,Gate 0-R,df45d69,2026-09-29,Reference artifact (contract/skeleton/gate1/gate2 bundle extraction),Historical,Included,
187,workspace/w0-rebuild/artifacts/Karen_Home_Reference_Artifacts_v1/04_backend_gate2/apps/api/src/modules/health/health.module.ts,w0-rebuild/artifacts/Karen_Home_Reference_Artifacts_v1/04_backend_gate2/apps/api/src/modules/health/health.module.ts,health.module.ts,ts,644,7a0a2be7c65499871df51d5bcdd7cbbf06e812c67174c3a6876894e8642aa826,Reference Input,reference,Gate 0-R,df45d69,2026-09-29,Reference artifact (contract/skeleton/gate1/gate2 bundle extraction),Historical,Included,
188,workspace/w0-rebuild/artifacts/Karen_Home_Reference_Artifacts_v1/04_backend_gate2/apps/api/src/modules/iam/application/iam.service.ts,w0-rebuild/artifacts/Karen_Home_Reference_Artifacts_v1/04_backend_gate2/apps/api/src/modules/iam/application/iam.service.ts,iam.service.ts,ts,5912,12e3b2ecd4bdd681cd13d876d997357ba651d550361bb87808fc4e6c0df4e073,Reference Input,reference,Gate 0-R,df45d69,2026-09-29,Reference artifact (contract/skeleton/gate1/gate2 bundle extraction),Historical,Included,
189,workspace/w0-rebuild/artifacts/Karen_Home_Reference_Artifacts_v1/04_backend_gate2/apps/api/src/modules/iam/domain/iam.errors.ts,w0-rebuild/artifacts/Karen_Home_Reference_Artifacts_v1/04_backend_gate2/apps/api/src/modules/iam/domain/iam.errors.ts,iam.errors.ts,ts,157,73f0fcd21af62fcbf170059c41ab9f648e8d15ae0d59a88809a5e67be40ca34a,Reference Input,reference,Gate 0-R,df45d69,2026-09-29,Reference artifact (contract/skeleton/gate1/gate2 bundle extraction),Historical,Included,
190,workspace/w0-rebuild/artifacts/Karen_Home_Reference_Artifacts_v1/04_backend_gate2/apps/api/src/modules/iam/iam.module.ts,w0-rebuild/artifacts/Karen_Home_Reference_Artifacts_v1/04_backend_gate2/apps/api/src/modules/iam/iam.module.ts,iam.module.ts,ts,501,fa778145266bb985c7b13f53ab450fc5eb97474147c6a6b009eab35cad66a666,Reference Input,reference,Gate 0-R,df45d69,2026-09-29,Reference artifact (contract/skeleton/gate1/gate2 bundle extraction),Historical,Included,
191,workspace/w0-rebuild/artifacts/Karen_Home_Reference_Artifacts_v1/04_backend_gate2/apps/api/src/modules/iam/presentation/dto/login.dto.ts,w0-rebuild/artifacts/Karen_Home_Reference_Artifacts_v1/04_backend_gate2/apps/api/src/modules/iam/presentation/dto/login.dto.ts,login.dto.ts,ts,193,9e1bee41d12c9cb006c0ed709395abd7fc3678ee00addc6cb82ae08b7dbf3b25,Reference Input,reference,Gate 0-R,df45d69,2026-09-29,Reference artifact (contract/skeleton/gate1/gate2 bundle extraction),Historical,Included,
192,workspace/w0-rebuild/artifacts/Karen_Home_Reference_Artifacts_v1/04_backend_gate2/apps/api/src/modules/iam/presentation/dto/refresh.dto.ts,w0-rebuild/artifacts/Karen_Home_Reference_Artifacts_v1/04_backend_gate2/apps/api/src/modules/iam/presentation/dto/refresh.dto.ts,refresh.dto.ts,ts,135,eab106890e26cbae1cbe3ae11d2bab79a025d8231b146e27ab7e5545cb65bcca,Reference Input,reference,Gate 0-R,df45d69,2026-09-29,Reference artifact (contract/skeleton/gate1/gate2 bundle extraction),Historical,Included,
193,workspace/w0-rebuild/artifacts/Karen_Home_Reference_Artifacts_v1/04_backend_gate2/apps/api/src/modules/iam/presentation/dto/register.dto.ts,w0-rebuild/artifacts/Karen_Home_Reference_Artifacts_v1/04_backend_gate2/apps/api/src/modules/iam/presentation/dto/register.dto.ts,register.dto.ts,ts,644,3be4d0d5558a9e0a65be86d474065fe43e6819c5bc583c557994881f0bb86a15,Reference Input,reference,Gate 0-R,df45d69,2026-09-29,Reference artifact (contract/skeleton/gate1/gate2 bundle extraction),Historical,Included,
194,workspace/w0-rebuild/artifacts/Karen_Home_Reference_Artifacts_v1/04_backend_gate2/apps/api/src/modules/iam/presentation/iam.controller.ts,w0-rebuild/artifacts/Karen_Home_Reference_Artifacts_v1/04_backend_gate2/apps/api/src/modules/iam/presentation/iam.controller.ts,iam.controller.ts,ts,1736,88c69f02c93eb6c758c6d2bcb3ee1743d869fad1625be4f7301ea761c904c718,Reference Input,reference,Gate 0-R,df45d69,2026-09-29,Reference artifact (contract/skeleton/gate1/gate2 bundle extraction),Historical,Included,
195,workspace/w0-rebuild/artifacts/Karen_Home_Reference_Artifacts_v1/04_backend_gate2/apps/api/src/modules/listings/application/listing.service.ts,w0-rebuild/artifacts/Karen_Home_Reference_Artifacts_v1/04_backend_gate2/apps/api/src/modules/listings/application/listing.service.ts,listing.service.ts,ts,5770,83a271762ab61211563ea745af914c812a8e8f9334d7598982a86ba8718c2ac5,Reference Input,reference,Gate 0-R,df45d69,2026-09-29,Reference artifact (contract/skeleton/gate1/gate2 bundle extraction),Historical,Included,
196,workspace/w0-rebuild/artifacts/Karen_Home_Reference_Artifacts_v1/04_backend_gate2/apps/api/src/modules/listings/domain/listing-state.machine.ts,w0-rebuild/artifacts/Karen_Home_Reference_Artifacts_v1/04_backend_gate2/apps/api/src/modules/listings/domain/listing-state.machine.ts,listing-state.machine.ts,ts,827,ab54d53cd0f7fb6f49171f379c7e9700657ca31a0222f99733964e0754aa99b5,Reference Input,reference,Gate 0-R,df45d69,2026-09-29,Reference artifact (contract/skeleton/gate1/gate2 bundle extraction),Historical,Included,
197,workspace/w0-rebuild/artifacts/Karen_Home_Reference_Artifacts_v1/04_backend_gate2/apps/api/src/modules/listings/listings.module.ts,w0-rebuild/artifacts/Karen_Home_Reference_Artifacts_v1/04_backend_gate2/apps/api/src/modules/listings/listings.module.ts,listings.module.ts,ts,391,9ef50ff1f5ea64d113785f7b8310e9a577904167281568a48d0b8f7e794cbf13,Reference Input,reference,Gate 0-R,df45d69,2026-09-29,Reference artifact (contract/skeleton/gate1/gate2 bundle extraction),Historical,Included,
198,workspace/w0-rebuild/artifacts/Karen_Home_Reference_Artifacts_v1/04_backend_gate2/apps/api/src/modules/listings/presentation/dto/attach-media.dto.ts,w0-rebuild/artifacts/Karen_Home_Reference_Artifacts_v1/04_backend_gate2/apps/api/src/modules/listings/presentation/dto/attach-media.dto.ts,attach-media.dto.ts,ts,325,78dad222500bc65713545b319fe7c4235acbd2bff45679dae7133546c822355a,Reference Input,reference,Gate 0-R,df45d69,2026-09-29,Reference artifact (contract/skeleton/gate1/gate2 bundle extraction),Historical,Included,
199,workspace/w0-rebuild/artifacts/Karen_Home_Reference_Artifacts_v1/04_backend_gate2/apps/api/src/modules/listings/presentation/dto/create-listing.dto.ts,w0-rebuild/artifacts/Karen_Home_Reference_Artifacts_v1/04_backend_gate2/apps/api/src/modules/listings/presentation/dto/create-listing.dto.ts,create-listing.dto.ts,ts,727,c2c2a0aee39048557ef6aa8edebe0166489dbb2f416b8819f11eae56f2821dcc,Reference Input,reference,Gate 0-R,df45d69,2026-09-29,Reference artifact (contract/skeleton/gate1/gate2 bundle extraction),Historical,Included,
200,workspace/w0-rebuild/artifacts/Karen_Home_Reference_Artifacts_v1/04_backend_gate2/apps/api/src/modules/listings/presentation/dto/state-transition.dto.ts,w0-rebuild/artifacts/Karen_Home_Reference_Artifacts_v1/04_backend_gate2/apps/api/src/modules/listings/presentation/dto/state-transition.dto.ts,state-transition.dto.ts,ts,227,4e8c3ae0b4877ac70746b9031fc771d8fb416d289599f7d4c82ba22cb06b2dfe,Reference Input,reference,Gate 0-R,df45d69,2026-09-29,Reference artifact (contract/skeleton/gate1/gate2 bundle extraction),Historical,Included,
201,workspace/w0-rebuild/artifacts/Karen_Home_Reference_Artifacts_v1/04_backend_gate2/apps/api/src/modules/listings/presentation/listings.controller.ts,w0-rebuild/artifacts/Karen_Home_Reference_Artifacts_v1/04_backend_gate2/apps/api/src/modules/listings/presentation/listings.controller.ts,listings.controller.ts,ts,2816,95601088e83cda5fa6bcc84c8a2670a14d75256d4f6975190694443eceeda155,Reference Input,reference,Gate 0-R,df45d69,2026-09-29,Reference artifact (contract/skeleton/gate1/gate2 bundle extraction),Historical,Included,
202,workspace/w0-rebuild/artifacts/Karen_Home_Reference_Artifacts_v1/04_backend_gate2/apps/api/src/modules/properties/application/assign-owner.handler.ts,w0-rebuild/artifacts/Karen_Home_Reference_Artifacts_v1/04_backend_gate2/apps/api/src/modules/properties/application/assign-owner.handler.ts,assign-owner.handler.ts,ts,1248,c53e32970f7424b58ffac00e756ab47537e3d08a7f7f4fe61ae3299199cf88f7,Reference Input,reference,Gate 0-R,df45d69,2026-09-29,Reference artifact (contract/skeleton/gate1/gate2 bundle extraction),Historical,Included,
203,workspace/w0-rebuild/artifacts/Karen_Home_Reference_Artifacts_v1/04_backend_gate2/apps/api/src/modules/properties/application/create-property.handler.ts,w0-rebuild/artifacts/Karen_Home_Reference_Artifacts_v1/04_backend_gate2/apps/api/src/modules/properties/application/create-property.handler.ts,create-property.handler.ts,ts,595,ee5e5014ee7444d6daff57841eda9f077338c5d76d890b6cb9c945d70cc4e5f2,Reference Input,reference,Gate 0-R,df45d69,2026-09-29,Reference artifact (contract/skeleton/gate1/gate2 bundle extraction),Historical,Included,
204,workspace/w0-rebuild/artifacts/Karen_Home_Reference_Artifacts_v1/04_backend_gate2/apps/api/src/modules/properties/domain/property.repository.ts,w0-rebuild/artifacts/Karen_Home_Reference_Artifacts_v1/04_backend_gate2/apps/api/src/modules/properties/domain/property.repository.ts,property.repository.ts,ts,173,3c293a6f10eab76b9cb7171bb7baf5a79765b0659e0b3674cd5171223a3fc001,Reference Input,reference,Gate 0-R,df45d69,2026-09-29,Reference artifact (contract/skeleton/gate1/gate2 bundle extraction),Historical,Included,
205,workspace/w0-rebuild/artifacts/Karen_Home_Reference_Artifacts_v1/04_backend_gate2/apps/api/src/modules/properties/presentation/dto/assign-owner.dto.ts,w0-rebuild/artifacts/Karen_Home_Reference_Artifacts_v1/04_backend_gate2/apps/api/src/modules/properties/presentation/dto/assign-owner.dto.ts,assign-owner.dto.ts,ts,397,19d0b8e89c3b8d38beed488df6928c1f2633127e1e9e483a0dfe1720dffc9b41,Reference Input,reference,Gate 0-R,df45d69,2026-09-29,Reference artifact (contract/skeleton/gate1/gate2 bundle extraction),Historical,Included,
206,workspace/w0-rebuild/artifacts/Karen_Home_Reference_Artifacts_v1/04_backend_gate2/apps/api/src/modules/properties/presentation/dto/create-property.dto.ts,w0-rebuild/artifacts/Karen_Home_Reference_Artifacts_v1/04_backend_gate2/apps/api/src/modules/properties/presentation/dto/create-property.dto.ts,create-property.dto.ts,ts,302,88355cc20769fe4a84a68c60861ddd8515e354023679a3a373cbc70d44726edb,Reference Input,reference,Gate 0-R,df45d69,2026-09-29,Reference artifact (contract/skeleton/gate1/gate2 bundle extraction),Historical,Included,
207,workspace/w0-rebuild/artifacts/Karen_Home_Reference_Artifacts_v1/04_backend_gate2/apps/api/src/modules/properties/presentation/properties.controller.ts,w0-rebuild/artifacts/Karen_Home_Reference_Artifacts_v1/04_backend_gate2/apps/api/src/modules/properties/presentation/properties.controller.ts,properties.controller.ts,ts,1520,a256e6ac11fd27629c8a4b692e1561baaf2ff79d368419c8de18e4ac54de9a71,Reference Input,reference,Gate 0-R,df45d69,2026-09-29,Reference artifact (contract/skeleton/gate1/gate2 bundle extraction),Historical,Included,
208,workspace/w0-rebuild/artifacts/Karen_Home_Reference_Artifacts_v1/04_backend_gate2/apps/api/src/modules/properties/properties.module.ts,w0-rebuild/artifacts/Karen_Home_Reference_Artifacts_v1/04_backend_gate2/apps/api/src/modules/properties/properties.module.ts,properties.module.ts,ts,514,9610e349bfca78d5579d9014eaafe6ed24eb08e7741cfc4947ac54f96aeeda98,Reference Input,reference,Gate 0-R,df45d69,2026-09-29,Reference artifact (contract/skeleton/gate1/gate2 bundle extraction),Historical,Included,
209,workspace/w0-rebuild/artifacts/Karen_Home_Reference_Artifacts_v1/04_backend_gate2/apps/api/src/modules/search/presentation/search.controller.ts,w0-rebuild/artifacts/Karen_Home_Reference_Artifacts_v1/04_backend_gate2/apps/api/src/modules/search/presentation/search.controller.ts,search.controller.ts,ts,286,ffcc123dda9a442e7ca514f6629b8a62244cc559b9f607b0a3937b8ce0c118bf,Reference Input,reference,Gate 0-R,df45d69,2026-09-29,Reference artifact (contract/skeleton/gate1/gate2 bundle extraction),Historical,Included,
210,workspace/w0-rebuild/artifacts/Karen_Home_Reference_Artifacts_v1/04_backend_gate2/apps/api/src/modules/search/search.module.ts,w0-rebuild/artifacts/Karen_Home_Reference_Artifacts_v1/04_backend_gate2/apps/api/src/modules/search/search.module.ts,search.module.ts,ts,181,4d4752f65a8b8dce2dff859d6bd0b34feb6d80aa5761d89ca66940ae07ed908a,Reference Input,reference,Gate 0-R,df45d69,2026-09-29,Reference artifact (contract/skeleton/gate1/gate2 bundle extraction),Historical,Included,
211,workspace/w0-rebuild/artifacts/Karen_Home_Reference_Artifacts_v1/04_backend_gate2/apps/api/test/iam.service.spec.ts,w0-rebuild/artifacts/Karen_Home_Reference_Artifacts_v1/04_backend_gate2/apps/api/test/iam.service.spec.ts,iam.service.spec.ts,ts,657,3861246b378d1b295258a35e901a67036444e9602e8b82547626590f02e8cd85,Reference Input,reference,Gate 0-R,df45d69,2026-09-29,Reference artifact (contract/skeleton/gate1/gate2 bundle extraction),Historical,Included,
212,workspace/w0-rebuild/artifacts/Karen_Home_Reference_Artifacts_v1/04_backend_gate2/apps/api/test/integration/db.integration.spec.ts,w0-rebuild/artifacts/Karen_Home_Reference_Artifacts_v1/04_backend_gate2/apps/api/test/integration/db.integration.spec.ts,db.integration.spec.ts,ts,536,f30aaf04fbea0ab0574715de94ed89ce15f83f2e3d2a6484ee3d9b9d70ffb4dd,Reference Input,reference,Gate 0-R,df45d69,2026-09-29,Reference artifact (contract/skeleton/gate1/gate2 bundle extraction),Historical,Included,
213,workspace/w0-rebuild/artifacts/Karen_Home_Reference_Artifacts_v1/04_backend_gate2/apps/api/test/jest-e2e.json,w0-rebuild/artifacts/Karen_Home_Reference_Artifacts_v1/04_backend_gate2/apps/api/test/jest-e2e.json,jest-e2e.json,json,242,c1acdb73764f2beb2365a388ef88c1256f1be321d62de05a1ce713d1b73d7f11,Reference Input,reference,Gate 0-R,df45d69,2026-09-29,Reference artifact (contract/skeleton/gate1/gate2 bundle extraction),Historical,Included,
214,workspace/w0-rebuild/artifacts/Karen_Home_Reference_Artifacts_v1/04_backend_gate2/apps/api/test/jest-integration.json,w0-rebuild/artifacts/Karen_Home_Reference_Artifacts_v1/04_backend_gate2/apps/api/test/jest-integration.json,jest-integration.json,json,254,a357df6a6736301786ba4d054f7d5c4b7306695ff23cc7dfc604617fb0af974a,Reference Input,reference,Gate 0-R,df45d69,2026-09-29,Reference artifact (contract/skeleton/gate1/gate2 bundle extraction),Historical,Included,
215,workspace/w0-rebuild/artifacts/Karen_Home_Reference_Artifacts_v1/04_backend_gate2/apps/api/test/listing-state.machine.spec.ts,w0-rebuild/artifacts/Karen_Home_Reference_Artifacts_v1/04_backend_gate2/apps/api/test/listing-state.machine.spec.ts,listing-state.machine.spec.ts,ts,809,55912d22bdae95f7ef1d64935afc6f2d2f7637057a09b658889c3598e95af283,Reference Input,reference,Gate 0-R,df45d69,2026-09-29,Reference artifact (contract/skeleton/gate1/gate2 bundle extraction),Historical,Included,
216,workspace/w0-rebuild/artifacts/Karen_Home_Reference_Artifacts_v1/04_backend_gate2/apps/api/test/property.repository.contract.spec.ts,w0-rebuild/artifacts/Karen_Home_Reference_Artifacts_v1/04_backend_gate2/apps/api/test/property.repository.contract.spec.ts,property.repository.contract.spec.ts,ts,367,583526b10b583f1bacfa0a00ceaa36535e506806921f8d607f0f3e2cdbe23da8,Reference Input,reference,Gate 0-R,df45d69,2026-09-29,Reference artifact (contract/skeleton/gate1/gate2 bundle extraction),Historical,Included,
217,workspace/w0-rebuild/artifacts/Karen_Home_Reference_Artifacts_v1/04_backend_gate2/apps/api/tsconfig.json,w0-rebuild/artifacts/Karen_Home_Reference_Artifacts_v1/04_backend_gate2/apps/api/tsconfig.json,tsconfig.json,json,331,806dda9b70fb9b336185645c4763ba0bc6509d6c587af25f5b8b2ab9df106b57,Reference Input,reference,Gate 0-R,df45d69,2026-09-29,Reference artifact (contract/skeleton/gate1/gate2 bundle extraction),Historical,Included,
218,workspace/w0-rebuild/artifacts/Karen_Home_Reference_Artifacts_v1/04_backend_gate2/database/base/enterprise_real_estate_schema_frozen_v1.sql,w0-rebuild/artifacts/Karen_Home_Reference_Artifacts_v1/04_backend_gate2/database/base/enterprise_real_estate_schema_frozen_v1.sql,enterprise_real_estate_schema_frozen_v1.sql,sql,93699,166dc3b0134538819db064d871dca6950c267dc9708f79c4fcd018617dd51e30,Reference Input,reference,Gate 0-R,df45d69,2026-09-29,Reference artifact (contract/skeleton/gate1/gate2 bundle extraction),Historical,Included,
219,workspace/w0-rebuild/artifacts/Karen_Home_Reference_Artifacts_v1/04_backend_gate2/database/errata/0024_backend_critical_hardening.sql,w0-rebuild/artifacts/Karen_Home_Reference_Artifacts_v1/04_backend_gate2/database/errata/0024_backend_critical_hardening.sql,0024_backend_critical_hardening.sql,sql,5280,f2de8d451475ecaffc5ff75563c70780434a481cf649241766d57eed2764f898,Reference Input,reference,Gate 0-R,df45d69,2026-09-29,Reference artifact (contract/skeleton/gate1/gate2 bundle extraction),Historical,Included,
220,workspace/w0-rebuild/artifacts/Karen_Home_Reference_Artifacts_v1/04_backend_gate2/database/errata/0025_additional_indexes.sql,w0-rebuild/artifacts/Karen_Home_Reference_Artifacts_v1/04_backend_gate2/database/errata/0025_additional_indexes.sql,0025_additional_indexes.sql,sql,422,9064790b6038d90f8eae7683a8818f04ccdb002d672862728b0001256629bae9,Reference Input,reference,Gate 0-R,df45d69,2026-09-29,Reference artifact (contract/skeleton/gate1/gate2 bundle extraction),Historical,Included,
221,workspace/w0-rebuild/artifacts/Karen_Home_Reference_Artifacts_v1/04_backend_gate2/database/errata/0026_outbox_claiming.sql,w0-rebuild/artifacts/Karen_Home_Reference_Artifacts_v1/04_backend_gate2/database/errata/0026_outbox_claiming.sql,0026_outbox_claiming.sql,sql,277,1600280b3f639a76cc754d4ffe26d7c2d4ce075edd513a8a9605519e687c510e,Reference Input,reference,Gate 0-R,df45d69,2026-09-29,Reference artifact (contract/skeleton/gate1/gate2 bundle extraction),Historical,Included,
222,workspace/w0-rebuild/artifacts/Karen_Home_Reference_Artifacts_v1/04_backend_gate2/database/verify/critical-invariants.sql,w0-rebuild/artifacts/Karen_Home_Reference_Artifacts_v1/04_backend_gate2/database/verify/critical-invariants.sql,critical-invariants.sql,sql,832,0d8f44490f93385c860e3c9ebfc690494f6c42c9ec5e80ee540e4d90cb0b6026,Reference Input,reference,Gate 0-R,df45d69,2026-09-29,Reference artifact (contract/skeleton/gate1/gate2 bundle extraction),Historical,Included,
223,workspace/w0-rebuild/artifacts/Karen_Home_Reference_Artifacts_v1/04_backend_gate2/docker-compose.postgres.yml,w0-rebuild/artifacts/Karen_Home_Reference_Artifacts_v1/04_backend_gate2/docker-compose.postgres.yml,docker-compose.postgres.yml,yml,455,e0eb695653211fcff6a82f01bb4851447186479ab3e74d21c9ea622779fc7f70,Reference Input,reference,Gate 0-R,df45d69,2026-09-29,Reference artifact (contract/skeleton/gate1/gate2 bundle extraction),Historical,Included,REDACTED in exported copy (dev default password) — original not exported
224,workspace/w0-rebuild/artifacts/Karen_Home_Reference_Artifacts_v1/04_backend_gate2/docs/API_CONTRACT_DELTA_GATE2.md,w0-rebuild/artifacts/Karen_Home_Reference_Artifacts_v1/04_backend_gate2/docs/API_CONTRACT_DELTA_GATE2.md,API_CONTRACT_DELTA_GATE2.md,md,870,250179f4da66bb712d3f408ae41398cc591879cbcaac12070ad029d199b7ab9e,Reference Input,reference,Gate 0-R,df45d69,2026-09-29,Reference artifact (contract/skeleton/gate1/gate2 bundle extraction),Historical,Included,
225,workspace/w0-rebuild/artifacts/Karen_Home_Reference_Artifacts_v1/04_backend_gate2/docs/DEEP_AUDIT_GATE1_FILE_BY_FILE.md,w0-rebuild/artifacts/Karen_Home_Reference_Artifacts_v1/04_backend_gate2/docs/DEEP_AUDIT_GATE1_FILE_BY_FILE.md,DEEP_AUDIT_GATE1_FILE_BY_FILE.md,md,10282,903e847c7aeae539c6c71f073588ea028028e13074264bb2ed3631db598832c2,Reference Input,reference,Gate 0-R,df45d69,2026-09-29,Reference artifact (contract/skeleton/gate1/gate2 bundle extraction),Historical,Included,
226,workspace/w0-rebuild/artifacts/Karen_Home_Reference_Artifacts_v1/04_backend_gate2/docs/FILE_INVENTORY_GATE2.txt,w0-rebuild/artifacts/Karen_Home_Reference_Artifacts_v1/04_backend_gate2/docs/FILE_INVENTORY_GATE2.txt,FILE_INVENTORY_GATE2.txt,txt,3501,7ec75081a861f3f5ca56334736636a8678cfcb51b42da9b8358babe6db0827e8,Reference Input,reference,Gate 0-R,df45d69,2026-09-29,Reference artifact (contract/skeleton/gate1/gate2 bundle extraction),Historical,Included,
227,workspace/w0-rebuild/artifacts/Karen_Home_Reference_Artifacts_v1/04_backend_gate2/docs/GATE2_CORE_DOMAIN.md,w0-rebuild/artifacts/Karen_Home_Reference_Artifacts_v1/04_backend_gate2/docs/GATE2_CORE_DOMAIN.md,GATE2_CORE_DOMAIN.md,md,1384,aa2f41cf36d5dd0c3c036b11d7403f53f91e6295346bee71d0f5c72d664af2fc,Reference Input,reference,Gate 0-R,df45d69,2026-09-29,Reference artifact (contract/skeleton/gate1/gate2 bundle extraction),Historical,Included,
228,workspace/w0-rebuild/artifacts/Karen_Home_Reference_Artifacts_v1/04_backend_gate2/docs/GATE2_MANIFEST.md,w0-rebuild/artifacts/Karen_Home_Reference_Artifacts_v1/04_backend_gate2/docs/GATE2_MANIFEST.md,GATE2_MANIFEST.md,md,1367,f31e55762acaa8fa78b8f7dd82b485d59b5cd167fdef506ef184b3b469fc6010,Reference Input,reference,Gate 0-R,df45d69,2026-09-29,Reference artifact (contract/skeleton/gate1/gate2 bundle extraction),Historical,Included,
229,workspace/w0-rebuild/artifacts/Karen_Home_Reference_Artifacts_v1/04_backend_gate2/docs/IMPLEMENTATION_GATE_1.md,w0-rebuild/artifacts/Karen_Home_Reference_Artifacts_v1/04_backend_gate2/docs/IMPLEMENTATION_GATE_1.md,IMPLEMENTATION_GATE_1.md,md,114,8fd3ab6e54d9feec18497b1b0789c62868124fdd660e4fbbe3000f3b85ecfbaa,Reference Input,reference,Gate 0-R,df45d69,2026-09-29,Reference artifact (contract/skeleton/gate1/gate2 bundle extraction),Historical,Included,
230,workspace/w0-rebuild/artifacts/Karen_Home_Reference_Artifacts_v1/04_backend_gate2/docs/IMPLEMENTATION_GATE_2.md,w0-rebuild/artifacts/Karen_Home_Reference_Artifacts_v1/04_backend_gate2/docs/IMPLEMENTATION_GATE_2.md,IMPLEMENTATION_GATE_2.md,md,288,bd83a69f8d244e862f696f0611080186629afbef13e67425e3cf28f7020d6e99,Reference Input,reference,Gate 0-R,df45d69,2026-09-29,Reference artifact (contract/skeleton/gate1/gate2 bundle extraction),Historical,Included,
231,workspace/w0-rebuild/artifacts/Karen_Home_Reference_Artifacts_v1/04_backend_gate2/docs/IMPLEMENTATION_STATUS.md,w0-rebuild/artifacts/Karen_Home_Reference_Artifacts_v1/04_backend_gate2/docs/IMPLEMENTATION_STATUS.md,IMPLEMENTATION_STATUS.md,md,583,2e337964b849047e314a418d24906f89c843f0dd010c286d303749c68c508991,Reference Input,reference,Gate 0-R,df45d69,2026-09-29,Reference artifact (contract/skeleton/gate1/gate2 bundle extraction),Historical,Included,
232,workspace/w0-rebuild/artifacts/Karen_Home_Reference_Artifacts_v1/04_backend_gate2/docs/NEXT_GATE.md,w0-rebuild/artifacts/Karen_Home_Reference_Artifacts_v1/04_backend_gate2/docs/NEXT_GATE.md,NEXT_GATE.md,md,176,9b2bbe36ae6997dc3641bcf820bc7c799207fe8946d2934571067d972a1e65d7,Reference Input,reference,Gate 0-R,df45d69,2026-09-29,Reference artifact (contract/skeleton/gate1/gate2 bundle extraction),Historical,Included,
233,workspace/w0-rebuild/artifacts/Karen_Home_Reference_Artifacts_v1/04_backend_gate2/docs/SCHEMA_ERRATA_1_1.md,w0-rebuild/artifacts/Karen_Home_Reference_Artifacts_v1/04_backend_gate2/docs/SCHEMA_ERRATA_1_1.md,SCHEMA_ERRATA_1_1.md,md,966,114d79921cd4feb1d7959f55d8ec4600d8d425586f9d3285ec9413147648fef4,Reference Input,reference,Gate 0-R,df45d69,2026-09-29,Reference artifact (contract/skeleton/gate1/gate2 bundle extraction),Historical,Included,
234,workspace/w0-rebuild/artifacts/Karen_Home_Reference_Artifacts_v1/04_backend_gate2/docs/SHA256SUMS.txt,w0-rebuild/artifacts/Karen_Home_Reference_Artifacts_v1/04_backend_gate2/docs/SHA256SUMS.txt,SHA256SUMS.txt,txt,9025,6cc65964715c9e7d87522272b0613186fdc7abed4f9dcc163422a7d5f2fcdb6c,Reference Input,reference,Gate 0-R,df45d69,2026-09-29,Reference artifact (contract/skeleton/gate1/gate2 bundle extraction),Historical,Included,
235,workspace/w0-rebuild/artifacts/Karen_Home_Reference_Artifacts_v1/04_backend_gate2/docs/STATIC_REVIEW_CHECKS.md,w0-rebuild/artifacts/Karen_Home_Reference_Artifacts_v1/04_backend_gate2/docs/STATIC_REVIEW_CHECKS.md,STATIC_REVIEW_CHECKS.md,md,1189,0dbc512990eed73fffeda31d83f8f8feed5642d3800ab2de5393abb7973b7175,Reference Input,reference,Gate 0-R,df45d69,2026-09-29,Reference artifact (contract/skeleton/gate1/gate2 bundle extraction),Historical,Included,
236,workspace/w0-rebuild/artifacts/Karen_Home_Reference_Artifacts_v1/04_backend_gate2/docs/STATIC_TS_SYNTAX_REPORT.json,w0-rebuild/artifacts/Karen_Home_Reference_Artifacts_v1/04_backend_gate2/docs/STATIC_TS_SYNTAX_REPORT.json,STATIC_TS_SYNTAX_REPORT.json,json,31,c020bd9d052a211452d137fe189a34016481317de8ade82e20626081efff6a57,Reference Input,reference,Gate 0-R,df45d69,2026-09-29,Reference artifact (contract/skeleton/gate1/gate2 bundle extraction),Historical,Included,
237,workspace/w0-rebuild/artifacts/Karen_Home_Reference_Artifacts_v1/04_backend_gate2/package.json,w0-rebuild/artifacts/Karen_Home_Reference_Artifacts_v1/04_backend_gate2/package.json,package.json,json,656,7057bd46ed0cb79d8a184f8d609e85dacfa59d52158841827b6dc081fa0e3f6f,Reference Input,reference,Gate 0-R,df45d69,2026-09-29,Reference artifact (contract/skeleton/gate1/gate2 bundle extraction),Historical,Included,
238,workspace/w0-rebuild/artifacts/Karen_Home_Reference_Artifacts_v1/04_backend_gate2/packages/contracts/package.json,w0-rebuild/artifacts/Karen_Home_Reference_Artifacts_v1/04_backend_gate2/packages/contracts/package.json,package.json,json,240,660e7ef2d4e3512cc51635d07c6db19c8dbecd752b121df0933c7da069720332,Reference Input,reference,Gate 0-R,df45d69,2026-09-29,Reference artifact (contract/skeleton/gate1/gate2 bundle extraction),Historical,Included,
239,workspace/w0-rebuild/artifacts/Karen_Home_Reference_Artifacts_v1/04_backend_gate2/packages/contracts/src/index.ts,w0-rebuild/artifacts/Karen_Home_Reference_Artifacts_v1/04_backend_gate2/packages/contracts/src/index.ts,index.ts,ts,561,51cc16daa1bfc0ca4a1fd6698f30cce9a0e50ecd662f4e3d03ef11b5e06f505b,Reference Input,reference,Gate 0-R,df45d69,2026-09-29,Reference artifact (contract/skeleton/gate1/gate2 bundle extraction),Historical,Included,
240,workspace/w0-rebuild/artifacts/Karen_Home_Reference_Artifacts_v1/04_backend_gate2/packages/contracts/tsconfig.json,w0-rebuild/artifacts/Karen_Home_Reference_Artifacts_v1/04_backend_gate2/packages/contracts/tsconfig.json,tsconfig.json,json,286,89b84208b883bd999233174b1ff4c1c94ff75db04cc2e511f579b37a10e79b4c,Reference Input,reference,Gate 0-R,df45d69,2026-09-29,Reference artifact (contract/skeleton/gate1/gate2 bundle extraction),Historical,Included,
241,workspace/w0-rebuild/artifacts/Karen_Home_Reference_Artifacts_v1/04_backend_gate2/packages/db/package.json,w0-rebuild/artifacts/Karen_Home_Reference_Artifacts_v1/04_backend_gate2/packages/db/package.json,package.json,json,367,6eadbba2ee4a3938a85b3cb78f2693e52fc647054f19f77aad11403889af0f56,Reference Input,reference,Gate 0-R,df45d69,2026-09-29,Reference artifact (contract/skeleton/gate1/gate2 bundle extraction),Historical,Included,
242,workspace/w0-rebuild/artifacts/Karen_Home_Reference_Artifacts_v1/04_backend_gate2/packages/db/src/README.md,w0-rebuild/artifacts/Karen_Home_Reference_Artifacts_v1/04_backend_gate2/packages/db/src/README.md,README.md,md,293,4852ae52a10eeecfaa43a9b590686df6aba35c8658b157dc260978b17a9ed221,Reference Input,reference,Gate 0-R,df45d69,2026-09-29,Reference artifact (contract/skeleton/gate1/gate2 bundle extraction),Historical,Included,
243,workspace/w0-rebuild/artifacts/Karen_Home_Reference_Artifacts_v1/04_backend_gate2/packages/db/src/audit-repository.ts,w0-rebuild/artifacts/Karen_Home_Reference_Artifacts_v1/04_backend_gate2/packages/db/src/audit-repository.ts,audit-repository.ts,ts,1079,b89b9401e07e9aef96e13652905fdbd0c7dd1c369488affeea848b517b878550,Reference Input,reference,Gate 0-R,df45d69,2026-09-29,Reference artifact (contract/skeleton/gate1/gate2 bundle extraction),Historical,Included,
244,workspace/w0-rebuild/artifacts/Karen_Home_Reference_Artifacts_v1/04_backend_gate2/packages/db/src/iam-repository.ts,w0-rebuild/artifacts/Karen_Home_Reference_Artifacts_v1/04_backend_gate2/packages/db/src/iam-repository.ts,iam-repository.ts,ts,8953,d1d6c4d3eb8f5878e55ea84f9967f29d020a4cbd151c36de785ef34569d3fc71,Reference Input,reference,Gate 0-R,df45d69,2026-09-29,Reference artifact (contract/skeleton/gate1/gate2 bundle extraction),Historical,Included,
245,workspace/w0-rebuild/artifacts/Karen_Home_Reference_Artifacts_v1/04_backend_gate2/packages/db/src/index.ts,w0-rebuild/artifacts/Karen_Home_Reference_Artifacts_v1/04_backend_gate2/packages/db/src/index.ts,index.ts,ts,221,8d3b772006e84f5749033ad3b4bb8453590f5e194f2ca51d58bc4b28b9742fc4,Reference Input,reference,Gate 0-R,df45d69,2026-09-29,Reference artifact (contract/skeleton/gate1/gate2 bundle extraction),Historical,Included,
246,workspace/w0-rebuild/artifacts/Karen_Home_Reference_Artifacts_v1/04_backend_gate2/packages/db/src/listing-repository.ts,w0-rebuild/artifacts/Karen_Home_Reference_Artifacts_v1/04_backend_gate2/packages/db/src/listing-repository.ts,listing-repository.ts,ts,8632,f9f46f952407c27ebbf97979c89adb508a805942b524e4265fa7de0163d880d5,Reference Input,reference,Gate 0-R,df45d69,2026-09-29,Reference artifact (contract/skeleton/gate1/gate2 bundle extraction),Historical,Included,
247,workspace/w0-rebuild/artifacts/Karen_Home_Reference_Artifacts_v1/04_backend_gate2/packages/db/src/outbox-repository.ts,w0-rebuild/artifacts/Karen_Home_Reference_Artifacts_v1/04_backend_gate2/packages/db/src/outbox-repository.ts,outbox-repository.ts,ts,2407,77320d741110d5357ef327505eb799450f81ba16ea2b283f02dda2f5ed5dfa28,Reference Input,reference,Gate 0-R,df45d69,2026-09-29,Reference artifact (contract/skeleton/gate1/gate2 bundle extraction),Historical,Included,
248,workspace/w0-rebuild/artifacts/Karen_Home_Reference_Artifacts_v1/04_backend_gate2/packages/db/src/postgres-database.ts,w0-rebuild/artifacts/Karen_Home_Reference_Artifacts_v1/04_backend_gate2/packages/db/src/postgres-database.ts,postgres-database.ts,ts,2434,6c63fc67ca774f5b18384c1b74d7abeb50d21672aac1cc15e1d164b6588cae59,Reference Input,reference,Gate 0-R,df45d69,2026-09-29,Reference artifact (contract/skeleton/gate1/gate2 bundle extraction),Historical,Included,
249,workspace/w0-rebuild/artifacts/Karen_Home_Reference_Artifacts_v1/04_backend_gate2/packages/db/src/property-repository.ts,w0-rebuild/artifacts/Karen_Home_Reference_Artifacts_v1/04_backend_gate2/packages/db/src/property-repository.ts,property-repository.ts,ts,6141,201cdfe82c09a01ac1860343cf575d94f769fee99bc902af31145da1175fc06c,Reference Input,reference,Gate 0-R,df45d69,2026-09-29,Reference artifact (contract/skeleton/gate1/gate2 bundle extraction),Historical,Included,
250,workspace/w0-rebuild/artifacts/Karen_Home_Reference_Artifacts_v1/04_backend_gate2/packages/db/tsconfig.json,w0-rebuild/artifacts/Karen_Home_Reference_Artifacts_v1/04_backend_gate2/packages/db/tsconfig.json,tsconfig.json,json,309,4ba87aeb53eb637bbfaada247a414c1e859e47c838d667795c837e4309a4a542,Reference Input,reference,Gate 0-R,df45d69,2026-09-29,Reference artifact (contract/skeleton/gate1/gate2 bundle extraction),Historical,Included,
251,workspace/w0-rebuild/artifacts/Karen_Home_Reference_Artifacts_v1/04_backend_gate2/pnpm-workspace.yaml,w0-rebuild/artifacts/Karen_Home_Reference_Artifacts_v1/04_backend_gate2/pnpm-workspace.yaml,pnpm-workspace.yaml,yaml,36,253208fa7c1b64372c219b9e19cef15ed70ca93b66a4d5c4c4d2297a5aff8880,Reference Input,reference,Gate 0-R,df45d69,2026-09-29,Reference artifact (contract/skeleton/gate1/gate2 bundle extraction),Historical,Included,
252,workspace/w0-rebuild/artifacts/Karen_Home_Reference_Artifacts_v1/04_backend_gate2/scripts/apply-schema.sh,w0-rebuild/artifacts/Karen_Home_Reference_Artifacts_v1/04_backend_gate2/scripts/apply-schema.sh,apply-schema.sh,sh,636,669dd5a20a4dfed22f42b70d50c1b8da32d3fe262154b84cfdbe6fe277ebb775,Reference Input,reference,Gate 0-R,df45d69,2026-09-29,Reference artifact (contract/skeleton/gate1/gate2 bundle extraction),Historical,Included,
253,workspace/w0-rebuild/artifacts/Karen_Home_Reference_Artifacts_v1/99_original_archives/enterprise_real_estate_backend_contract_v1.zip,w0-rebuild/artifacts/Karen_Home_Reference_Artifacts_v1/99_original_archives/enterprise_real_estate_backend_contract_v1.zip,enterprise_real_estate_backend_contract_v1.zip,zip,32165,98d93e7b114d853e33c6626ff155a34b52634d32b1851200f47cb60b59b2aa95,Reference Input,reference,Gate 0-R,df45d69,2026-09-29,Reference artifact (contract/skeleton/gate1/gate2 bundle extraction),Historical,Included,
254,workspace/w0-rebuild/artifacts/Karen_Home_Reference_Artifacts_v1/99_original_archives/enterprise_real_estate_backend_gate1.zip,w0-rebuild/artifacts/Karen_Home_Reference_Artifacts_v1/99_original_archives/enterprise_real_estate_backend_gate1.zip,enterprise_real_estate_backend_gate1.zip,zip,43986,cc1aa048bfe174ebd89473886c50aeae7c015abda58e6f2ce362761823eb9ffe,Reference Input,reference,Gate 0-R,df45d69,2026-09-29,Reference artifact (contract/skeleton/gate1/gate2 bundle extraction),Historical,Included,
255,workspace/w0-rebuild/artifacts/Karen_Home_Reference_Artifacts_v1/99_original_archives/enterprise_real_estate_backend_gate2.zip,w0-rebuild/artifacts/Karen_Home_Reference_Artifacts_v1/99_original_archives/enterprise_real_estate_backend_gate2.zip,enterprise_real_estate_backend_gate2.zip,zip,96422,20a3f4527b7e84d215c4e6723c9439c23239251d2c1c3928de52b56f1f4520b1,Reference Input,reference,Gate 0-R,df45d69,2026-09-29,Reference artifact (contract/skeleton/gate1/gate2 bundle extraction),Historical,Included,
256,workspace/w0-rebuild/artifacts/Karen_Home_Reference_Artifacts_v1/99_original_archives/enterprise_real_estate_backend_skeleton_v1.zip,w0-rebuild/artifacts/Karen_Home_Reference_Artifacts_v1/99_original_archives/enterprise_real_estate_backend_skeleton_v1.zip,enterprise_real_estate_backend_skeleton_v1.zip,zip,18991,59e6b9ac8fc374df5626c1e532d16852fd1ab6bf6e037da3a02b3e0e58d57f6d,Reference Input,reference,Gate 0-R,df45d69,2026-09-29,Reference artifact (contract/skeleton/gate1/gate2 bundle extraction),Historical,Included,
257,workspace/w0-rebuild/artifacts/Karen_Home_Reference_Artifacts_v1/REFERENCE_ARTIFACTS_MANIFEST.md,w0-rebuild/artifacts/Karen_Home_Reference_Artifacts_v1/REFERENCE_ARTIFACTS_MANIFEST.md,REFERENCE_ARTIFACTS_MANIFEST.md,md,12568,acd1db5e4e681532e3102148d74b0df9d28ed8c7c2a0fcab2bda29981abe1288,Reference Input,reference,Gate 0-R,df45d69,2026-09-29,Reference artifact (contract/skeleton/gate1/gate2 bundle extraction),Historical,Included,
258,workspace/w0-rebuild/artifacts/Karen_Home_Reference_Artifacts_v1/enterprise_real_estate_backend_contract_v1_x/enterprise_real_estate_backend_contract_v1/README.md,w0-rebuild/artifacts/Karen_Home_Reference_Artifacts_v1/enterprise_real_estate_backend_contract_v1_x/enterprise_real_estate_backend_contract_v1/README.md,README.md,md,1609,22cf3c3bf4cd524fcaaef216b886d734184e02d37ffe3f413b0813c4cbb8ce21,Reference Input,reference,Gate 0-R,df45d69,2026-09-29,Reference artifact (contract/skeleton/gate1/gate2 bundle extraction),Historical,Included,
259,workspace/w0-rebuild/artifacts/Karen_Home_Reference_Artifacts_v1/enterprise_real_estate_backend_contract_v1_x/enterprise_real_estate_backend_contract_v1/architecture/backend-folder-structure.txt,w0-rebuild/artifacts/Karen_Home_Reference_Artifacts_v1/enterprise_real_estate_backend_contract_v1_x/enterprise_real_estate_backend_contract_v1/architecture/backend-folder-structure.txt,backend-folder-structure.txt,txt,2508,3b7b7b064506171ed0d3455af613875a66870bda326806c998130db2f13daf1e,Reference Input,reference,Gate 0-R,df45d69,2026-09-29,Reference artifact (contract/skeleton/gate1/gate2 bundle extraction),Historical,Included,
260,workspace/w0-rebuild/artifacts/Karen_Home_Reference_Artifacts_v1/enterprise_real_estate_backend_contract_v1_x/enterprise_real_estate_backend_contract_v1/contracts/database-contract-freeze-v1.md,w0-rebuild/artifacts/Karen_Home_Reference_Artifacts_v1/enterprise_real_estate_backend_contract_v1_x/enterprise_real_estate_backend_contract_v1/contracts/database-contract-freeze-v1.md,database-contract-freeze-v1.md,md,1828,fc8827ba26fa59cece6a542f156f13f20db7477e6a757f87c1e7c4d5f32e69a1,Reference Input,reference,Gate 0-R,df45d69,2026-09-29,Reference artifact (contract/skeleton/gate1/gate2 bundle extraction),Historical,Included,
261,workspace/w0-rebuild/artifacts/Karen_Home_Reference_Artifacts_v1/enterprise_real_estate_backend_contract_v1_x/enterprise_real_estate_backend_contract_v1/contracts/database-schema-frozen-v1.sql,w0-rebuild/artifacts/Karen_Home_Reference_Artifacts_v1/enterprise_real_estate_backend_contract_v1_x/enterprise_real_estate_backend_contract_v1/contracts/database-schema-frozen-v1.sql,database-schema-frozen-v1.sql,sql,93699,166dc3b0134538819db064d871dca6950c267dc9708f79c4fcd018617dd51e30,Reference Input,reference,Gate 0-R,df45d69,2026-09-29,Reference artifact (contract/skeleton/gate1/gate2 bundle extraction),Historical,Included,
262,workspace/w0-rebuild/artifacts/Karen_Home_Reference_Artifacts_v1/enterprise_real_estate_backend_contract_v1_x/enterprise_real_estate_backend_contract_v1/contracts/typescript-contracts.ts,w0-rebuild/artifacts/Karen_Home_Reference_Artifacts_v1/enterprise_real_estate_backend_contract_v1_x/enterprise_real_estate_backend_contract_v1/contracts/typescript-contracts.ts,typescript-contracts.ts,ts,1708,2d50a767bff5f0f78a1184651448281742322f019fc3f0f4ac198d715e207e64,Reference Input,reference,Gate 0-R,df45d69,2026-09-29,Reference artifact (contract/skeleton/gate1/gate2 bundle extraction),Historical,Included,
263,workspace/w0-rebuild/artifacts/Karen_Home_Reference_Artifacts_v1/enterprise_real_estate_backend_contract_v1_x/enterprise_real_estate_backend_contract_v1/docs/01-domain-boundaries.md,w0-rebuild/artifacts/Karen_Home_Reference_Artifacts_v1/enterprise_real_estate_backend_contract_v1_x/enterprise_real_estate_backend_contract_v1/docs/01-domain-boundaries.md,01-domain-boundaries.md,md,2544,2207517d8a007ba644819da276b54c07170b400182bcd87bee21e5a81888b4f2,Reference Input,reference,Gate 0-R,df45d69,2026-09-29,Reference artifact (contract/skeleton/gate1/gate2 bundle extraction),Historical,Included,
264,workspace/w0-rebuild/artifacts/Karen_Home_Reference_Artifacts_v1/enterprise_real_estate_backend_contract_v1_x/enterprise_real_estate_backend_contract_v1/docs/02-api-conventions.md,w0-rebuild/artifacts/Karen_Home_Reference_Artifacts_v1/enterprise_real_estate_backend_contract_v1_x/enterprise_real_estate_backend_contract_v1/docs/02-api-conventions.md,02-api-conventions.md,md,2054,286c7e649849807bc7a94db77c7a03aa664bd36c68101f4a7da055ce090a2b48,Reference Input,reference,Gate 0-R,df45d69,2026-09-29,Reference artifact (contract/skeleton/gate1/gate2 bundle extraction),Historical,Included,
265,workspace/w0-rebuild/artifacts/Karen_Home_Reference_Artifacts_v1/enterprise_real_estate_backend_contract_v1_x/enterprise_real_estate_backend_contract_v1/docs/03-authorization-matrix.md,w0-rebuild/artifacts/Karen_Home_Reference_Artifacts_v1/enterprise_real_estate_backend_contract_v1_x/enterprise_real_estate_backend_contract_v1/docs/03-authorization-matrix.md,03-authorization-matrix.md,md,1798,76ffa9662ee2349631db92c997e69fe5f1794dab3723581248edc5e56a76b4bb,Reference Input,reference,Gate 0-R,df45d69,2026-09-29,Reference artifact (contract/skeleton/gate1/gate2 bundle extraction),Historical,Included,
266,workspace/w0-rebuild/artifacts/Karen_Home_Reference_Artifacts_v1/enterprise_real_estate_backend_contract_v1_x/enterprise_real_estate_backend_contract_v1/docs/04-error-model.md,w0-rebuild/artifacts/Karen_Home_Reference_Artifacts_v1/enterprise_real_estate_backend_contract_v1_x/enterprise_real_estate_backend_contract_v1/docs/04-error-model.md,04-error-model.md,md,1105,3e201ef29eba1c6645d67e593c69d475188dab7e75aba506dc9552ad406f81fe,Reference Input,reference,Gate 0-R,df45d69,2026-09-29,Reference artifact (contract/skeleton/gate1/gate2 bundle extraction),Historical,Included,
267,workspace/w0-rebuild/artifacts/Karen_Home_Reference_Artifacts_v1/enterprise_real_estate_backend_contract_v1_x/enterprise_real_estate_backend_contract_v1/docs/05-command-query-catalog.md,w0-rebuild/artifacts/Karen_Home_Reference_Artifacts_v1/enterprise_real_estate_backend_contract_v1_x/enterprise_real_estate_backend_contract_v1/docs/05-command-query-catalog.md,05-command-query-catalog.md,md,2266,55412fb8b7b42e1b1dae4eaa0cb02b9c398aa11a66c094a37dd93bcbebb5b0c5,Reference Input,reference,Gate 0-R,df45d69,2026-09-29,Reference artifact (contract/skeleton/gate1/gate2 bundle extraction),Historical,Included,
268,workspace/w0-rebuild/artifacts/Karen_Home_Reference_Artifacts_v1/enterprise_real_estate_backend_contract_v1_x/enterprise_real_estate_backend_contract_v1/docs/06-event-catalog.md,w0-rebuild/artifacts/Karen_Home_Reference_Artifacts_v1/enterprise_real_estate_backend_contract_v1_x/enterprise_real_estate_backend_contract_v1/docs/06-event-catalog.md,06-event-catalog.md,md,1438,8f11112be23e87879d2d779f9c92e17c6b8300c8a18dcd04c70b6a0120537769,Reference Input,reference,Gate 0-R,df45d69,2026-09-29,Reference artifact (contract/skeleton/gate1/gate2 bundle extraction),Historical,Included,
269,workspace/w0-rebuild/artifacts/Karen_Home_Reference_Artifacts_v1/enterprise_real_estate_backend_contract_v1_x/enterprise_real_estate_backend_contract_v1/docs/07-implementation-order.md,w0-rebuild/artifacts/Karen_Home_Reference_Artifacts_v1/enterprise_real_estate_backend_contract_v1_x/enterprise_real_estate_backend_contract_v1/docs/07-implementation-order.md,07-implementation-order.md,md,757,f77a4fac2985145755f30e3a9820cd9c77974bb834c5e3ca0a7844207cc580b7,Reference Input,reference,Gate 0-R,df45d69,2026-09-29,Reference artifact (contract/skeleton/gate1/gate2 bundle extraction),Historical,Included,
270,workspace/w0-rebuild/artifacts/Karen_Home_Reference_Artifacts_v1/enterprise_real_estate_backend_contract_v1_x/enterprise_real_estate_backend_contract_v1/docs/CHANGE_CONTROL.md,w0-rebuild/artifacts/Karen_Home_Reference_Artifacts_v1/enterprise_real_estate_backend_contract_v1_x/enterprise_real_estate_backend_contract_v1/docs/CHANGE_CONTROL.md,CHANGE_CONTROL.md,md,528,041c81d19d4991ca6e01cafba839feec19475a35c9301bac16fedc05e1ccf903,Reference Input,reference,Gate 0-R,df45d69,2026-09-29,Reference artifact (contract/skeleton/gate1/gate2 bundle extraction),Historical,Included,
271,workspace/w0-rebuild/artifacts/Karen_Home_Reference_Artifacts_v1/enterprise_real_estate_backend_contract_v1_x/enterprise_real_estate_backend_contract_v1/examples/repository-interfaces.ts,w0-rebuild/artifacts/Karen_Home_Reference_Artifacts_v1/enterprise_real_estate_backend_contract_v1_x/enterprise_real_estate_backend_contract_v1/examples/repository-interfaces.ts,repository-interfaces.ts,ts,1028,e91f147492c89373dc1e6f4d6525d4ddcf9ca7a19f97a780af34cd891eb76cf3,Reference Input,reference,Gate 0-R,df45d69,2026-09-29,Reference artifact (contract/skeleton/gate1/gate2 bundle extraction),Historical,Included,
272,workspace/w0-rebuild/artifacts/Karen_Home_Reference_Artifacts_v1/enterprise_real_estate_backend_contract_v1_x/enterprise_real_estate_backend_contract_v1/openapi/openapi-v1.yaml,w0-rebuild/artifacts/Karen_Home_Reference_Artifacts_v1/enterprise_real_estate_backend_contract_v1_x/enterprise_real_estate_backend_contract_v1/openapi/openapi-v1.yaml,openapi-v1.yaml,yaml,8995,228c2cca6cf111e6350a9ed0226c238dc05b855ec1b0d31d6a4d6780cb89d8c5,Reference Input,reference,Gate 0-R,df45d69,2026-09-29,Reference artifact (contract/skeleton/gate1/gate2 bundle extraction),Historical,Included,
273,workspace/w0-rebuild/artifacts/Karen_Home_Reference_Artifacts_v1/enterprise_real_estate_backend_contract_v1_x/enterprise_real_estate_backend_contract_v1/tests/backend-contract-checklist.md,w0-rebuild/artifacts/Karen_Home_Reference_Artifacts_v1/enterprise_real_estate_backend_contract_v1_x/enterprise_real_estate_backend_contract_v1/tests/backend-contract-checklist.md,backend-contract-checklist.md,md,1103,374db82bda10c342cc81cf24e9312bd0711983f513a8605614b6481ac3c161f1,Reference Input,reference,Gate 0-R,df45d69,2026-09-29,Reference artifact (contract/skeleton/gate1/gate2 bundle extraction),Historical,Included,
274,workspace/w0-rebuild/artifacts/Karen_Home_Reference_Artifacts_v1/enterprise_real_estate_backend_gate1_x/enterprise_real_estate_backend_skeleton_v1/.env.example,w0-rebuild/artifacts/Karen_Home_Reference_Artifacts_v1/enterprise_real_estate_backend_gate1_x/enterprise_real_estate_backend_skeleton_v1/.env.example,.env.example,example,296,f84336f1c4d1153d0aa1a87b02dbf27a350a00cf97c77f58feaa9d62b0643621,Reference Input,reference,Gate 0-R,df45d69,2026-09-29,Reference artifact (contract/skeleton/gate1/gate2 bundle extraction),Historical,Included,
275,workspace/w0-rebuild/artifacts/Karen_Home_Reference_Artifacts_v1/enterprise_real_estate_backend_gate1_x/enterprise_real_estate_backend_skeleton_v1/README.md,w0-rebuild/artifacts/Karen_Home_Reference_Artifacts_v1/enterprise_real_estate_backend_gate1_x/enterprise_real_estate_backend_skeleton_v1/README.md,README.md,md,1194,d0d01c1c1225f825fb735d3c24e273558a67d2f6d833f7487b2c447ecd5271bd,Reference Input,reference,Gate 0-R,df45d69,2026-09-29,Reference artifact (contract/skeleton/gate1/gate2 bundle extraction),Historical,Included,
276,workspace/w0-rebuild/artifacts/Karen_Home_Reference_Artifacts_v1/enterprise_real_estate_backend_gate1_x/enterprise_real_estate_backend_skeleton_v1/apps/api/jest.config.js,w0-rebuild/artifacts/Karen_Home_Reference_Artifacts_v1/enterprise_real_estate_backend_gate1_x/enterprise_real_estate_backend_skeleton_v1/apps/api/jest.config.js,jest.config.js,js,311,0fa227c014d18ce2431bc6ea2483e0cb47f33ce3111235d8bb140c1867d19c47,Reference Input,reference,Gate 0-R,df45d69,2026-09-29,Reference artifact (contract/skeleton/gate1/gate2 bundle extraction),Historical,Included,
277,workspace/w0-rebuild/artifacts/Karen_Home_Reference_Artifacts_v1/enterprise_real_estate_backend_gate1_x/enterprise_real_estate_backend_skeleton_v1/apps/api/package.json,w0-rebuild/artifacts/Karen_Home_Reference_Artifacts_v1/enterprise_real_estate_backend_gate1_x/enterprise_real_estate_backend_skeleton_v1/apps/api/package.json,package.json,json,922,ec8e3d3cc219235b4d79509c7b737e81593c0330c19feab8787b9e8b629d822f,Reference Input,reference,Gate 0-R,df45d69,2026-09-29,Reference artifact (contract/skeleton/gate1/gate2 bundle extraction),Historical,Included,
278,workspace/w0-rebuild/artifacts/Karen_Home_Reference_Artifacts_v1/enterprise_real_estate_backend_gate1_x/enterprise_real_estate_backend_skeleton_v1/apps/api/src/app.module.ts,w0-rebuild/artifacts/Karen_Home_Reference_Artifacts_v1/enterprise_real_estate_backend_gate1_x/enterprise_real_estate_backend_skeleton_v1/apps/api/src/app.module.ts,app.module.ts,ts,764,08db08600b08bd795a85dfa250c2aad3f81ba19a33da6d72cb56bd873eea60de,Reference Input,reference,Gate 0-R,df45d69,2026-09-29,Reference artifact (contract/skeleton/gate1/gate2 bundle extraction),Historical,Included,
279,workspace/w0-rebuild/artifacts/Karen_Home_Reference_Artifacts_v1/enterprise_real_estate_backend_gate1_x/enterprise_real_estate_backend_skeleton_v1/apps/api/src/common/auth/access-token.guard.ts,w0-rebuild/artifacts/Karen_Home_Reference_Artifacts_v1/enterprise_real_estate_backend_gate1_x/enterprise_real_estate_backend_skeleton_v1/apps/api/src/common/auth/access-token.guard.ts,access-token.guard.ts,ts,1137,996145116e885ba5a716efb65580c41484d72098dc40010b7f9cb80b309bf3b3,Reference Input,reference,Gate 0-R,df45d69,2026-09-29,Reference artifact (contract/skeleton/gate1/gate2 bundle extraction),Historical,Included,
280,workspace/w0-rebuild/artifacts/Karen_Home_Reference_Artifacts_v1/enterprise_real_estate_backend_gate1_x/enterprise_real_estate_backend_skeleton_v1/apps/api/src/common/auth/access-token.service.ts,w0-rebuild/artifacts/Karen_Home_Reference_Artifacts_v1/enterprise_real_estate_backend_gate1_x/enterprise_real_estate_backend_skeleton_v1/apps/api/src/common/auth/access-token.service.ts,access-token.service.ts,ts,1337,c1de030ead753d7ab52bf91ee6dd9d8913d6635ec37611da347f0502c9b3e586,Reference Input,reference,Gate 0-R,df45d69,2026-09-29,Reference artifact (contract/skeleton/gate1/gate2 bundle extraction),Historical,Included,
281,workspace/w0-rebuild/artifacts/Karen_Home_Reference_Artifacts_v1/enterprise_real_estate_backend_gate1_x/enterprise_real_estate_backend_skeleton_v1/apps/api/src/common/auth/auth.spec.ts,w0-rebuild/artifacts/Karen_Home_Reference_Artifacts_v1/enterprise_real_estate_backend_gate1_x/enterprise_real_estate_backend_skeleton_v1/apps/api/src/common/auth/auth.spec.ts,auth.spec.ts,ts,450,00feceb9bdbcd28e8d33a9bf08369a3435b578b54a00f2736582318f738cce45,Reference Input,reference,Gate 0-R,df45d69,2026-09-29,Reference artifact (contract/skeleton/gate1/gate2 bundle extraction),Historical,Included,
282,workspace/w0-rebuild/artifacts/Karen_Home_Reference_Artifacts_v1/enterprise_real_estate_backend_gate1_x/enterprise_real_estate_backend_skeleton_v1/apps/api/src/common/auth/auth.types.ts,w0-rebuild/artifacts/Karen_Home_Reference_Artifacts_v1/enterprise_real_estate_backend_gate1_x/enterprise_real_estate_backend_skeleton_v1/apps/api/src/common/auth/auth.types.ts,auth.types.ts,ts,237,41c51316498aabe338f74239758f24089d20e1898d6f9e7863fbd0c34797a74e,Reference Input,reference,Gate 0-R,df45d69,2026-09-29,Reference artifact (contract/skeleton/gate1/gate2 bundle extraction),Historical,Included,
283,workspace/w0-rebuild/artifacts/Karen_Home_Reference_Artifacts_v1/enterprise_real_estate_backend_gate1_x/enterprise_real_estate_backend_skeleton_v1/apps/api/src/common/auth/current-user.decorator.ts,w0-rebuild/artifacts/Karen_Home_Reference_Artifacts_v1/enterprise_real_estate_backend_gate1_x/enterprise_real_estate_backend_skeleton_v1/apps/api/src/common/auth/current-user.decorator.ts,current-user.decorator.ts,ts,315,be9f0b7aed26e041578fab61a47b966d9a600699319c100db6ada803b2c03412,Reference Input,reference,Gate 0-R,df45d69,2026-09-29,Reference artifact (contract/skeleton/gate1/gate2 bundle extraction),Historical,Included,
284,workspace/w0-rebuild/artifacts/Karen_Home_Reference_Artifacts_v1/enterprise_real_estate_backend_gate1_x/enterprise_real_estate_backend_skeleton_v1/apps/api/src/common/auth/permissions.decorator.ts,w0-rebuild/artifacts/Karen_Home_Reference_Artifacts_v1/enterprise_real_estate_backend_gate1_x/enterprise_real_estate_backend_skeleton_v1/apps/api/src/common/auth/permissions.decorator.ts,permissions.decorator.ts,ts,208,01e26f3aebfd11bbdc7122c477288525f5be78be179514808633c9754a67d684,Reference Input,reference,Gate 0-R,df45d69,2026-09-29,Reference artifact (contract/skeleton/gate1/gate2 bundle extraction),Historical,Included,
285,workspace/w0-rebuild/artifacts/Karen_Home_Reference_Artifacts_v1/enterprise_real_estate_backend_gate1_x/enterprise_real_estate_backend_skeleton_v1/apps/api/src/common/auth/permissions.guard.ts,w0-rebuild/artifacts/Karen_Home_Reference_Artifacts_v1/enterprise_real_estate_backend_gate1_x/enterprise_real_estate_backend_skeleton_v1/apps/api/src/common/auth/permissions.guard.ts,permissions.guard.ts,ts,1132,ef3e4d61616b1944ead837a05d4d0a006f6fbacc3e333532f000e1e2a684872c,Reference Input,reference,Gate 0-R,df45d69,2026-09-29,Reference artifact (contract/skeleton/gate1/gate2 bundle extraction),Historical,Included,
286,workspace/w0-rebuild/artifacts/Karen_Home_Reference_Artifacts_v1/enterprise_real_estate_backend_gate1_x/enterprise_real_estate_backend_skeleton_v1/apps/api/src/common/config/app-config.ts,w0-rebuild/artifacts/Karen_Home_Reference_Artifacts_v1/enterprise_real_estate_backend_gate1_x/enterprise_real_estate_backend_skeleton_v1/apps/api/src/common/config/app-config.ts,app-config.ts,ts,1135,1c47d1c1f29b17465a8a28f8295b5d897f4c18428048fa2ad11246306b8a0a32,Reference Input,reference,Gate 0-R,df45d69,2026-09-29,Reference artifact (contract/skeleton/gate1/gate2 bundle extraction),Historical,Included,
287,workspace/w0-rebuild/artifacts/Karen_Home_Reference_Artifacts_v1/enterprise_real_estate_backend_gate1_x/enterprise_real_estate_backend_skeleton_v1/apps/api/src/common/config/env.validation.ts,w0-rebuild/artifacts/Karen_Home_Reference_Artifacts_v1/enterprise_real_estate_backend_gate1_x/enterprise_real_estate_backend_skeleton_v1/apps/api/src/common/config/env.validation.ts,env.validation.ts,ts,442,e6b178ddbd2243553a1212b15e1b1d5f23ece7d64033e65bda890ebe2b59b1b2,Reference Input,reference,Gate 0-R,df45d69,2026-09-29,Reference artifact (contract/skeleton/gate1/gate2 bundle extraction),Historical,Included,
288,workspace/w0-rebuild/artifacts/Karen_Home_Reference_Artifacts_v1/enterprise_real_estate_backend_gate1_x/enterprise_real_estate_backend_skeleton_v1/apps/api/src/common/errors/http-exception.filter.ts,w0-rebuild/artifacts/Karen_Home_Reference_Artifacts_v1/enterprise_real_estate_backend_gate1_x/enterprise_real_estate_backend_skeleton_v1/apps/api/src/common/errors/http-exception.filter.ts,http-exception.filter.ts,ts,1767,1c66d10ad4a0f9a1d1cf549fe31993ee502ede81daec78583c8ac93d9a55b1d5,Reference Input,reference,Gate 0-R,df45d69,2026-09-29,Reference artifact (contract/skeleton/gate1/gate2 bundle extraction),Historical,Included,
289,workspace/w0-rebuild/artifacts/Karen_Home_Reference_Artifacts_v1/enterprise_real_estate_backend_gate1_x/enterprise_real_estate_backend_skeleton_v1/apps/api/src/infrastructure/database.module.ts,w0-rebuild/artifacts/Karen_Home_Reference_Artifacts_v1/enterprise_real_estate_backend_gate1_x/enterprise_real_estate_backend_skeleton_v1/apps/api/src/infrastructure/database.module.ts,database.module.ts,ts,777,078539c7034f44fd3c83b68d91dce3aba42aff21f34c9fe29bb8949498752ad7,Reference Input,reference,Gate 0-R,df45d69,2026-09-29,Reference artifact (contract/skeleton/gate1/gate2 bundle extraction),Historical,Included,
290,workspace/w0-rebuild/artifacts/Karen_Home_Reference_Artifacts_v1/enterprise_real_estate_backend_gate1_x/enterprise_real_estate_backend_skeleton_v1/apps/api/src/main.ts,w0-rebuild/artifacts/Karen_Home_Reference_Artifacts_v1/enterprise_real_estate_backend_gate1_x/enterprise_real_estate_backend_skeleton_v1/apps/api/src/main.ts,main.ts,ts,1000,71d8e4c9ad99deb577ea768e35c59d53df15558c14726350a7668109aae2c4b0,Reference Input,reference,Gate 0-R,df45d69,2026-09-29,Reference artifact (contract/skeleton/gate1/gate2 bundle extraction),Historical,Included,
291,workspace/w0-rebuild/artifacts/Karen_Home_Reference_Artifacts_v1/enterprise_real_estate_backend_gate1_x/enterprise_real_estate_backend_skeleton_v1/apps/api/src/modules/health/health.module.ts,w0-rebuild/artifacts/Karen_Home_Reference_Artifacts_v1/enterprise_real_estate_backend_gate1_x/enterprise_real_estate_backend_skeleton_v1/apps/api/src/modules/health/health.module.ts,health.module.ts,ts,238,e5442f6039fdb4f9e3eb1210559d01a205ad99edef40cd703e81ff376e2c2ad2,Reference Input,reference,Gate 0-R,df45d69,2026-09-29,Reference artifact (contract/skeleton/gate1/gate2 bundle extraction),Historical,Included,
292,workspace/w0-rebuild/artifacts/Karen_Home_Reference_Artifacts_v1/enterprise_real_estate_backend_gate1_x/enterprise_real_estate_backend_skeleton_v1/apps/api/src/modules/iam/application/iam.service.ts,w0-rebuild/artifacts/Karen_Home_Reference_Artifacts_v1/enterprise_real_estate_backend_gate1_x/enterprise_real_estate_backend_skeleton_v1/apps/api/src/modules/iam/application/iam.service.ts,iam.service.ts,ts,5323,73fce8d52fe0ed31b1760ac07c205d77f1cf2d7d13e030fafc887729799eb864,Reference Input,reference,Gate 0-R,df45d69,2026-09-29,Reference artifact (contract/skeleton/gate1/gate2 bundle extraction),Historical,Included,
293,workspace/w0-rebuild/artifacts/Karen_Home_Reference_Artifacts_v1/enterprise_real_estate_backend_gate1_x/enterprise_real_estate_backend_skeleton_v1/apps/api/src/modules/iam/domain/iam.errors.ts,w0-rebuild/artifacts/Karen_Home_Reference_Artifacts_v1/enterprise_real_estate_backend_gate1_x/enterprise_real_estate_backend_skeleton_v1/apps/api/src/modules/iam/domain/iam.errors.ts,iam.errors.ts,ts,157,73f0fcd21af62fcbf170059c41ab9f648e8d15ae0d59a88809a5e67be40ca34a,Reference Input,reference,Gate 0-R,df45d69,2026-09-29,Reference artifact (contract/skeleton/gate1/gate2 bundle extraction),Historical,Included,
294,workspace/w0-rebuild/artifacts/Karen_Home_Reference_Artifacts_v1/enterprise_real_estate_backend_gate1_x/enterprise_real_estate_backend_skeleton_v1/apps/api/src/modules/iam/iam.module.ts,w0-rebuild/artifacts/Karen_Home_Reference_Artifacts_v1/enterprise_real_estate_backend_gate1_x/enterprise_real_estate_backend_skeleton_v1/apps/api/src/modules/iam/iam.module.ts,iam.module.ts,ts,501,fa778145266bb985c7b13f53ab450fc5eb97474147c6a6b009eab35cad66a666,Reference Input,reference,Gate 0-R,df45d69,2026-09-29,Reference artifact (contract/skeleton/gate1/gate2 bundle extraction),Historical,Included,
295,workspace/w0-rebuild/artifacts/Karen_Home_Reference_Artifacts_v1/enterprise_real_estate_backend_gate1_x/enterprise_real_estate_backend_skeleton_v1/apps/api/src/modules/iam/presentation/dto/login.dto.ts,w0-rebuild/artifacts/Karen_Home_Reference_Artifacts_v1/enterprise_real_estate_backend_gate1_x/enterprise_real_estate_backend_skeleton_v1/apps/api/src/modules/iam/presentation/dto/login.dto.ts,login.dto.ts,ts,249,9100ca20bea763e433df8cbd83698301a3c8075a08bbc552f51a70fada44e911,Reference Input,reference,Gate 0-R,df45d69,2026-09-29,Reference artifact (contract/skeleton/gate1/gate2 bundle extraction),Historical,Included,
296,workspace/w0-rebuild/artifacts/Karen_Home_Reference_Artifacts_v1/enterprise_real_estate_backend_gate1_x/enterprise_real_estate_backend_skeleton_v1/apps/api/src/modules/iam/presentation/dto/refresh.dto.ts,w0-rebuild/artifacts/Karen_Home_Reference_Artifacts_v1/enterprise_real_estate_backend_gate1_x/enterprise_real_estate_backend_skeleton_v1/apps/api/src/modules/iam/presentation/dto/refresh.dto.ts,refresh.dto.ts,ts,135,eab106890e26cbae1cbe3ae11d2bab79a025d8231b146e27ab7e5545cb65bcca,Reference Input,reference,Gate 0-R,df45d69,2026-09-29,Reference artifact (contract/skeleton/gate1/gate2 bundle extraction),Historical,Included,
297,workspace/w0-rebuild/artifacts/Karen_Home_Reference_Artifacts_v1/enterprise_real_estate_backend_gate1_x/enterprise_real_estate_backend_skeleton_v1/apps/api/src/modules/iam/presentation/dto/register.dto.ts,w0-rebuild/artifacts/Karen_Home_Reference_Artifacts_v1/enterprise_real_estate_backend_gate1_x/enterprise_real_estate_backend_skeleton_v1/apps/api/src/modules/iam/presentation/dto/register.dto.ts,register.dto.ts,ts,644,3be4d0d5558a9e0a65be86d474065fe43e6819c5bc583c557994881f0bb86a15,Reference Input,reference,Gate 0-R,df45d69,2026-09-29,Reference artifact (contract/skeleton/gate1/gate2 bundle extraction),Historical,Included,
298,workspace/w0-rebuild/artifacts/Karen_Home_Reference_Artifacts_v1/enterprise_real_estate_backend_gate1_x/enterprise_real_estate_backend_skeleton_v1/apps/api/src/modules/iam/presentation/iam.controller.ts,w0-rebuild/artifacts/Karen_Home_Reference_Artifacts_v1/enterprise_real_estate_backend_gate1_x/enterprise_real_estate_backend_skeleton_v1/apps/api/src/modules/iam/presentation/iam.controller.ts,iam.controller.ts,ts,1761,16b7509d420a0fd2f4451a2ca0ce238aa74e0161d8e7e6cd9d88b5b0a5af9071,Reference Input,reference,Gate 0-R,df45d69,2026-09-29,Reference artifact (contract/skeleton/gate1/gate2 bundle extraction),Historical,Included,
299,workspace/w0-rebuild/artifacts/Karen_Home_Reference_Artifacts_v1/enterprise_real_estate_backend_gate1_x/enterprise_real_estate_backend_skeleton_v1/apps/api/src/modules/listings/listings.module.ts,w0-rebuild/artifacts/Karen_Home_Reference_Artifacts_v1/enterprise_real_estate_backend_gate1_x/enterprise_real_estate_backend_skeleton_v1/apps/api/src/modules/listings/listings.module.ts,listings.module.ts,ts,189,4888be8f67880e51560fd94d9e6883505580dbe51a5f20177db6cc1d40f2e760,Reference Input,reference,Gate 0-R,df45d69,2026-09-29,Reference artifact (contract/skeleton/gate1/gate2 bundle extraction),Historical,Included,
300,workspace/w0-rebuild/artifacts/Karen_Home_Reference_Artifacts_v1/enterprise_real_estate_backend_gate1_x/enterprise_real_estate_backend_skeleton_v1/apps/api/src/modules/listings/presentation/listings.controller.ts,w0-rebuild/artifacts/Karen_Home_Reference_Artifacts_v1/enterprise_real_estate_backend_gate1_x/enterprise_real_estate_backend_skeleton_v1/apps/api/src/modules/listings/presentation/listings.controller.ts,listings.controller.ts,ts,363,24df2a61f433c207ae8ddcc6b7b196b3cf5ac5925dd6309c41610beee33f3efe,Reference Input,reference,Gate 0-R,df45d69,2026-09-29,Reference artifact (contract/skeleton/gate1/gate2 bundle extraction),Historical,Included,
301,workspace/w0-rebuild/artifacts/Karen_Home_Reference_Artifacts_v1/enterprise_real_estate_backend_gate1_x/enterprise_real_estate_backend_skeleton_v1/apps/api/src/modules/properties/application/create-property.handler.ts,w0-rebuild/artifacts/Karen_Home_Reference_Artifacts_v1/enterprise_real_estate_backend_gate1_x/enterprise_real_estate_backend_skeleton_v1/apps/api/src/modules/properties/application/create-property.handler.ts,create-property.handler.ts,ts,607,015c4307d562acebb5aa86ca268b12fa88071957f67b0f1f2c37770447d5ae62,Reference Input,reference,Gate 0-R,df45d69,2026-09-29,Reference artifact (contract/skeleton/gate1/gate2 bundle extraction),Historical,Included,
302,workspace/w0-rebuild/artifacts/Karen_Home_Reference_Artifacts_v1/enterprise_real_estate_backend_gate1_x/enterprise_real_estate_backend_skeleton_v1/apps/api/src/modules/properties/domain/property.repository.ts,w0-rebuild/artifacts/Karen_Home_Reference_Artifacts_v1/enterprise_real_estate_backend_gate1_x/enterprise_real_estate_backend_skeleton_v1/apps/api/src/modules/properties/domain/property.repository.ts,property.repository.ts,ts,333,9a434be239114eb5f5e6e858d20369c4e3c80ea53a2ebae6b202a7b8c83e75a8,Reference Input,reference,Gate 0-R,df45d69,2026-09-29,Reference artifact (contract/skeleton/gate1/gate2 bundle extraction),Historical,Included,
303,workspace/w0-rebuild/artifacts/Karen_Home_Reference_Artifacts_v1/enterprise_real_estate_backend_gate1_x/enterprise_real_estate_backend_skeleton_v1/apps/api/src/modules/properties/infrastructure/in-memory-property.repository.ts,w0-rebuild/artifacts/Karen_Home_Reference_Artifacts_v1/enterprise_real_estate_backend_gate1_x/enterprise_real_estate_backend_skeleton_v1/apps/api/src/modules/properties/infrastructure/in-memory-property.repository.ts,in-memory-property.repository.ts,ts,352,3d7623e4468cd4b008708deb876a725bb378be40d313bc0ef968fb7d8b77070c,Reference Input,reference,Gate 0-R,df45d69,2026-09-29,Reference artifact (contract/skeleton/gate1/gate2 bundle extraction),Historical,Included,
304,workspace/w0-rebuild/artifacts/Karen_Home_Reference_Artifacts_v1/enterprise_real_estate_backend_gate1_x/enterprise_real_estate_backend_skeleton_v1/apps/api/src/modules/properties/presentation/dto/create-property.dto.ts,w0-rebuild/artifacts/Karen_Home_Reference_Artifacts_v1/enterprise_real_estate_backend_gate1_x/enterprise_real_estate_backend_skeleton_v1/apps/api/src/modules/properties/presentation/dto/create-property.dto.ts,create-property.dto.ts,ts,237,7f1abb8a7a1a77d2a8f98c7d2f90b7cf8e0fe1a6fd2b3a65b6f6097b9063453c,Reference Input,reference,Gate 0-R,df45d69,2026-09-29,Reference artifact (contract/skeleton/gate1/gate2 bundle extraction),Historical,Included,
305,workspace/w0-rebuild/artifacts/Karen_Home_Reference_Artifacts_v1/enterprise_real_estate_backend_gate1_x/enterprise_real_estate_backend_skeleton_v1/apps/api/src/modules/properties/presentation/properties.controller.ts,w0-rebuild/artifacts/Karen_Home_Reference_Artifacts_v1/enterprise_real_estate_backend_gate1_x/enterprise_real_estate_backend_skeleton_v1/apps/api/src/modules/properties/presentation/properties.controller.ts,properties.controller.ts,ts,500,8b006df5c778cd7d93a3191c533be983a89220ad11e8ac2ef3c7254c8d8bbb47,Reference Input,reference,Gate 0-R,df45d69,2026-09-29,Reference artifact (contract/skeleton/gate1/gate2 bundle extraction),Historical,Included,
306,workspace/w0-rebuild/artifacts/Karen_Home_Reference_Artifacts_v1/enterprise_real_estate_backend_gate1_x/enterprise_real_estate_backend_skeleton_v1/apps/api/src/modules/properties/properties.module.ts,w0-rebuild/artifacts/Karen_Home_Reference_Artifacts_v1/enterprise_real_estate_backend_gate1_x/enterprise_real_estate_backend_skeleton_v1/apps/api/src/modules/properties/properties.module.ts,properties.module.ts,ts,564,60e0d1c7c17dcdce7f685fdee2da52c6c70ec5669db2c6f5736f25de002c6e33,Reference Input,reference,Gate 0-R,df45d69,2026-09-29,Reference artifact (contract/skeleton/gate1/gate2 bundle extraction),Historical,Included,
307,workspace/w0-rebuild/artifacts/Karen_Home_Reference_Artifacts_v1/enterprise_real_estate_backend_gate1_x/enterprise_real_estate_backend_skeleton_v1/apps/api/src/modules/search/presentation/search.controller.ts,w0-rebuild/artifacts/Karen_Home_Reference_Artifacts_v1/enterprise_real_estate_backend_gate1_x/enterprise_real_estate_backend_skeleton_v1/apps/api/src/modules/search/presentation/search.controller.ts,search.controller.ts,ts,209,ea761a01ee451aa46bb94c29406367ef79729c76ae4aae55f33dfd4f295879f7,Reference Input,reference,Gate 0-R,df45d69,2026-09-29,Reference artifact (contract/skeleton/gate1/gate2 bundle extraction),Historical,Included,
308,workspace/w0-rebuild/artifacts/Karen_Home_Reference_Artifacts_v1/enterprise_real_estate_backend_gate1_x/enterprise_real_estate_backend_skeleton_v1/apps/api/src/modules/search/search.module.ts,w0-rebuild/artifacts/Karen_Home_Reference_Artifacts_v1/enterprise_real_estate_backend_gate1_x/enterprise_real_estate_backend_skeleton_v1/apps/api/src/modules/search/search.module.ts,search.module.ts,ts,181,4d4752f65a8b8dce2dff859d6bd0b34feb6d80aa5761d89ca66940ae07ed908a,Reference Input,reference,Gate 0-R,df45d69,2026-09-29,Reference artifact (contract/skeleton/gate1/gate2 bundle extraction),Historical,Included,
309,workspace/w0-rebuild/artifacts/Karen_Home_Reference_Artifacts_v1/enterprise_real_estate_backend_gate1_x/enterprise_real_estate_backend_skeleton_v1/apps/api/test/iam.service.spec.ts,w0-rebuild/artifacts/Karen_Home_Reference_Artifacts_v1/enterprise_real_estate_backend_gate1_x/enterprise_real_estate_backend_skeleton_v1/apps/api/test/iam.service.spec.ts,iam.service.spec.ts,ts,657,3861246b378d1b295258a35e901a67036444e9602e8b82547626590f02e8cd85,Reference Input,reference,Gate 0-R,df45d69,2026-09-29,Reference artifact (contract/skeleton/gate1/gate2 bundle extraction),Historical,Included,
310,workspace/w0-rebuild/artifacts/Karen_Home_Reference_Artifacts_v1/enterprise_real_estate_backend_gate1_x/enterprise_real_estate_backend_skeleton_v1/apps/api/test/jest-e2e.json,w0-rebuild/artifacts/Karen_Home_Reference_Artifacts_v1/enterprise_real_estate_backend_gate1_x/enterprise_real_estate_backend_skeleton_v1/apps/api/test/jest-e2e.json,jest-e2e.json,json,242,c1acdb73764f2beb2365a388ef88c1256f1be321d62de05a1ce713d1b73d7f11,Reference Input,reference,Gate 0-R,df45d69,2026-09-29,Reference artifact (contract/skeleton/gate1/gate2 bundle extraction),Historical,Included,
311,workspace/w0-rebuild/artifacts/Karen_Home_Reference_Artifacts_v1/enterprise_real_estate_backend_gate1_x/enterprise_real_estate_backend_skeleton_v1/apps/api/tsconfig.json,w0-rebuild/artifacts/Karen_Home_Reference_Artifacts_v1/enterprise_real_estate_backend_gate1_x/enterprise_real_estate_backend_skeleton_v1/apps/api/tsconfig.json,tsconfig.json,json,331,806dda9b70fb9b336185645c4763ba0bc6509d6c587af25f5b8b2ab9df106b57,Reference Input,reference,Gate 0-R,df45d69,2026-09-29,Reference artifact (contract/skeleton/gate1/gate2 bundle extraction),Historical,Included,
312,workspace/w0-rebuild/artifacts/Karen_Home_Reference_Artifacts_v1/enterprise_real_estate_backend_gate1_x/enterprise_real_estate_backend_skeleton_v1/docs/IMPLEMENTATION_GATE_1.md,w0-rebuild/artifacts/Karen_Home_Reference_Artifacts_v1/enterprise_real_estate_backend_gate1_x/enterprise_real_estate_backend_skeleton_v1/docs/IMPLEMENTATION_GATE_1.md,IMPLEMENTATION_GATE_1.md,md,1804,c89bc4983656a272c1b37b28810e4b310bc8e44fa87230fbebc3c26786b9dbc2,Reference Input,reference,Gate 0-R,df45d69,2026-09-29,Reference artifact (contract/skeleton/gate1/gate2 bundle extraction),Historical,Included,
313,workspace/w0-rebuild/artifacts/Karen_Home_Reference_Artifacts_v1/enterprise_real_estate_backend_gate1_x/enterprise_real_estate_backend_skeleton_v1/docs/IMPLEMENTATION_STATUS.md,w0-rebuild/artifacts/Karen_Home_Reference_Artifacts_v1/enterprise_real_estate_backend_gate1_x/enterprise_real_estate_backend_skeleton_v1/docs/IMPLEMENTATION_STATUS.md,IMPLEMENTATION_STATUS.md,md,583,2e337964b849047e314a418d24906f89c843f0dd010c286d303749c68c508991,Reference Input,reference,Gate 0-R,df45d69,2026-09-29,Reference artifact (contract/skeleton/gate1/gate2 bundle extraction),Historical,Included,
314,workspace/w0-rebuild/artifacts/Karen_Home_Reference_Artifacts_v1/enterprise_real_estate_backend_gate1_x/enterprise_real_estate_backend_skeleton_v1/docs/NEXT_GATE.md,w0-rebuild/artifacts/Karen_Home_Reference_Artifacts_v1/enterprise_real_estate_backend_gate1_x/enterprise_real_estate_backend_skeleton_v1/docs/NEXT_GATE.md,NEXT_GATE.md,md,406,705150c31681255134a9757aa065ee5eb638ad858e2aab5353fa83146471d5b8,Reference Input,reference,Gate 0-R,df45d69,2026-09-29,Reference artifact (contract/skeleton/gate1/gate2 bundle extraction),Historical,Included,
315,workspace/w0-rebuild/artifacts/Karen_Home_Reference_Artifacts_v1/enterprise_real_estate_backend_gate1_x/enterprise_real_estate_backend_skeleton_v1/package.json,w0-rebuild/artifacts/Karen_Home_Reference_Artifacts_v1/enterprise_real_estate_backend_gate1_x/enterprise_real_estate_backend_skeleton_v1/package.json,package.json,json,599,5327a5a44541ae51bc1077b9cc92129c055df51ecd1bf4ff626a166d567b12d5,Reference Input,reference,Gate 0-R,df45d69,2026-09-29,Reference artifact (contract/skeleton/gate1/gate2 bundle extraction),Historical,Included,
316,workspace/w0-rebuild/artifacts/Karen_Home_Reference_Artifacts_v1/enterprise_real_estate_backend_gate1_x/enterprise_real_estate_backend_skeleton_v1/packages/contracts/package.json,w0-rebuild/artifacts/Karen_Home_Reference_Artifacts_v1/enterprise_real_estate_backend_gate1_x/enterprise_real_estate_backend_skeleton_v1/packages/contracts/package.json,package.json,json,113,0263d919d3c48793abf176dabe06476abc067e3bc5951a869cac26d746c48713,Reference Input,reference,Gate 0-R,df45d69,2026-09-29,Reference artifact (contract/skeleton/gate1/gate2 bundle extraction),Historical,Included,
317,workspace/w0-rebuild/artifacts/Karen_Home_Reference_Artifacts_v1/enterprise_real_estate_backend_gate1_x/enterprise_real_estate_backend_skeleton_v1/packages/contracts/src/index.ts,w0-rebuild/artifacts/Karen_Home_Reference_Artifacts_v1/enterprise_real_estate_backend_gate1_x/enterprise_real_estate_backend_skeleton_v1/packages/contracts/src/index.ts,index.ts,ts,545,36b00e8a2fc73758d2e27ea6cbd87a03d9386b6aff60f86d8318b5a034df6f59,Reference Input,reference,Gate 0-R,df45d69,2026-09-29,Reference artifact (contract/skeleton/gate1/gate2 bundle extraction),Historical,Included,
318,workspace/w0-rebuild/artifacts/Karen_Home_Reference_Artifacts_v1/enterprise_real_estate_backend_gate1_x/enterprise_real_estate_backend_skeleton_v1/packages/db/package.json,w0-rebuild/artifacts/Karen_Home_Reference_Artifacts_v1/enterprise_real_estate_backend_gate1_x/enterprise_real_estate_backend_skeleton_v1/packages/db/package.json,package.json,json,367,6eadbba2ee4a3938a85b3cb78f2693e52fc647054f19f77aad11403889af0f56,Reference Input,reference,Gate 0-R,df45d69,2026-09-29,Reference artifact (contract/skeleton/gate1/gate2 bundle extraction),Historical,Included,
319,workspace/w0-rebuild/artifacts/Karen_Home_Reference_Artifacts_v1/enterprise_real_estate_backend_gate1_x/enterprise_real_estate_backend_skeleton_v1/packages/db/src/README.md,w0-rebuild/artifacts/Karen_Home_Reference_Artifacts_v1/enterprise_real_estate_backend_gate1_x/enterprise_real_estate_backend_skeleton_v1/packages/db/src/README.md,README.md,md,293,4852ae52a10eeecfaa43a9b590686df6aba35c8658b157dc260978b17a9ed221,Reference Input,reference,Gate 0-R,df45d69,2026-09-29,Reference artifact (contract/skeleton/gate1/gate2 bundle extraction),Historical,Included,
320,workspace/w0-rebuild/artifacts/Karen_Home_Reference_Artifacts_v1/enterprise_real_estate_backend_gate1_x/enterprise_real_estate_backend_skeleton_v1/packages/db/src/iam-repository.ts,w0-rebuild/artifacts/Karen_Home_Reference_Artifacts_v1/enterprise_real_estate_backend_gate1_x/enterprise_real_estate_backend_skeleton_v1/packages/db/src/iam-repository.ts,iam-repository.ts,ts,6116,49fe79fd36321cecf117b6934d88fa62df3398b31fb7a4ded7213e64e707d727,Reference Input,reference,Gate 0-R,df45d69,2026-09-29,Reference artifact (contract/skeleton/gate1/gate2 bundle extraction),Historical,Included,
321,workspace/w0-rebuild/artifacts/Karen_Home_Reference_Artifacts_v1/enterprise_real_estate_backend_gate1_x/enterprise_real_estate_backend_skeleton_v1/packages/db/src/index.ts,w0-rebuild/artifacts/Karen_Home_Reference_Artifacts_v1/enterprise_real_estate_backend_gate1_x/enterprise_real_estate_backend_skeleton_v1/packages/db/src/index.ts,index.ts,ts,71,1d2cf51545fb15c8979246a2f73c5f6b01d4bbfc8c05865097b1af10d8edbe72,Reference Input,reference,Gate 0-R,df45d69,2026-09-29,Reference artifact (contract/skeleton/gate1/gate2 bundle extraction),Historical,Included,
322,workspace/w0-rebuild/artifacts/Karen_Home_Reference_Artifacts_v1/enterprise_real_estate_backend_gate1_x/enterprise_real_estate_backend_skeleton_v1/packages/db/src/postgres-database.ts,w0-rebuild/artifacts/Karen_Home_Reference_Artifacts_v1/enterprise_real_estate_backend_gate1_x/enterprise_real_estate_backend_skeleton_v1/packages/db/src/postgres-database.ts,postgres-database.ts,ts,1593,85c92ed1ddecf1b6adc5f70d8cd9578d6f60d10ea2dfda3039ad2fe6f8fd7861,Reference Input,reference,Gate 0-R,df45d69,2026-09-29,Reference artifact (contract/skeleton/gate1/gate2 bundle extraction),Historical,Included,
323,workspace/w0-rebuild/artifacts/Karen_Home_Reference_Artifacts_v1/enterprise_real_estate_backend_gate1_x/enterprise_real_estate_backend_skeleton_v1/packages/db/tsconfig.json,w0-rebuild/artifacts/Karen_Home_Reference_Artifacts_v1/enterprise_real_estate_backend_gate1_x/enterprise_real_estate_backend_skeleton_v1/packages/db/tsconfig.json,tsconfig.json,json,309,4ba87aeb53eb637bbfaada247a414c1e859e47c838d667795c837e4309a4a542,Reference Input,reference,Gate 0-R,df45d69,2026-09-29,Reference artifact (contract/skeleton/gate1/gate2 bundle extraction),Historical,Included,
324,workspace/w0-rebuild/artifacts/Karen_Home_Reference_Artifacts_v1/enterprise_real_estate_backend_gate1_x/enterprise_real_estate_backend_skeleton_v1/pnpm-workspace.yaml,w0-rebuild/artifacts/Karen_Home_Reference_Artifacts_v1/enterprise_real_estate_backend_gate1_x/enterprise_real_estate_backend_skeleton_v1/pnpm-workspace.yaml,pnpm-workspace.yaml,yaml,36,253208fa7c1b64372c219b9e19cef15ed70ca93b66a4d5c4c4d2297a5aff8880,Reference Input,reference,Gate 0-R,df45d69,2026-09-29,Reference artifact (contract/skeleton/gate1/gate2 bundle extraction),Historical,Included,
325,workspace/w0-rebuild/artifacts/Karen_Home_Reference_Artifacts_v1/enterprise_real_estate_backend_gate2_x/enterprise_real_estate_backend_gate2/.env.example,w0-rebuild/artifacts/Karen_Home_Reference_Artifacts_v1/enterprise_real_estate_backend_gate2_x/enterprise_real_estate_backend_gate2/.env.example,.env.example,example,369,9fd5b35efb0399c22b59a163632cec9e6833870dd2554516af657c6880a0258e,Reference Input,reference,Gate 0-R,df45d69,2026-09-29,Reference artifact (contract/skeleton/gate1/gate2 bundle extraction),Historical,Included,
326,workspace/w0-rebuild/artifacts/Karen_Home_Reference_Artifacts_v1/enterprise_real_estate_backend_gate2_x/enterprise_real_estate_backend_gate2/README.md,w0-rebuild/artifacts/Karen_Home_Reference_Artifacts_v1/enterprise_real_estate_backend_gate2_x/enterprise_real_estate_backend_gate2/README.md,README.md,md,879,88c58f09a458b59c767ad72f2bafdb3e5c6ad60e65ce69a0c15c7db6a7b221b0,Reference Input,reference,Gate 0-R,df45d69,2026-09-29,Reference artifact (contract/skeleton/gate1/gate2 bundle extraction),Historical,Included,
327,workspace/w0-rebuild/artifacts/Karen_Home_Reference_Artifacts_v1/enterprise_real_estate_backend_gate2_x/enterprise_real_estate_backend_gate2/apps/api/jest.config.js,w0-rebuild/artifacts/Karen_Home_Reference_Artifacts_v1/enterprise_real_estate_backend_gate2_x/enterprise_real_estate_backend_gate2/apps/api/jest.config.js,jest.config.js,js,311,0fa227c014d18ce2431bc6ea2483e0cb47f33ce3111235d8bb140c1867d19c47,Reference Input,reference,Gate 0-R,df45d69,2026-09-29,Reference artifact (contract/skeleton/gate1/gate2 bundle extraction),Historical,Included,
328,workspace/w0-rebuild/artifacts/Karen_Home_Reference_Artifacts_v1/enterprise_real_estate_backend_gate2_x/enterprise_real_estate_backend_gate2/apps/api/nest-cli.json,w0-rebuild/artifacts/Karen_Home_Reference_Artifacts_v1/enterprise_real_estate_backend_gate2_x/enterprise_real_estate_backend_gate2/apps/api/nest-cli.json,nest-cli.json,json,117,923a037ebaf2bc590c7ae65359551c6476e30ab79f854a03c29704b7f0817f5c,Reference Input,reference,Gate 0-R,df45d69,2026-09-29,Reference artifact (contract/skeleton/gate1/gate2 bundle extraction),Historical,Included,
329,workspace/w0-rebuild/artifacts/Karen_Home_Reference_Artifacts_v1/enterprise_real_estate_backend_gate2_x/enterprise_real_estate_backend_gate2/apps/api/package.json,w0-rebuild/artifacts/Karen_Home_Reference_Artifacts_v1/enterprise_real_estate_backend_gate2_x/enterprise_real_estate_backend_gate2/apps/api/package.json,package.json,json,1002,dc2387bbd070e9cb3f2b5cb2a51cc9654d2153296673d3bc222002a445dbe632,Reference Input,reference,Gate 0-R,df45d69,2026-09-29,Reference artifact (contract/skeleton/gate1/gate2 bundle extraction),Historical,Included,
330,workspace/w0-rebuild/artifacts/Karen_Home_Reference_Artifacts_v1/enterprise_real_estate_backend_gate2_x/enterprise_real_estate_backend_gate2/apps/api/src/app.module.ts,w0-rebuild/artifacts/Karen_Home_Reference_Artifacts_v1/enterprise_real_estate_backend_gate2_x/enterprise_real_estate_backend_gate2/apps/api/src/app.module.ts,app.module.ts,ts,866,b46643c27a42d3f99834fd4fb074ac72f5ffa9af0a96932bf8c52ef0ce00eb0f,Reference Input,reference,Gate 0-R,df45d69,2026-09-29,Reference artifact (contract/skeleton/gate1/gate2 bundle extraction),Historical,Included,
331,workspace/w0-rebuild/artifacts/Karen_Home_Reference_Artifacts_v1/enterprise_real_estate_backend_gate2_x/enterprise_real_estate_backend_gate2/apps/api/src/common/auth/access-token.guard.ts,w0-rebuild/artifacts/Karen_Home_Reference_Artifacts_v1/enterprise_real_estate_backend_gate2_x/enterprise_real_estate_backend_gate2/apps/api/src/common/auth/access-token.guard.ts,access-token.guard.ts,ts,1405,4a6f8e021ec5f81ce482428f1f2db6cbebba4fc2b283810bbd92970e70f0bf6a,Reference Input,reference,Gate 0-R,df45d69,2026-09-29,Reference artifact (contract/skeleton/gate1/gate2 bundle extraction),Historical,Included,
332,workspace/w0-rebuild/artifacts/Karen_Home_Reference_Artifacts_v1/enterprise_real_estate_backend_gate2_x/enterprise_real_estate_backend_gate2/apps/api/src/common/auth/access-token.service.ts,w0-rebuild/artifacts/Karen_Home_Reference_Artifacts_v1/enterprise_real_estate_backend_gate2_x/enterprise_real_estate_backend_gate2/apps/api/src/common/auth/access-token.service.ts,access-token.service.ts,ts,1215,fc9f1a1981597fff833450388b25f1023f416d35a7ea682991d1bf0aca467e2b,Reference Input,reference,Gate 0-R,df45d69,2026-09-29,Reference artifact (contract/skeleton/gate1/gate2 bundle extraction),Historical,Included,
333,workspace/w0-rebuild/artifacts/Karen_Home_Reference_Artifacts_v1/enterprise_real_estate_backend_gate2_x/enterprise_real_estate_backend_gate2/apps/api/src/common/auth/auth.spec.ts,w0-rebuild/artifacts/Karen_Home_Reference_Artifacts_v1/enterprise_real_estate_backend_gate2_x/enterprise_real_estate_backend_gate2/apps/api/src/common/auth/auth.spec.ts,auth.spec.ts,ts,450,00feceb9bdbcd28e8d33a9bf08369a3435b578b54a00f2736582318f738cce45,Reference Input,reference,Gate 0-R,df45d69,2026-09-29,Reference artifact (contract/skeleton/gate1/gate2 bundle extraction),Historical,Included,
334,workspace/w0-rebuild/artifacts/Karen_Home_Reference_Artifacts_v1/enterprise_real_estate_backend_gate2_x/enterprise_real_estate_backend_gate2/apps/api/src/common/auth/auth.types.ts,w0-rebuild/artifacts/Karen_Home_Reference_Artifacts_v1/enterprise_real_estate_backend_gate2_x/enterprise_real_estate_backend_gate2/apps/api/src/common/auth/auth.types.ts,auth.types.ts,ts,259,98228ff28564b9f51398c932940ee4a5193d3fbd0cd75470d67d3bb57cbf2a6a,Reference Input,reference,Gate 0-R,df45d69,2026-09-29,Reference artifact (contract/skeleton/gate1/gate2 bundle extraction),Historical,Included,
335,workspace/w0-rebuild/artifacts/Karen_Home_Reference_Artifacts_v1/enterprise_real_estate_backend_gate2_x/enterprise_real_estate_backend_gate2/apps/api/src/common/auth/current-user.decorator.ts,w0-rebuild/artifacts/Karen_Home_Reference_Artifacts_v1/enterprise_real_estate_backend_gate2_x/enterprise_real_estate_backend_gate2/apps/api/src/common/auth/current-user.decorator.ts,current-user.decorator.ts,ts,315,be9f0b7aed26e041578fab61a47b966d9a600699319c100db6ada803b2c03412,Reference Input,reference,Gate 0-R,df45d69,2026-09-29,Reference artifact (contract/skeleton/gate1/gate2 bundle extraction),Historical,Included,
336,workspace/w0-rebuild/artifacts/Karen_Home_Reference_Artifacts_v1/enterprise_real_estate_backend_gate2_x/enterprise_real_estate_backend_gate2/apps/api/src/common/auth/permissions.decorator.ts,w0-rebuild/artifacts/Karen_Home_Reference_Artifacts_v1/enterprise_real_estate_backend_gate2_x/enterprise_real_estate_backend_gate2/apps/api/src/common/auth/permissions.decorator.ts,permissions.decorator.ts,ts,208,01e26f3aebfd11bbdc7122c477288525f5be78be179514808633c9754a67d684,Reference Input,reference,Gate 0-R,df45d69,2026-09-29,Reference artifact (contract/skeleton/gate1/gate2 bundle extraction),Historical,Included,
337,workspace/w0-rebuild/artifacts/Karen_Home_Reference_Artifacts_v1/enterprise_real_estate_backend_gate2_x/enterprise_real_estate_backend_gate2/apps/api/src/common/auth/permissions.guard.ts,w0-rebuild/artifacts/Karen_Home_Reference_Artifacts_v1/enterprise_real_estate_backend_gate2_x/enterprise_real_estate_backend_gate2/apps/api/src/common/auth/permissions.guard.ts,permissions.guard.ts,ts,1596,3c0dc2c3440ca05f87086bc0376f22316c61977092bd5490a1c07f5d254462f8,Reference Input,reference,Gate 0-R,df45d69,2026-09-29,Reference artifact (contract/skeleton/gate1/gate2 bundle extraction),Historical,Included,
338,workspace/w0-rebuild/artifacts/Karen_Home_Reference_Artifacts_v1/enterprise_real_estate_backend_gate2_x/enterprise_real_estate_backend_gate2/apps/api/src/common/config/app-config.ts,w0-rebuild/artifacts/Karen_Home_Reference_Artifacts_v1/enterprise_real_estate_backend_gate2_x/enterprise_real_estate_backend_gate2/apps/api/src/common/config/app-config.ts,app-config.ts,ts,2083,8aefbbd1e15e0ab13dfa4bfc9975269fe008a6bd97e169d47ca5f4147c8ca0f7,Reference Input,reference,Gate 0-R,df45d69,2026-09-29,Reference artifact (contract/skeleton/gate1/gate2 bundle extraction),Historical,Included,
339,workspace/w0-rebuild/artifacts/Karen_Home_Reference_Artifacts_v1/enterprise_real_estate_backend_gate2_x/enterprise_real_estate_backend_gate2/apps/api/src/common/config/env.validation.ts,w0-rebuild/artifacts/Karen_Home_Reference_Artifacts_v1/enterprise_real_estate_backend_gate2_x/enterprise_real_estate_backend_gate2/apps/api/src/common/config/env.validation.ts,env.validation.ts,ts,1177,af8d33f06e0b8268af913a0f3ba6539f99aefd19067937de6f726cfb26859401,Reference Input,reference,Gate 0-R,df45d69,2026-09-29,Reference artifact (contract/skeleton/gate1/gate2 bundle extraction),Historical,Included,
340,workspace/w0-rebuild/artifacts/Karen_Home_Reference_Artifacts_v1/enterprise_real_estate_backend_gate2_x/enterprise_real_estate_backend_gate2/apps/api/src/common/errors/http-exception.filter.ts,w0-rebuild/artifacts/Karen_Home_Reference_Artifacts_v1/enterprise_real_estate_backend_gate2_x/enterprise_real_estate_backend_gate2/apps/api/src/common/errors/http-exception.filter.ts,http-exception.filter.ts,ts,2691,2e9e90817263aea5f12349128dbb9f06a363c4fc6d6d72d15d311d70a27d7116,Reference Input,reference,Gate 0-R,df45d69,2026-09-29,Reference artifact (contract/skeleton/gate1/gate2 bundle extraction),Historical,Included,
341,workspace/w0-rebuild/artifacts/Karen_Home_Reference_Artifacts_v1/enterprise_real_estate_backend_gate2_x/enterprise_real_estate_backend_gate2/apps/api/src/infrastructure/database.module.ts,w0-rebuild/artifacts/Karen_Home_Reference_Artifacts_v1/enterprise_real_estate_backend_gate2_x/enterprise_real_estate_backend_gate2/apps/api/src/infrastructure/database.module.ts,database.module.ts,ts,1576,dcda6d7f70961d8d6e01e98427988e87a5afa03e318a76bfea82236f3e325228,Reference Input,reference,Gate 0-R,df45d69,2026-09-29,Reference artifact (contract/skeleton/gate1/gate2 bundle extraction),Historical,Included,
342,workspace/w0-rebuild/artifacts/Karen_Home_Reference_Artifacts_v1/enterprise_real_estate_backend_gate2_x/enterprise_real_estate_backend_gate2/apps/api/src/main.ts,w0-rebuild/artifacts/Karen_Home_Reference_Artifacts_v1/enterprise_real_estate_backend_gate2_x/enterprise_real_estate_backend_gate2/apps/api/src/main.ts,main.ts,ts,1345,9d69693dd3eae706f5146dbf532d4c53781d4ca6d8038d196bd73a17755ed130,Reference Input,reference,Gate 0-R,df45d69,2026-09-29,Reference artifact (contract/skeleton/gate1/gate2 bundle extraction),Historical,Included,
343,workspace/w0-rebuild/artifacts/Karen_Home_Reference_Artifacts_v1/enterprise_real_estate_backend_gate2_x/enterprise_real_estate_backend_gate2/apps/api/src/modules/authorization/authorization.module.ts,w0-rebuild/artifacts/Karen_Home_Reference_Artifacts_v1/enterprise_real_estate_backend_gate2_x/enterprise_real_estate_backend_gate2/apps/api/src/modules/authorization/authorization.module.ts,authorization.module.ts,ts,338,4e543f45605e5834ba3aefffe4d57ca3f2f065fb73cb1e235cf31823782cb755,Reference Input,reference,Gate 0-R,df45d69,2026-09-29,Reference artifact (contract/skeleton/gate1/gate2 bundle extraction),Historical,Included,
344,workspace/w0-rebuild/artifacts/Karen_Home_Reference_Artifacts_v1/enterprise_real_estate_backend_gate2_x/enterprise_real_estate_backend_gate2/apps/api/src/modules/health/health.module.ts,w0-rebuild/artifacts/Karen_Home_Reference_Artifacts_v1/enterprise_real_estate_backend_gate2_x/enterprise_real_estate_backend_gate2/apps/api/src/modules/health/health.module.ts,health.module.ts,ts,644,7a0a2be7c65499871df51d5bcdd7cbbf06e812c67174c3a6876894e8642aa826,Reference Input,reference,Gate 0-R,df45d69,2026-09-29,Reference artifact (contract/skeleton/gate1/gate2 bundle extraction),Historical,Included,
345,workspace/w0-rebuild/artifacts/Karen_Home_Reference_Artifacts_v1/enterprise_real_estate_backend_gate2_x/enterprise_real_estate_backend_gate2/apps/api/src/modules/iam/application/iam.service.ts,w0-rebuild/artifacts/Karen_Home_Reference_Artifacts_v1/enterprise_real_estate_backend_gate2_x/enterprise_real_estate_backend_gate2/apps/api/src/modules/iam/application/iam.service.ts,iam.service.ts,ts,5912,12e3b2ecd4bdd681cd13d876d997357ba651d550361bb87808fc4e6c0df4e073,Reference Input,reference,Gate 0-R,df45d69,2026-09-29,Reference artifact (contract/skeleton/gate1/gate2 bundle extraction),Historical,Included,
346,workspace/w0-rebuild/artifacts/Karen_Home_Reference_Artifacts_v1/enterprise_real_estate_backend_gate2_x/enterprise_real_estate_backend_gate2/apps/api/src/modules/iam/domain/iam.errors.ts,w0-rebuild/artifacts/Karen_Home_Reference_Artifacts_v1/enterprise_real_estate_backend_gate2_x/enterprise_real_estate_backend_gate2/apps/api/src/modules/iam/domain/iam.errors.ts,iam.errors.ts,ts,157,73f0fcd21af62fcbf170059c41ab9f648e8d15ae0d59a88809a5e67be40ca34a,Reference Input,reference,Gate 0-R,df45d69,2026-09-29,Reference artifact (contract/skeleton/gate1/gate2 bundle extraction),Historical,Included,
347,workspace/w0-rebuild/artifacts/Karen_Home_Reference_Artifacts_v1/enterprise_real_estate_backend_gate2_x/enterprise_real_estate_backend_gate2/apps/api/src/modules/iam/iam.module.ts,w0-rebuild/artifacts/Karen_Home_Reference_Artifacts_v1/enterprise_real_estate_backend_gate2_x/enterprise_real_estate_backend_gate2/apps/api/src/modules/iam/iam.module.ts,iam.module.ts,ts,501,fa778145266bb985c7b13f53ab450fc5eb97474147c6a6b009eab35cad66a666,Reference Input,reference,Gate 0-R,df45d69,2026-09-29,Reference artifact (contract/skeleton/gate1/gate2 bundle extraction),Historical,Included,
348,workspace/w0-rebuild/artifacts/Karen_Home_Reference_Artifacts_v1/enterprise_real_estate_backend_gate2_x/enterprise_real_estate_backend_gate2/apps/api/src/modules/iam/presentation/dto/login.dto.ts,w0-rebuild/artifacts/Karen_Home_Reference_Artifacts_v1/enterprise_real_estate_backend_gate2_x/enterprise_real_estate_backend_gate2/apps/api/src/modules/iam/presentation/dto/login.dto.ts,login.dto.ts,ts,193,9e1bee41d12c9cb006c0ed709395abd7fc3678ee00addc6cb82ae08b7dbf3b25,Reference Input,reference,Gate 0-R,df45d69,2026-09-29,Reference artifact (contract/skeleton/gate1/gate2 bundle extraction),Historical,Included,
349,workspace/w0-rebuild/artifacts/Karen_Home_Reference_Artifacts_v1/enterprise_real_estate_backend_gate2_x/enterprise_real_estate_backend_gate2/apps/api/src/modules/iam/presentation/dto/refresh.dto.ts,w0-rebuild/artifacts/Karen_Home_Reference_Artifacts_v1/enterprise_real_estate_backend_gate2_x/enterprise_real_estate_backend_gate2/apps/api/src/modules/iam/presentation/dto/refresh.dto.ts,refresh.dto.ts,ts,135,eab106890e26cbae1cbe3ae11d2bab79a025d8231b146e27ab7e5545cb65bcca,Reference Input,reference,Gate 0-R,df45d69,2026-09-29,Reference artifact (contract/skeleton/gate1/gate2 bundle extraction),Historical,Included,
350,workspace/w0-rebuild/artifacts/Karen_Home_Reference_Artifacts_v1/enterprise_real_estate_backend_gate2_x/enterprise_real_estate_backend_gate2/apps/api/src/modules/iam/presentation/dto/register.dto.ts,w0-rebuild/artifacts/Karen_Home_Reference_Artifacts_v1/enterprise_real_estate_backend_gate2_x/enterprise_real_estate_backend_gate2/apps/api/src/modules/iam/presentation/dto/register.dto.ts,register.dto.ts,ts,644,3be4d0d5558a9e0a65be86d474065fe43e6819c5bc583c557994881f0bb86a15,Reference Input,reference,Gate 0-R,df45d69,2026-09-29,Reference artifact (contract/skeleton/gate1/gate2 bundle extraction),Historical,Included,
351,workspace/w0-rebuild/artifacts/Karen_Home_Reference_Artifacts_v1/enterprise_real_estate_backend_gate2_x/enterprise_real_estate_backend_gate2/apps/api/src/modules/iam/presentation/iam.controller.ts,w0-rebuild/artifacts/Karen_Home_Reference_Artifacts_v1/enterprise_real_estate_backend_gate2_x/enterprise_real_estate_backend_gate2/apps/api/src/modules/iam/presentation/iam.controller.ts,iam.controller.ts,ts,1736,88c69f02c93eb6c758c6d2bcb3ee1743d869fad1625be4f7301ea761c904c718,Reference Input,reference,Gate 0-R,df45d69,2026-09-29,Reference artifact (contract/skeleton/gate1/gate2 bundle extraction),Historical,Included,
352,workspace/w0-rebuild/artifacts/Karen_Home_Reference_Artifacts_v1/enterprise_real_estate_backend_gate2_x/enterprise_real_estate_backend_gate2/apps/api/src/modules/listings/application/listing.service.ts,w0-rebuild/artifacts/Karen_Home_Reference_Artifacts_v1/enterprise_real_estate_backend_gate2_x/enterprise_real_estate_backend_gate2/apps/api/src/modules/listings/application/listing.service.ts,listing.service.ts,ts,5770,83a271762ab61211563ea745af914c812a8e8f9334d7598982a86ba8718c2ac5,Reference Input,reference,Gate 0-R,df45d69,2026-09-29,Reference artifact (contract/skeleton/gate1/gate2 bundle extraction),Historical,Included,
353,workspace/w0-rebuild/artifacts/Karen_Home_Reference_Artifacts_v1/enterprise_real_estate_backend_gate2_x/enterprise_real_estate_backend_gate2/apps/api/src/modules/listings/domain/listing-state.machine.ts,w0-rebuild/artifacts/Karen_Home_Reference_Artifacts_v1/enterprise_real_estate_backend_gate2_x/enterprise_real_estate_backend_gate2/apps/api/src/modules/listings/domain/listing-state.machine.ts,listing-state.machine.ts,ts,827,ab54d53cd0f7fb6f49171f379c7e9700657ca31a0222f99733964e0754aa99b5,Reference Input,reference,Gate 0-R,df45d69,2026-09-29,Reference artifact (contract/skeleton/gate1/gate2 bundle extraction),Historical,Included,
354,workspace/w0-rebuild/artifacts/Karen_Home_Reference_Artifacts_v1/enterprise_real_estate_backend_gate2_x/enterprise_real_estate_backend_gate2/apps/api/src/modules/listings/listings.module.ts,w0-rebuild/artifacts/Karen_Home_Reference_Artifacts_v1/enterprise_real_estate_backend_gate2_x/enterprise_real_estate_backend_gate2/apps/api/src/modules/listings/listings.module.ts,listings.module.ts,ts,391,9ef50ff1f5ea64d113785f7b8310e9a577904167281568a48d0b8f7e794cbf13,Reference Input,reference,Gate 0-R,df45d69,2026-09-29,Reference artifact (contract/skeleton/gate1/gate2 bundle extraction),Historical,Included,
355,workspace/w0-rebuild/artifacts/Karen_Home_Reference_Artifacts_v1/enterprise_real_estate_backend_gate2_x/enterprise_real_estate_backend_gate2/apps/api/src/modules/listings/presentation/dto/attach-media.dto.ts,w0-rebuild/artifacts/Karen_Home_Reference_Artifacts_v1/enterprise_real_estate_backend_gate2_x/enterprise_real_estate_backend_gate2/apps/api/src/modules/listings/presentation/dto/attach-media.dto.ts,attach-media.dto.ts,ts,325,78dad222500bc65713545b319fe7c4235acbd2bff45679dae7133546c822355a,Reference Input,reference,Gate 0-R,df45d69,2026-09-29,Reference artifact (contract/skeleton/gate1/gate2 bundle extraction),Historical,Included,
356,workspace/w0-rebuild/artifacts/Karen_Home_Reference_Artifacts_v1/enterprise_real_estate_backend_gate2_x/enterprise_real_estate_backend_gate2/apps/api/src/modules/listings/presentation/dto/create-listing.dto.ts,w0-rebuild/artifacts/Karen_Home_Reference_Artifacts_v1/enterprise_real_estate_backend_gate2_x/enterprise_real_estate_backend_gate2/apps/api/src/modules/listings/presentation/dto/create-listing.dto.ts,create-listing.dto.ts,ts,727,c2c2a0aee39048557ef6aa8edebe0166489dbb2f416b8819f11eae56f2821dcc,Reference Input,reference,Gate 0-R,df45d69,2026-09-29,Reference artifact (contract/skeleton/gate1/gate2 bundle extraction),Historical,Included,
357,workspace/w0-rebuild/artifacts/Karen_Home_Reference_Artifacts_v1/enterprise_real_estate_backend_gate2_x/enterprise_real_estate_backend_gate2/apps/api/src/modules/listings/presentation/dto/state-transition.dto.ts,w0-rebuild/artifacts/Karen_Home_Reference_Artifacts_v1/enterprise_real_estate_backend_gate2_x/enterprise_real_estate_backend_gate2/apps/api/src/modules/listings/presentation/dto/state-transition.dto.ts,state-transition.dto.ts,ts,227,4e8c3ae0b4877ac70746b9031fc771d8fb416d289599f7d4c82ba22cb06b2dfe,Reference Input,reference,Gate 0-R,df45d69,2026-09-29,Reference artifact (contract/skeleton/gate1/gate2 bundle extraction),Historical,Included,
358,workspace/w0-rebuild/artifacts/Karen_Home_Reference_Artifacts_v1/enterprise_real_estate_backend_gate2_x/enterprise_real_estate_backend_gate2/apps/api/src/modules/listings/presentation/listings.controller.ts,w0-rebuild/artifacts/Karen_Home_Reference_Artifacts_v1/enterprise_real_estate_backend_gate2_x/enterprise_real_estate_backend_gate2/apps/api/src/modules/listings/presentation/listings.controller.ts,listings.controller.ts,ts,2816,95601088e83cda5fa6bcc84c8a2670a14d75256d4f6975190694443eceeda155,Reference Input,reference,Gate 0-R,df45d69,2026-09-29,Reference artifact (contract/skeleton/gate1/gate2 bundle extraction),Historical,Included,
359,workspace/w0-rebuild/artifacts/Karen_Home_Reference_Artifacts_v1/enterprise_real_estate_backend_gate2_x/enterprise_real_estate_backend_gate2/apps/api/src/modules/properties/application/assign-owner.handler.ts,w0-rebuild/artifacts/Karen_Home_Reference_Artifacts_v1/enterprise_real_estate_backend_gate2_x/enterprise_real_estate_backend_gate2/apps/api/src/modules/properties/application/assign-owner.handler.ts,assign-owner.handler.ts,ts,1248,c53e32970f7424b58ffac00e756ab47537e3d08a7f7f4fe61ae3299199cf88f7,Reference Input,reference,Gate 0-R,df45d69,2026-09-29,Reference artifact (contract/skeleton/gate1/gate2 bundle extraction),Historical,Included,
360,workspace/w0-rebuild/artifacts/Karen_Home_Reference_Artifacts_v1/enterprise_real_estate_backend_gate2_x/enterprise_real_estate_backend_gate2/apps/api/src/modules/properties/application/create-property.handler.ts,w0-rebuild/artifacts/Karen_Home_Reference_Artifacts_v1/enterprise_real_estate_backend_gate2_x/enterprise_real_estate_backend_gate2/apps/api/src/modules/properties/application/create-property.handler.ts,create-property.handler.ts,ts,595,ee5e5014ee7444d6daff57841eda9f077338c5d76d890b6cb9c945d70cc4e5f2,Reference Input,reference,Gate 0-R,df45d69,2026-09-29,Reference artifact (contract/skeleton/gate1/gate2 bundle extraction),Historical,Included,
361,workspace/w0-rebuild/artifacts/Karen_Home_Reference_Artifacts_v1/enterprise_real_estate_backend_gate2_x/enterprise_real_estate_backend_gate2/apps/api/src/modules/properties/domain/property.repository.ts,w0-rebuild/artifacts/Karen_Home_Reference_Artifacts_v1/enterprise_real_estate_backend_gate2_x/enterprise_real_estate_backend_gate2/apps/api/src/modules/properties/domain/property.repository.ts,property.repository.ts,ts,173,3c293a6f10eab76b9cb7171bb7baf5a79765b0659e0b3674cd5171223a3fc001,Reference Input,reference,Gate 0-R,df45d69,2026-09-29,Reference artifact (contract/skeleton/gate1/gate2 bundle extraction),Historical,Included,
362,workspace/w0-rebuild/artifacts/Karen_Home_Reference_Artifacts_v1/enterprise_real_estate_backend_gate2_x/enterprise_real_estate_backend_gate2/apps/api/src/modules/properties/presentation/dto/assign-owner.dto.ts,w0-rebuild/artifacts/Karen_Home_Reference_Artifacts_v1/enterprise_real_estate_backend_gate2_x/enterprise_real_estate_backend_gate2/apps/api/src/modules/properties/presentation/dto/assign-owner.dto.ts,assign-owner.dto.ts,ts,397,19d0b8e89c3b8d38beed488df6928c1f2633127e1e9e483a0dfe1720dffc9b41,Reference Input,reference,Gate 0-R,df45d69,2026-09-29,Reference artifact (contract/skeleton/gate1/gate2 bundle extraction),Historical,Included,
363,workspace/w0-rebuild/artifacts/Karen_Home_Reference_Artifacts_v1/enterprise_real_estate_backend_gate2_x/enterprise_real_estate_backend_gate2/apps/api/src/modules/properties/presentation/dto/create-property.dto.ts,w0-rebuild/artifacts/Karen_Home_Reference_Artifacts_v1/enterprise_real_estate_backend_gate2_x/enterprise_real_estate_backend_gate2/apps/api/src/modules/properties/presentation/dto/create-property.dto.ts,create-property.dto.ts,ts,302,88355cc20769fe4a84a68c60861ddd8515e354023679a3a373cbc70d44726edb,Reference Input,reference,Gate 0-R,df45d69,2026-09-29,Reference artifact (contract/skeleton/gate1/gate2 bundle extraction),Historical,Included,
364,workspace/w0-rebuild/artifacts/Karen_Home_Reference_Artifacts_v1/enterprise_real_estate_backend_gate2_x/enterprise_real_estate_backend_gate2/apps/api/src/modules/properties/presentation/properties.controller.ts,w0-rebuild/artifacts/Karen_Home_Reference_Artifacts_v1/enterprise_real_estate_backend_gate2_x/enterprise_real_estate_backend_gate2/apps/api/src/modules/properties/presentation/properties.controller.ts,properties.controller.ts,ts,1520,a256e6ac11fd27629c8a4b692e1561baaf2ff79d368419c8de18e4ac54de9a71,Reference Input,reference,Gate 0-R,df45d69,2026-09-29,Reference artifact (contract/skeleton/gate1/gate2 bundle extraction),Historical,Included,
365,workspace/w0-rebuild/artifacts/Karen_Home_Reference_Artifacts_v1/enterprise_real_estate_backend_gate2_x/enterprise_real_estate_backend_gate2/apps/api/src/modules/properties/properties.module.ts,w0-rebuild/artifacts/Karen_Home_Reference_Artifacts_v1/enterprise_real_estate_backend_gate2_x/enterprise_real_estate_backend_gate2/apps/api/src/modules/properties/properties.module.ts,properties.module.ts,ts,514,9610e349bfca78d5579d9014eaafe6ed24eb08e7741cfc4947ac54f96aeeda98,Reference Input,reference,Gate 0-R,df45d69,2026-09-29,Reference artifact (contract/skeleton/gate1/gate2 bundle extraction),Historical,Included,
366,workspace/w0-rebuild/artifacts/Karen_Home_Reference_Artifacts_v1/enterprise_real_estate_backend_gate2_x/enterprise_real_estate_backend_gate2/apps/api/src/modules/search/presentation/search.controller.ts,w0-rebuild/artifacts/Karen_Home_Reference_Artifacts_v1/enterprise_real_estate_backend_gate2_x/enterprise_real_estate_backend_gate2/apps/api/src/modules/search/presentation/search.controller.ts,search.controller.ts,ts,286,ffcc123dda9a442e7ca514f6629b8a62244cc559b9f607b0a3937b8ce0c118bf,Reference Input,reference,Gate 0-R,df45d69,2026-09-29,Reference artifact (contract/skeleton/gate1/gate2 bundle extraction),Historical,Included,
367,workspace/w0-rebuild/artifacts/Karen_Home_Reference_Artifacts_v1/enterprise_real_estate_backend_gate2_x/enterprise_real_estate_backend_gate2/apps/api/src/modules/search/search.module.ts,w0-rebuild/artifacts/Karen_Home_Reference_Artifacts_v1/enterprise_real_estate_backend_gate2_x/enterprise_real_estate_backend_gate2/apps/api/src/modules/search/search.module.ts,search.module.ts,ts,181,4d4752f65a8b8dce2dff859d6bd0b34feb6d80aa5761d89ca66940ae07ed908a,Reference Input,reference,Gate 0-R,df45d69,2026-09-29,Reference artifact (contract/skeleton/gate1/gate2 bundle extraction),Historical,Included,
368,workspace/w0-rebuild/artifacts/Karen_Home_Reference_Artifacts_v1/enterprise_real_estate_backend_gate2_x/enterprise_real_estate_backend_gate2/apps/api/test/iam.service.spec.ts,w0-rebuild/artifacts/Karen_Home_Reference_Artifacts_v1/enterprise_real_estate_backend_gate2_x/enterprise_real_estate_backend_gate2/apps/api/test/iam.service.spec.ts,iam.service.spec.ts,ts,657,3861246b378d1b295258a35e901a67036444e9602e8b82547626590f02e8cd85,Reference Input,reference,Gate 0-R,df45d69,2026-09-29,Reference artifact (contract/skeleton/gate1/gate2 bundle extraction),Historical,Included,
369,workspace/w0-rebuild/artifacts/Karen_Home_Reference_Artifacts_v1/enterprise_real_estate_backend_gate2_x/enterprise_real_estate_backend_gate2/apps/api/test/integration/db.integration.spec.ts,w0-rebuild/artifacts/Karen_Home_Reference_Artifacts_v1/enterprise_real_estate_backend_gate2_x/enterprise_real_estate_backend_gate2/apps/api/test/integration/db.integration.spec.ts,db.integration.spec.ts,ts,536,f30aaf04fbea0ab0574715de94ed89ce15f83f2e3d2a6484ee3d9b9d70ffb4dd,Reference Input,reference,Gate 0-R,df45d69,2026-09-29,Reference artifact (contract/skeleton/gate1/gate2 bundle extraction),Historical,Included,
370,workspace/w0-rebuild/artifacts/Karen_Home_Reference_Artifacts_v1/enterprise_real_estate_backend_gate2_x/enterprise_real_estate_backend_gate2/apps/api/test/jest-e2e.json,w0-rebuild/artifacts/Karen_Home_Reference_Artifacts_v1/enterprise_real_estate_backend_gate2_x/enterprise_real_estate_backend_gate2/apps/api/test/jest-e2e.json,jest-e2e.json,json,242,c1acdb73764f2beb2365a388ef88c1256f1be321d62de05a1ce713d1b73d7f11,Reference Input,reference,Gate 0-R,df45d69,2026-09-29,Reference artifact (contract/skeleton/gate1/gate2 bundle extraction),Historical,Included,
371,workspace/w0-rebuild/artifacts/Karen_Home_Reference_Artifacts_v1/enterprise_real_estate_backend_gate2_x/enterprise_real_estate_backend_gate2/apps/api/test/jest-integration.json,w0-rebuild/artifacts/Karen_Home_Reference_Artifacts_v1/enterprise_real_estate_backend_gate2_x/enterprise_real_estate_backend_gate2/apps/api/test/jest-integration.json,jest-integration.json,json,254,a357df6a6736301786ba4d054f7d5c4b7306695ff23cc7dfc604617fb0af974a,Reference Input,reference,Gate 0-R,df45d69,2026-09-29,Reference artifact (contract/skeleton/gate1/gate2 bundle extraction),Historical,Included,
372,workspace/w0-rebuild/artifacts/Karen_Home_Reference_Artifacts_v1/enterprise_real_estate_backend_gate2_x/enterprise_real_estate_backend_gate2/apps/api/test/listing-state.machine.spec.ts,w0-rebuild/artifacts/Karen_Home_Reference_Artifacts_v1/enterprise_real_estate_backend_gate2_x/enterprise_real_estate_backend_gate2/apps/api/test/listing-state.machine.spec.ts,listing-state.machine.spec.ts,ts,809,55912d22bdae95f7ef1d64935afc6f2d2f7637057a09b658889c3598e95af283,Reference Input,reference,Gate 0-R,df45d69,2026-09-29,Reference artifact (contract/skeleton/gate1/gate2 bundle extraction),Historical,Included,
373,workspace/w0-rebuild/artifacts/Karen_Home_Reference_Artifacts_v1/enterprise_real_estate_backend_gate2_x/enterprise_real_estate_backend_gate2/apps/api/test/property.repository.contract.spec.ts,w0-rebuild/artifacts/Karen_Home_Reference_Artifacts_v1/enterprise_real_estate_backend_gate2_x/enterprise_real_estate_backend_gate2/apps/api/test/property.repository.contract.spec.ts,property.repository.contract.spec.ts,ts,367,583526b10b583f1bacfa0a00ceaa36535e506806921f8d607f0f3e2cdbe23da8,Reference Input,reference,Gate 0-R,df45d69,2026-09-29,Reference artifact (contract/skeleton/gate1/gate2 bundle extraction),Historical,Included,
374,workspace/w0-rebuild/artifacts/Karen_Home_Reference_Artifacts_v1/enterprise_real_estate_backend_gate2_x/enterprise_real_estate_backend_gate2/apps/api/tsconfig.json,w0-rebuild/artifacts/Karen_Home_Reference_Artifacts_v1/enterprise_real_estate_backend_gate2_x/enterprise_real_estate_backend_gate2/apps/api/tsconfig.json,tsconfig.json,json,331,806dda9b70fb9b336185645c4763ba0bc6509d6c587af25f5b8b2ab9df106b57,Reference Input,reference,Gate 0-R,df45d69,2026-09-29,Reference artifact (contract/skeleton/gate1/gate2 bundle extraction),Historical,Included,
375,workspace/w0-rebuild/artifacts/Karen_Home_Reference_Artifacts_v1/enterprise_real_estate_backend_gate2_x/enterprise_real_estate_backend_gate2/database/base/enterprise_real_estate_schema_frozen_v1.sql,w0-rebuild/artifacts/Karen_Home_Reference_Artifacts_v1/enterprise_real_estate_backend_gate2_x/enterprise_real_estate_backend_gate2/database/base/enterprise_real_estate_schema_frozen_v1.sql,enterprise_real_estate_schema_frozen_v1.sql,sql,93699,166dc3b0134538819db064d871dca6950c267dc9708f79c4fcd018617dd51e30,Reference Input,reference,Gate 0-R,df45d69,2026-09-29,Reference artifact (contract/skeleton/gate1/gate2 bundle extraction),Historical,Included,
376,workspace/w0-rebuild/artifacts/Karen_Home_Reference_Artifacts_v1/enterprise_real_estate_backend_gate2_x/enterprise_real_estate_backend_gate2/database/errata/0024_backend_critical_hardening.sql,w0-rebuild/artifacts/Karen_Home_Reference_Artifacts_v1/enterprise_real_estate_backend_gate2_x/enterprise_real_estate_backend_gate2/database/errata/0024_backend_critical_hardening.sql,0024_backend_critical_hardening.sql,sql,5280,f2de8d451475ecaffc5ff75563c70780434a481cf649241766d57eed2764f898,Reference Input,reference,Gate 0-R,df45d69,2026-09-29,Reference artifact (contract/skeleton/gate1/gate2 bundle extraction),Historical,Included,
377,workspace/w0-rebuild/artifacts/Karen_Home_Reference_Artifacts_v1/enterprise_real_estate_backend_gate2_x/enterprise_real_estate_backend_gate2/database/errata/0025_additional_indexes.sql,w0-rebuild/artifacts/Karen_Home_Reference_Artifacts_v1/enterprise_real_estate_backend_gate2_x/enterprise_real_estate_backend_gate2/database/errata/0025_additional_indexes.sql,0025_additional_indexes.sql,sql,422,9064790b6038d90f8eae7683a8818f04ccdb002d672862728b0001256629bae9,Reference Input,reference,Gate 0-R,df45d69,2026-09-29,Reference artifact (contract/skeleton/gate1/gate2 bundle extraction),Historical,Included,
378,workspace/w0-rebuild/artifacts/Karen_Home_Reference_Artifacts_v1/enterprise_real_estate_backend_gate2_x/enterprise_real_estate_backend_gate2/database/errata/0026_outbox_claiming.sql,w0-rebuild/artifacts/Karen_Home_Reference_Artifacts_v1/enterprise_real_estate_backend_gate2_x/enterprise_real_estate_backend_gate2/database/errata/0026_outbox_claiming.sql,0026_outbox_claiming.sql,sql,277,1600280b3f639a76cc754d4ffe26d7c2d4ce075edd513a8a9605519e687c510e,Reference Input,reference,Gate 0-R,df45d69,2026-09-29,Reference artifact (contract/skeleton/gate1/gate2 bundle extraction),Historical,Included,
379,workspace/w0-rebuild/artifacts/Karen_Home_Reference_Artifacts_v1/enterprise_real_estate_backend_gate2_x/enterprise_real_estate_backend_gate2/database/verify/critical-invariants.sql,w0-rebuild/artifacts/Karen_Home_Reference_Artifacts_v1/enterprise_real_estate_backend_gate2_x/enterprise_real_estate_backend_gate2/database/verify/critical-invariants.sql,critical-invariants.sql,sql,832,0d8f44490f93385c860e3c9ebfc690494f6c42c9ec5e80ee540e4d90cb0b6026,Reference Input,reference,Gate 0-R,df45d69,2026-09-29,Reference artifact (contract/skeleton/gate1/gate2 bundle extraction),Historical,Included,
380,workspace/w0-rebuild/artifacts/Karen_Home_Reference_Artifacts_v1/enterprise_real_estate_backend_gate2_x/enterprise_real_estate_backend_gate2/docker-compose.postgres.yml,w0-rebuild/artifacts/Karen_Home_Reference_Artifacts_v1/enterprise_real_estate_backend_gate2_x/enterprise_real_estate_backend_gate2/docker-compose.postgres.yml,docker-compose.postgres.yml,yml,455,e0eb695653211fcff6a82f01bb4851447186479ab3e74d21c9ea622779fc7f70,Reference Input,reference,Gate 0-R,df45d69,2026-09-29,Reference artifact (contract/skeleton/gate1/gate2 bundle extraction),Historical,Included,REDACTED in exported copy (dev default password) — original not exported
381,workspace/w0-rebuild/artifacts/Karen_Home_Reference_Artifacts_v1/enterprise_real_estate_backend_gate2_x/enterprise_real_estate_backend_gate2/docs/API_CONTRACT_DELTA_GATE2.md,w0-rebuild/artifacts/Karen_Home_Reference_Artifacts_v1/enterprise_real_estate_backend_gate2_x/enterprise_real_estate_backend_gate2/docs/API_CONTRACT_DELTA_GATE2.md,API_CONTRACT_DELTA_GATE2.md,md,870,250179f4da66bb712d3f408ae41398cc591879cbcaac12070ad029d199b7ab9e,Reference Input,reference,Gate 0-R,df45d69,2026-09-29,Reference artifact (contract/skeleton/gate1/gate2 bundle extraction),Historical,Included,
382,workspace/w0-rebuild/artifacts/Karen_Home_Reference_Artifacts_v1/enterprise_real_estate_backend_gate2_x/enterprise_real_estate_backend_gate2/docs/DEEP_AUDIT_GATE1_FILE_BY_FILE.md,w0-rebuild/artifacts/Karen_Home_Reference_Artifacts_v1/enterprise_real_estate_backend_gate2_x/enterprise_real_estate_backend_gate2/docs/DEEP_AUDIT_GATE1_FILE_BY_FILE.md,DEEP_AUDIT_GATE1_FILE_BY_FILE.md,md,10282,903e847c7aeae539c6c71f073588ea028028e13074264bb2ed3631db598832c2,Reference Input,reference,Gate 0-R,df45d69,2026-09-29,Reference artifact (contract/skeleton/gate1/gate2 bundle extraction),Historical,Included,
383,workspace/w0-rebuild/artifacts/Karen_Home_Reference_Artifacts_v1/enterprise_real_estate_backend_gate2_x/enterprise_real_estate_backend_gate2/docs/FILE_INVENTORY_GATE2.txt,w0-rebuild/artifacts/Karen_Home_Reference_Artifacts_v1/enterprise_real_estate_backend_gate2_x/enterprise_real_estate_backend_gate2/docs/FILE_INVENTORY_GATE2.txt,FILE_INVENTORY_GATE2.txt,txt,3501,7ec75081a861f3f5ca56334736636a8678cfcb51b42da9b8358babe6db0827e8,Reference Input,reference,Gate 0-R,df45d69,2026-09-29,Reference artifact (contract/skeleton/gate1/gate2 bundle extraction),Historical,Included,
384,workspace/w0-rebuild/artifacts/Karen_Home_Reference_Artifacts_v1/enterprise_real_estate_backend_gate2_x/enterprise_real_estate_backend_gate2/docs/GATE2_CORE_DOMAIN.md,w0-rebuild/artifacts/Karen_Home_Reference_Artifacts_v1/enterprise_real_estate_backend_gate2_x/enterprise_real_estate_backend_gate2/docs/GATE2_CORE_DOMAIN.md,GATE2_CORE_DOMAIN.md,md,1384,aa2f41cf36d5dd0c3c036b11d7403f53f91e6295346bee71d0f5c72d664af2fc,Reference Input,reference,Gate 0-R,df45d69,2026-09-29,Reference artifact (contract/skeleton/gate1/gate2 bundle extraction),Historical,Included,
385,workspace/w0-rebuild/artifacts/Karen_Home_Reference_Artifacts_v1/enterprise_real_estate_backend_gate2_x/enterprise_real_estate_backend_gate2/docs/GATE2_MANIFEST.md,w0-rebuild/artifacts/Karen_Home_Reference_Artifacts_v1/enterprise_real_estate_backend_gate2_x/enterprise_real_estate_backend_gate2/docs/GATE2_MANIFEST.md,GATE2_MANIFEST.md,md,1367,f31e55762acaa8fa78b8f7dd82b485d59b5cd167fdef506ef184b3b469fc6010,Reference Input,reference,Gate 0-R,df45d69,2026-09-29,Reference artifact (contract/skeleton/gate1/gate2 bundle extraction),Historical,Included,
386,workspace/w0-rebuild/artifacts/Karen_Home_Reference_Artifacts_v1/enterprise_real_estate_backend_gate2_x/enterprise_real_estate_backend_gate2/docs/IMPLEMENTATION_GATE_1.md,w0-rebuild/artifacts/Karen_Home_Reference_Artifacts_v1/enterprise_real_estate_backend_gate2_x/enterprise_real_estate_backend_gate2/docs/IMPLEMENTATION_GATE_1.md,IMPLEMENTATION_GATE_1.md,md,114,8fd3ab6e54d9feec18497b1b0789c62868124fdd660e4fbbe3000f3b85ecfbaa,Reference Input,reference,Gate 0-R,df45d69,2026-09-29,Reference artifact (contract/skeleton/gate1/gate2 bundle extraction),Historical,Included,
387,workspace/w0-rebuild/artifacts/Karen_Home_Reference_Artifacts_v1/enterprise_real_estate_backend_gate2_x/enterprise_real_estate_backend_gate2/docs/IMPLEMENTATION_GATE_2.md,w0-rebuild/artifacts/Karen_Home_Reference_Artifacts_v1/enterprise_real_estate_backend_gate2_x/enterprise_real_estate_backend_gate2/docs/IMPLEMENTATION_GATE_2.md,IMPLEMENTATION_GATE_2.md,md,288,bd83a69f8d244e862f696f0611080186629afbef13e67425e3cf28f7020d6e99,Reference Input,reference,Gate 0-R,df45d69,2026-09-29,Reference artifact (contract/skeleton/gate1/gate2 bundle extraction),Historical,Included,
388,workspace/w0-rebuild/artifacts/Karen_Home_Reference_Artifacts_v1/enterprise_real_estate_backend_gate2_x/enterprise_real_estate_backend_gate2/docs/IMPLEMENTATION_STATUS.md,w0-rebuild/artifacts/Karen_Home_Reference_Artifacts_v1/enterprise_real_estate_backend_gate2_x/enterprise_real_estate_backend_gate2/docs/IMPLEMENTATION_STATUS.md,IMPLEMENTATION_STATUS.md,md,583,2e337964b849047e314a418d24906f89c843f0dd010c286d303749c68c508991,Reference Input,reference,Gate 0-R,df45d69,2026-09-29,Reference artifact (contract/skeleton/gate1/gate2 bundle extraction),Historical,Included,
389,workspace/w0-rebuild/artifacts/Karen_Home_Reference_Artifacts_v1/enterprise_real_estate_backend_gate2_x/enterprise_real_estate_backend_gate2/docs/NEXT_GATE.md,w0-rebuild/artifacts/Karen_Home_Reference_Artifacts_v1/enterprise_real_estate_backend_gate2_x/enterprise_real_estate_backend_gate2/docs/NEXT_GATE.md,NEXT_GATE.md,md,176,9b2bbe36ae6997dc3641bcf820bc7c799207fe8946d2934571067d972a1e65d7,Reference Input,reference,Gate 0-R,df45d69,2026-09-29,Reference artifact (contract/skeleton/gate1/gate2 bundle extraction),Historical,Included,
390,workspace/w0-rebuild/artifacts/Karen_Home_Reference_Artifacts_v1/enterprise_real_estate_backend_gate2_x/enterprise_real_estate_backend_gate2/docs/SCHEMA_ERRATA_1_1.md,w0-rebuild/artifacts/Karen_Home_Reference_Artifacts_v1/enterprise_real_estate_backend_gate2_x/enterprise_real_estate_backend_gate2/docs/SCHEMA_ERRATA_1_1.md,SCHEMA_ERRATA_1_1.md,md,966,114d79921cd4feb1d7959f55d8ec4600d8d425586f9d3285ec9413147648fef4,Reference Input,reference,Gate 0-R,df45d69,2026-09-29,Reference artifact (contract/skeleton/gate1/gate2 bundle extraction),Historical,Included,
391,workspace/w0-rebuild/artifacts/Karen_Home_Reference_Artifacts_v1/enterprise_real_estate_backend_gate2_x/enterprise_real_estate_backend_gate2/docs/SHA256SUMS.txt,w0-rebuild/artifacts/Karen_Home_Reference_Artifacts_v1/enterprise_real_estate_backend_gate2_x/enterprise_real_estate_backend_gate2/docs/SHA256SUMS.txt,SHA256SUMS.txt,txt,9025,6cc65964715c9e7d87522272b0613186fdc7abed4f9dcc163422a7d5f2fcdb6c,Reference Input,reference,Gate 0-R,df45d69,2026-09-29,Reference artifact (contract/skeleton/gate1/gate2 bundle extraction),Historical,Included,
392,workspace/w0-rebuild/artifacts/Karen_Home_Reference_Artifacts_v1/enterprise_real_estate_backend_gate2_x/enterprise_real_estate_backend_gate2/docs/STATIC_REVIEW_CHECKS.md,w0-rebuild/artifacts/Karen_Home_Reference_Artifacts_v1/enterprise_real_estate_backend_gate2_x/enterprise_real_estate_backend_gate2/docs/STATIC_REVIEW_CHECKS.md,STATIC_REVIEW_CHECKS.md,md,1189,0dbc512990eed73fffeda31d83f8f8feed5642d3800ab2de5393abb7973b7175,Reference Input,reference,Gate 0-R,df45d69,2026-09-29,Reference artifact (contract/skeleton/gate1/gate2 bundle extraction),Historical,Included,
393,workspace/w0-rebuild/artifacts/Karen_Home_Reference_Artifacts_v1/enterprise_real_estate_backend_gate2_x/enterprise_real_estate_backend_gate2/docs/STATIC_TS_SYNTAX_REPORT.json,w0-rebuild/artifacts/Karen_Home_Reference_Artifacts_v1/enterprise_real_estate_backend_gate2_x/enterprise_real_estate_backend_gate2/docs/STATIC_TS_SYNTAX_REPORT.json,STATIC_TS_SYNTAX_REPORT.json,json,31,c020bd9d052a211452d137fe189a34016481317de8ade82e20626081efff6a57,Reference Input,reference,Gate 0-R,df45d69,2026-09-29,Reference artifact (contract/skeleton/gate1/gate2 bundle extraction),Historical,Included,
394,workspace/w0-rebuild/artifacts/Karen_Home_Reference_Artifacts_v1/enterprise_real_estate_backend_gate2_x/enterprise_real_estate_backend_gate2/package.json,w0-rebuild/artifacts/Karen_Home_Reference_Artifacts_v1/enterprise_real_estate_backend_gate2_x/enterprise_real_estate_backend_gate2/package.json,package.json,json,656,7057bd46ed0cb79d8a184f8d609e85dacfa59d52158841827b6dc081fa0e3f6f,Reference Input,reference,Gate 0-R,df45d69,2026-09-29,Reference artifact (contract/skeleton/gate1/gate2 bundle extraction),Historical,Included,
395,workspace/w0-rebuild/artifacts/Karen_Home_Reference_Artifacts_v1/enterprise_real_estate_backend_gate2_x/enterprise_real_estate_backend_gate2/packages/contracts/package.json,w0-rebuild/artifacts/Karen_Home_Reference_Artifacts_v1/enterprise_real_estate_backend_gate2_x/enterprise_real_estate_backend_gate2/packages/contracts/package.json,package.json,json,240,660e7ef2d4e3512cc51635d07c6db19c8dbecd752b121df0933c7da069720332,Reference Input,reference,Gate 0-R,df45d69,2026-09-29,Reference artifact (contract/skeleton/gate1/gate2 bundle extraction),Historical,Included,
396,workspace/w0-rebuild/artifacts/Karen_Home_Reference_Artifacts_v1/enterprise_real_estate_backend_gate2_x/enterprise_real_estate_backend_gate2/packages/contracts/src/index.ts,w0-rebuild/artifacts/Karen_Home_Reference_Artifacts_v1/enterprise_real_estate_backend_gate2_x/enterprise_real_estate_backend_gate2/packages/contracts/src/index.ts,index.ts,ts,561,51cc16daa1bfc0ca4a1fd6698f30cce9a0e50ecd662f4e3d03ef11b5e06f505b,Reference Input,reference,Gate 0-R,df45d69,2026-09-29,Reference artifact (contract/skeleton/gate1/gate2 bundle extraction),Historical,Included,
397,workspace/w0-rebuild/artifacts/Karen_Home_Reference_Artifacts_v1/enterprise_real_estate_backend_gate2_x/enterprise_real_estate_backend_gate2/packages/contracts/tsconfig.json,w0-rebuild/artifacts/Karen_Home_Reference_Artifacts_v1/enterprise_real_estate_backend_gate2_x/enterprise_real_estate_backend_gate2/packages/contracts/tsconfig.json,tsconfig.json,json,286,89b84208b883bd999233174b1ff4c1c94ff75db04cc2e511f579b37a10e79b4c,Reference Input,reference,Gate 0-R,df45d69,2026-09-29,Reference artifact (contract/skeleton/gate1/gate2 bundle extraction),Historical,Included,
398,workspace/w0-rebuild/artifacts/Karen_Home_Reference_Artifacts_v1/enterprise_real_estate_backend_gate2_x/enterprise_real_estate_backend_gate2/packages/db/package.json,w0-rebuild/artifacts/Karen_Home_Reference_Artifacts_v1/enterprise_real_estate_backend_gate2_x/enterprise_real_estate_backend_gate2/packages/db/package.json,package.json,json,367,6eadbba2ee4a3938a85b3cb78f2693e52fc647054f19f77aad11403889af0f56,Reference Input,reference,Gate 0-R,df45d69,2026-09-29,Reference artifact (contract/skeleton/gate1/gate2 bundle extraction),Historical,Included,
399,workspace/w0-rebuild/artifacts/Karen_Home_Reference_Artifacts_v1/enterprise_real_estate_backend_gate2_x/enterprise_real_estate_backend_gate2/packages/db/src/README.md,w0-rebuild/artifacts/Karen_Home_Reference_Artifacts_v1/enterprise_real_estate_backend_gate2_x/enterprise_real_estate_backend_gate2/packages/db/src/README.md,README.md,md,293,4852ae52a10eeecfaa43a9b590686df6aba35c8658b157dc260978b17a9ed221,Reference Input,reference,Gate 0-R,df45d69,2026-09-29,Reference artifact (contract/skeleton/gate1/gate2 bundle extraction),Historical,Included,
400,workspace/w0-rebuild/artifacts/Karen_Home_Reference_Artifacts_v1/enterprise_real_estate_backend_gate2_x/enterprise_real_estate_backend_gate2/packages/db/src/audit-repository.ts,w0-rebuild/artifacts/Karen_Home_Reference_Artifacts_v1/enterprise_real_estate_backend_gate2_x/enterprise_real_estate_backend_gate2/packages/db/src/audit-repository.ts,audit-repository.ts,ts,1079,b89b9401e07e9aef96e13652905fdbd0c7dd1c369488affeea848b517b878550,Reference Input,reference,Gate 0-R,df45d69,2026-09-29,Reference artifact (contract/skeleton/gate1/gate2 bundle extraction),Historical,Included,
401,workspace/w0-rebuild/artifacts/Karen_Home_Reference_Artifacts_v1/enterprise_real_estate_backend_gate2_x/enterprise_real_estate_backend_gate2/packages/db/src/iam-repository.ts,w0-rebuild/artifacts/Karen_Home_Reference_Artifacts_v1/enterprise_real_estate_backend_gate2_x/enterprise_real_estate_backend_gate2/packages/db/src/iam-repository.ts,iam-repository.ts,ts,8953,d1d6c4d3eb8f5878e55ea84f9967f29d020a4cbd151c36de785ef34569d3fc71,Reference Input,reference,Gate 0-R,df45d69,2026-09-29,Reference artifact (contract/skeleton/gate1/gate2 bundle extraction),Historical,Included,
402,workspace/w0-rebuild/artifacts/Karen_Home_Reference_Artifacts_v1/enterprise_real_estate_backend_gate2_x/enterprise_real_estate_backend_gate2/packages/db/src/index.ts,w0-rebuild/artifacts/Karen_Home_Reference_Artifacts_v1/enterprise_real_estate_backend_gate2_x/enterprise_real_estate_backend_gate2/packages/db/src/index.ts,index.ts,ts,221,8d3b772006e84f5749033ad3b4bb8453590f5e194f2ca51d58bc4b28b9742fc4,Reference Input,reference,Gate 0-R,df45d69,2026-09-29,Reference artifact (contract/skeleton/gate1/gate2 bundle extraction),Historical,Included,
403,workspace/w0-rebuild/artifacts/Karen_Home_Reference_Artifacts_v1/enterprise_real_estate_backend_gate2_x/enterprise_real_estate_backend_gate2/packages/db/src/listing-repository.ts,w0-rebuild/artifacts/Karen_Home_Reference_Artifacts_v1/enterprise_real_estate_backend_gate2_x/enterprise_real_estate_backend_gate2/packages/db/src/listing-repository.ts,listing-repository.ts,ts,8632,f9f46f952407c27ebbf97979c89adb508a805942b524e4265fa7de0163d880d5,Reference Input,reference,Gate 0-R,df45d69,2026-09-29,Reference artifact (contract/skeleton/gate1/gate2 bundle extraction),Historical,Included,
404,workspace/w0-rebuild/artifacts/Karen_Home_Reference_Artifacts_v1/enterprise_real_estate_backend_gate2_x/enterprise_real_estate_backend_gate2/packages/db/src/outbox-repository.ts,w0-rebuild/artifacts/Karen_Home_Reference_Artifacts_v1/enterprise_real_estate_backend_gate2_x/enterprise_real_estate_backend_gate2/packages/db/src/outbox-repository.ts,outbox-repository.ts,ts,2407,77320d741110d5357ef327505eb799450f81ba16ea2b283f02dda2f5ed5dfa28,Reference Input,reference,Gate 0-R,df45d69,2026-09-29,Reference artifact (contract/skeleton/gate1/gate2 bundle extraction),Historical,Included,
405,workspace/w0-rebuild/artifacts/Karen_Home_Reference_Artifacts_v1/enterprise_real_estate_backend_gate2_x/enterprise_real_estate_backend_gate2/packages/db/src/postgres-database.ts,w0-rebuild/artifacts/Karen_Home_Reference_Artifacts_v1/enterprise_real_estate_backend_gate2_x/enterprise_real_estate_backend_gate2/packages/db/src/postgres-database.ts,postgres-database.ts,ts,2434,6c63fc67ca774f5b18384c1b74d7abeb50d21672aac1cc15e1d164b6588cae59,Reference Input,reference,Gate 0-R,df45d69,2026-09-29,Reference artifact (contract/skeleton/gate1/gate2 bundle extraction),Historical,Included,
406,workspace/w0-rebuild/artifacts/Karen_Home_Reference_Artifacts_v1/enterprise_real_estate_backend_gate2_x/enterprise_real_estate_backend_gate2/packages/db/src/property-repository.ts,w0-rebuild/artifacts/Karen_Home_Reference_Artifacts_v1/enterprise_real_estate_backend_gate2_x/enterprise_real_estate_backend_gate2/packages/db/src/property-repository.ts,property-repository.ts,ts,6141,201cdfe82c09a01ac1860343cf575d94f769fee99bc902af31145da1175fc06c,Reference Input,reference,Gate 0-R,df45d69,2026-09-29,Reference artifact (contract/skeleton/gate1/gate2 bundle extraction),Historical,Included,
407,workspace/w0-rebuild/artifacts/Karen_Home_Reference_Artifacts_v1/enterprise_real_estate_backend_gate2_x/enterprise_real_estate_backend_gate2/packages/db/tsconfig.json,w0-rebuild/artifacts/Karen_Home_Reference_Artifacts_v1/enterprise_real_estate_backend_gate2_x/enterprise_real_estate_backend_gate2/packages/db/tsconfig.json,tsconfig.json,json,309,4ba87aeb53eb637bbfaada247a414c1e859e47c838d667795c837e4309a4a542,Reference Input,reference,Gate 0-R,df45d69,2026-09-29,Reference artifact (contract/skeleton/gate1/gate2 bundle extraction),Historical,Included,
408,workspace/w0-rebuild/artifacts/Karen_Home_Reference_Artifacts_v1/enterprise_real_estate_backend_gate2_x/enterprise_real_estate_backend_gate2/pnpm-workspace.yaml,w0-rebuild/artifacts/Karen_Home_Reference_Artifacts_v1/enterprise_real_estate_backend_gate2_x/enterprise_real_estate_backend_gate2/pnpm-workspace.yaml,pnpm-workspace.yaml,yaml,36,253208fa7c1b64372c219b9e19cef15ed70ca93b66a4d5c4c4d2297a5aff8880,Reference Input,reference,Gate 0-R,df45d69,2026-09-29,Reference artifact (contract/skeleton/gate1/gate2 bundle extraction),Historical,Included,
409,workspace/w0-rebuild/artifacts/Karen_Home_Reference_Artifacts_v1/enterprise_real_estate_backend_gate2_x/enterprise_real_estate_backend_gate2/scripts/apply-schema.sh,w0-rebuild/artifacts/Karen_Home_Reference_Artifacts_v1/enterprise_real_estate_backend_gate2_x/enterprise_real_estate_backend_gate2/scripts/apply-schema.sh,apply-schema.sh,sh,636,669dd5a20a4dfed22f42b70d50c1b8da32d3fe262154b84cfdbe6fe277ebb775,Reference Input,reference,Gate 0-R,df45d69,2026-09-29,Reference artifact (contract/skeleton/gate1/gate2 bundle extraction),Historical,Included,
410,workspace/w0-rebuild/artifacts/Karen_Home_Reference_Artifacts_v1/enterprise_real_estate_backend_skeleton_v1_x/enterprise_real_estate_backend_skeleton_v1/apps/api/package.json,w0-rebuild/artifacts/Karen_Home_Reference_Artifacts_v1/enterprise_real_estate_backend_skeleton_v1_x/enterprise_real_estate_backend_skeleton_v1/apps/api/package.json,package.json,json,471,f4409460f3fe769f323aa5a1a41f3a8a10d97f6f2ec95d7c231ae0cdf886a05d,Reference Input,reference,Gate 0-R,df45d69,2026-09-29,Reference artifact (contract/skeleton/gate1/gate2 bundle extraction),Historical,Included,
411,workspace/w0-rebuild/artifacts/Karen_Home_Reference_Artifacts_v1/enterprise_real_estate_backend_skeleton_v1_x/enterprise_real_estate_backend_skeleton_v1/apps/api/src/app.module.ts,w0-rebuild/artifacts/Karen_Home_Reference_Artifacts_v1/enterprise_real_estate_backend_skeleton_v1_x/enterprise_real_estate_backend_skeleton_v1/apps/api/src/app.module.ts,app.module.ts,ts,416,51edb58cc547f341587fcfcdbdeec23c0e774165968405206245da75aad21abe,Reference Input,reference,Gate 0-R,df45d69,2026-09-29,Reference artifact (contract/skeleton/gate1/gate2 bundle extraction),Historical,Included,
412,workspace/w0-rebuild/artifacts/Karen_Home_Reference_Artifacts_v1/enterprise_real_estate_backend_skeleton_v1_x/enterprise_real_estate_backend_skeleton_v1/apps/api/src/main.ts,w0-rebuild/artifacts/Karen_Home_Reference_Artifacts_v1/enterprise_real_estate_backend_skeleton_v1_x/enterprise_real_estate_backend_skeleton_v1/apps/api/src/main.ts,main.ts,ts,874,36ff9abb86372c81cb0346608fa63686f25233ee6fa85fcdb987166eeb853412,Reference Input,reference,Gate 0-R,df45d69,2026-09-29,Reference artifact (contract/skeleton/gate1/gate2 bundle extraction),Historical,Included,
413,workspace/w0-rebuild/artifacts/Karen_Home_Reference_Artifacts_v1/enterprise_real_estate_backend_skeleton_v1_x/enterprise_real_estate_backend_skeleton_v1/apps/api/src/modules/health/health.module.ts,w0-rebuild/artifacts/Karen_Home_Reference_Artifacts_v1/enterprise_real_estate_backend_skeleton_v1_x/enterprise_real_estate_backend_skeleton_v1/apps/api/src/modules/health/health.module.ts,health.module.ts,ts,238,e5442f6039fdb4f9e3eb1210559d01a205ad99edef40cd703e81ff376e2c2ad2,Reference Input,reference,Gate 0-R,df45d69,2026-09-29,Reference artifact (contract/skeleton/gate1/gate2 bundle extraction),Historical,Included,
414,workspace/w0-rebuild/artifacts/Karen_Home_Reference_Artifacts_v1/enterprise_real_estate_backend_skeleton_v1_x/enterprise_real_estate_backend_skeleton_v1/apps/api/src/modules/listings/listings.module.ts,w0-rebuild/artifacts/Karen_Home_Reference_Artifacts_v1/enterprise_real_estate_backend_skeleton_v1_x/enterprise_real_estate_backend_skeleton_v1/apps/api/src/modules/listings/listings.module.ts,listings.module.ts,ts,189,4888be8f67880e51560fd94d9e6883505580dbe51a5f20177db6cc1d40f2e760,Reference Input,reference,Gate 0-R,df45d69,2026-09-29,Reference artifact (contract/skeleton/gate1/gate2 bundle extraction),Historical,Included,
415,workspace/w0-rebuild/artifacts/Karen_Home_Reference_Artifacts_v1/enterprise_real_estate_backend_skeleton_v1_x/enterprise_real_estate_backend_skeleton_v1/apps/api/src/modules/listings/presentation/listings.controller.ts,w0-rebuild/artifacts/Karen_Home_Reference_Artifacts_v1/enterprise_real_estate_backend_skeleton_v1_x/enterprise_real_estate_backend_skeleton_v1/apps/api/src/modules/listings/presentation/listings.controller.ts,listings.controller.ts,ts,363,24df2a61f433c207ae8ddcc6b7b196b3cf5ac5925dd6309c41610beee33f3efe,Reference Input,reference,Gate 0-R,df45d69,2026-09-29,Reference artifact (contract/skeleton/gate1/gate2 bundle extraction),Historical,Included,
416,workspace/w0-rebuild/artifacts/Karen_Home_Reference_Artifacts_v1/enterprise_real_estate_backend_skeleton_v1_x/enterprise_real_estate_backend_skeleton_v1/apps/api/src/modules/properties/application/create-property.handler.ts,w0-rebuild/artifacts/Karen_Home_Reference_Artifacts_v1/enterprise_real_estate_backend_skeleton_v1_x/enterprise_real_estate_backend_skeleton_v1/apps/api/src/modules/properties/application/create-property.handler.ts,create-property.handler.ts,ts,572,39da76e497be4ff4e17fd73c4de9fdf66880b3596e1114f13abd48425288c59d,Reference Input,reference,Gate 0-R,df45d69,2026-09-29,Reference artifact (contract/skeleton/gate1/gate2 bundle extraction),Historical,Included,
417,workspace/w0-rebuild/artifacts/Karen_Home_Reference_Artifacts_v1/enterprise_real_estate_backend_skeleton_v1_x/enterprise_real_estate_backend_skeleton_v1/apps/api/src/modules/properties/domain/property.repository.ts,w0-rebuild/artifacts/Karen_Home_Reference_Artifacts_v1/enterprise_real_estate_backend_skeleton_v1_x/enterprise_real_estate_backend_skeleton_v1/apps/api/src/modules/properties/domain/property.repository.ts,property.repository.ts,ts,333,9a434be239114eb5f5e6e858d20369c4e3c80ea53a2ebae6b202a7b8c83e75a8,Reference Input,reference,Gate 0-R,df45d69,2026-09-29,Reference artifact (contract/skeleton/gate1/gate2 bundle extraction),Historical,Included,
418,workspace/w0-rebuild/artifacts/Karen_Home_Reference_Artifacts_v1/enterprise_real_estate_backend_skeleton_v1_x/enterprise_real_estate_backend_skeleton_v1/apps/api/src/modules/properties/infrastructure/in-memory-property.repository.ts,w0-rebuild/artifacts/Karen_Home_Reference_Artifacts_v1/enterprise_real_estate_backend_skeleton_v1_x/enterprise_real_estate_backend_skeleton_v1/apps/api/src/modules/properties/infrastructure/in-memory-property.repository.ts,in-memory-property.repository.ts,ts,352,3d7623e4468cd4b008708deb876a725bb378be40d313bc0ef968fb7d8b77070c,Reference Input,reference,Gate 0-R,df45d69,2026-09-29,Reference artifact (contract/skeleton/gate1/gate2 bundle extraction),Historical,Included,
419,workspace/w0-rebuild/artifacts/Karen_Home_Reference_Artifacts_v1/enterprise_real_estate_backend_skeleton_v1_x/enterprise_real_estate_backend_skeleton_v1/apps/api/src/modules/properties/presentation/dto/create-property.dto.ts,w0-rebuild/artifacts/Karen_Home_Reference_Artifacts_v1/enterprise_real_estate_backend_skeleton_v1_x/enterprise_real_estate_backend_skeleton_v1/apps/api/src/modules/properties/presentation/dto/create-property.dto.ts,create-property.dto.ts,ts,237,7f1abb8a7a1a77d2a8f98c7d2f90b7cf8e0fe1a6fd2b3a65b6f6097b9063453c,Reference Input,reference,Gate 0-R,df45d69,2026-09-29,Reference artifact (contract/skeleton/gate1/gate2 bundle extraction),Historical,Included,
420,workspace/w0-rebuild/artifacts/Karen_Home_Reference_Artifacts_v1/enterprise_real_estate_backend_skeleton_v1_x/enterprise_real_estate_backend_skeleton_v1/apps/api/src/modules/properties/presentation/properties.controller.ts,w0-rebuild/artifacts/Karen_Home_Reference_Artifacts_v1/enterprise_real_estate_backend_skeleton_v1_x/enterprise_real_estate_backend_skeleton_v1/apps/api/src/modules/properties/presentation/properties.controller.ts,properties.controller.ts,ts,500,8b006df5c778cd7d93a3191c533be983a89220ad11e8ac2ef3c7254c8d8bbb47,Reference Input,reference,Gate 0-R,df45d69,2026-09-29,Reference artifact (contract/skeleton/gate1/gate2 bundle extraction),Historical,Included,
421,workspace/w0-rebuild/artifacts/Karen_Home_Reference_Artifacts_v1/enterprise_real_estate_backend_skeleton_v1_x/enterprise_real_estate_backend_skeleton_v1/apps/api/src/modules/properties/properties.module.ts,w0-rebuild/artifacts/Karen_Home_Reference_Artifacts_v1/enterprise_real_estate_backend_skeleton_v1_x/enterprise_real_estate_backend_skeleton_v1/apps/api/src/modules/properties/properties.module.ts,properties.module.ts,ts,564,60e0d1c7c17dcdce7f685fdee2da52c6c70ec5669db2c6f5736f25de002c6e33,Reference Input,reference,Gate 0-R,df45d69,2026-09-29,Reference artifact (contract/skeleton/gate1/gate2 bundle extraction),Historical,Included,
422,workspace/w0-rebuild/artifacts/Karen_Home_Reference_Artifacts_v1/enterprise_real_estate_backend_skeleton_v1_x/enterprise_real_estate_backend_skeleton_v1/apps/api/src/modules/search/presentation/search.controller.ts,w0-rebuild/artifacts/Karen_Home_Reference_Artifacts_v1/enterprise_real_estate_backend_skeleton_v1_x/enterprise_real_estate_backend_skeleton_v1/apps/api/src/modules/search/presentation/search.controller.ts,search.controller.ts,ts,209,ea761a01ee451aa46bb94c29406367ef79729c76ae4aae55f33dfd4f295879f7,Reference Input,reference,Gate 0-R,df45d69,2026-09-29,Reference artifact (contract/skeleton/gate1/gate2 bundle extraction),Historical,Included,
423,workspace/w0-rebuild/artifacts/Karen_Home_Reference_Artifacts_v1/enterprise_real_estate_backend_skeleton_v1_x/enterprise_real_estate_backend_skeleton_v1/apps/api/src/modules/search/search.module.ts,w0-rebuild/artifacts/Karen_Home_Reference_Artifacts_v1/enterprise_real_estate_backend_skeleton_v1_x/enterprise_real_estate_backend_skeleton_v1/apps/api/src/modules/search/search.module.ts,search.module.ts,ts,181,4d4752f65a8b8dce2dff859d6bd0b34feb6d80aa5761d89ca66940ae07ed908a,Reference Input,reference,Gate 0-R,df45d69,2026-09-29,Reference artifact (contract/skeleton/gate1/gate2 bundle extraction),Historical,Included,
424,workspace/w0-rebuild/artifacts/Karen_Home_Reference_Artifacts_v1/enterprise_real_estate_backend_skeleton_v1_x/enterprise_real_estate_backend_skeleton_v1/apps/api/tsconfig.json,w0-rebuild/artifacts/Karen_Home_Reference_Artifacts_v1/enterprise_real_estate_backend_skeleton_v1_x/enterprise_real_estate_backend_skeleton_v1/apps/api/tsconfig.json,tsconfig.json,json,331,806dda9b70fb9b336185645c4763ba0bc6509d6c587af25f5b8b2ab9df106b57,Reference Input,reference,Gate 0-R,df45d69,2026-09-29,Reference artifact (contract/skeleton/gate1/gate2 bundle extraction),Historical,Included,
425,workspace/w0-rebuild/artifacts/Karen_Home_Reference_Artifacts_v1/enterprise_real_estate_backend_skeleton_v1_x/enterprise_real_estate_backend_skeleton_v1/docs/IMPLEMENTATION_STATUS.md,w0-rebuild/artifacts/Karen_Home_Reference_Artifacts_v1/enterprise_real_estate_backend_skeleton_v1_x/enterprise_real_estate_backend_skeleton_v1/docs/IMPLEMENTATION_STATUS.md,IMPLEMENTATION_STATUS.md,md,583,2e337964b849047e314a418d24906f89c843f0dd010c286d303749c68c508991,Reference Input,reference,Gate 0-R,df45d69,2026-09-29,Reference artifact (contract/skeleton/gate1/gate2 bundle extraction),Historical,Included,
426,workspace/w0-rebuild/artifacts/Karen_Home_Reference_Artifacts_v1/enterprise_real_estate_backend_skeleton_v1_x/enterprise_real_estate_backend_skeleton_v1/docs/NEXT_GATE.md,w0-rebuild/artifacts/Karen_Home_Reference_Artifacts_v1/enterprise_real_estate_backend_skeleton_v1_x/enterprise_real_estate_backend_skeleton_v1/docs/NEXT_GATE.md,NEXT_GATE.md,md,406,705150c31681255134a9757aa065ee5eb638ad858e2aab5353fa83146471d5b8,Reference Input,reference,Gate 0-R,df45d69,2026-09-29,Reference artifact (contract/skeleton/gate1/gate2 bundle extraction),Historical,Included,
427,workspace/w0-rebuild/artifacts/Karen_Home_Reference_Artifacts_v1/enterprise_real_estate_backend_skeleton_v1_x/enterprise_real_estate_backend_skeleton_v1/package.json,w0-rebuild/artifacts/Karen_Home_Reference_Artifacts_v1/enterprise_real_estate_backend_skeleton_v1_x/enterprise_real_estate_backend_skeleton_v1/package.json,package.json,json,287,0ccb9305d2f7e13a459c2b7a20015c3734251d06210ff7a0f607a73b75bdc166,Reference Input,reference,Gate 0-R,df45d69,2026-09-29,Reference artifact (contract/skeleton/gate1/gate2 bundle extraction),Historical,Included,
428,workspace/w0-rebuild/artifacts/Karen_Home_Reference_Artifacts_v1/enterprise_real_estate_backend_skeleton_v1_x/enterprise_real_estate_backend_skeleton_v1/packages/contracts/package.json,w0-rebuild/artifacts/Karen_Home_Reference_Artifacts_v1/enterprise_real_estate_backend_skeleton_v1_x/enterprise_real_estate_backend_skeleton_v1/packages/contracts/package.json,package.json,json,113,0263d919d3c48793abf176dabe06476abc067e3bc5951a869cac26d746c48713,Reference Input,reference,Gate 0-R,df45d69,2026-09-29,Reference artifact (contract/skeleton/gate1/gate2 bundle extraction),Historical,Included,
429,workspace/w0-rebuild/artifacts/Karen_Home_Reference_Artifacts_v1/enterprise_real_estate_backend_skeleton_v1_x/enterprise_real_estate_backend_skeleton_v1/packages/contracts/src/index.ts,w0-rebuild/artifacts/Karen_Home_Reference_Artifacts_v1/enterprise_real_estate_backend_skeleton_v1_x/enterprise_real_estate_backend_skeleton_v1/packages/contracts/src/index.ts,index.ts,ts,281,5cc88efe7c392a2f2f32ac82f15b927fe0c018fa47ba8bbcc9f065cb80837904,Reference Input,reference,Gate 0-R,df45d69,2026-09-29,Reference artifact (contract/skeleton/gate1/gate2 bundle extraction),Historical,Included,
430,workspace/w0-rebuild/artifacts/Karen_Home_Reference_Artifacts_v1/enterprise_real_estate_backend_skeleton_v1_x/enterprise_real_estate_backend_skeleton_v1/packages/db/package.json,w0-rebuild/artifacts/Karen_Home_Reference_Artifacts_v1/enterprise_real_estate_backend_skeleton_v1_x/enterprise_real_estate_backend_skeleton_v1/packages/db/package.json,package.json,json,57,29d6e8ff3228109ebaaa44e91c5ee911849b7996087baf15ab635a303d46b216,Reference Input,reference,Gate 0-R,df45d69,2026-09-29,Reference artifact (contract/skeleton/gate1/gate2 bundle extraction),Historical,Included,
431,workspace/w0-rebuild/artifacts/Karen_Home_Reference_Artifacts_v1/enterprise_real_estate_backend_skeleton_v1_x/enterprise_real_estate_backend_skeleton_v1/packages/db/src/README.md,w0-rebuild/artifacts/Karen_Home_Reference_Artifacts_v1/enterprise_real_estate_backend_skeleton_v1_x/enterprise_real_estate_backend_skeleton_v1/packages/db/src/README.md,README.md,md,285,c5d8de5d2804e164e4d2b86f96973e1c91785b5d6f110547f9df4a70e5a55d99,Reference Input,reference,Gate 0-R,df45d69,2026-09-29,Reference artifact (contract/skeleton/gate1/gate2 bundle extraction),Historical,Included,
432,workspace/w0-rebuild/artifacts/Karen_Home_Reference_Artifacts_v1/enterprise_real_estate_backend_skeleton_v1_x/enterprise_real_estate_backend_skeleton_v1/pnpm-workspace.yaml,w0-rebuild/artifacts/Karen_Home_Reference_Artifacts_v1/enterprise_real_estate_backend_skeleton_v1_x/enterprise_real_estate_backend_skeleton_v1/pnpm-workspace.yaml,pnpm-workspace.yaml,yaml,36,253208fa7c1b64372c219b9e19cef15ed70ca93b66a4d5c4c4d2297a5aff8880,Reference Input,reference,Gate 0-R,df45d69,2026-09-29,Reference artifact (contract/skeleton/gate1/gate2 bundle extraction),Historical,Included,
433,workspace/w0-rebuild/bundle/Karen_Home_Reference_Artifacts_v1.zip,w0-rebuild/bundle/Karen_Home_Reference_Artifacts_v1.zip,Karen_Home_Reference_Artifacts_v1.zip,zip,317595,9c43fec79fdada593344606bf01c4ec7ac461f00cf0b2a5f5e4b37c62ebf8a63,Reference Input,reference,Gate 0-R,df45d69,2026-09-29,Reference bundle archive copy (provenance),Historical,Included,twin copy kept — see paths
434,workspace/w0-rebuild/bundle/Karen_Home_ZAI_Master_Prompt (1).md,w0-rebuild/bundle/Karen_Home_ZAI_Master_Prompt (1).md,Karen_Home_ZAI_Master_Prompt (1).md,md,97447,bcdebe3ad069a754bafbc6ed6e464195596074787625549801c0fe025ca4d1b6,Reference Input,reference,Gate 0-R,df45d69,2026-09-29,ZAI Master Prompt (top authority per OD-01),Historical,Included,
435,workspace/w0-rebuild/downloads.zip,w0-rebuild/downloads.zip,downloads.zip,zip,351458,af3a60e5af59fc1f90fe9c5edfd9e5dddd8afe8faf4d0de49baf3c5c00b4982a,Reference Input,reference,Gate 0-R,df45d69,2026-09-29,Reference bundle archive copy (provenance),Historical,Included,twin copy kept — see paths
436,workspace/w0-rebuild/page_or_zip.bin,w0-rebuild/page_or_zip.bin,page_or_zip.bin,bin,2817,834306e5631af0bdc92674569d968a2223d856cbfd66c56470aa8ca27bb133f2,Reference Input,reference,Gate 0-R,df45d69,2026-09-29,Provenance artifact from reference-bundle fetch session,Evidence,Included,
437,workspace/w0-work/backend/.env.example,w0-work/backend/.env.example,.env.example,example,369,9fd5b35efb0399c22b59a163632cec9e6833870dd2554516af657c6880a0258e,Configuration,config,Current,df45d69,2026-09-29,Environment template (placeholders only),Authoritative,Included,template — no real secrets
438,workspace/w0-work/backend/README.md,w0-work/backend/README.md,README.md,md,879,88c58f09a458b59c767ad72f2bafdb3e5c6ad60e65ce69a0c15c7db6a7b221b0,Configuration,config,Current,df45d69,2026-09-29,Workspace/lockfile/tooling config,Authoritative,Included,
439,workspace/w0-work/backend/RECOVERY.md,w0-work/backend/RECOVERY.md,RECOVERY.md,md,2424,7dcffa6fb4260077e2dd641d99c377f41a7940f832a0a07fa58ac59c80de6b76,Recovery,governance,Current,4fdb484,2026-09-29,One-session backend recovery guide,Authoritative,Included,
440,workspace/w0-work/backend/apps/api/dist/app.module.js,w0-work/backend/apps/api/dist/app.module.js,app.module.js,js,3536,0d79ed0778aa8253cd1fff036b10b1b10841979f5ebef4f65e5e2ed4f21f1690,Build Output,api,Gate 4,4fdb484,2026-09-29,Committed compiled API output (rebuildable: pnpm build),Generated,Included,committed dist — kept for HEAD fidelity
441,workspace/w0-work/backend/apps/api/dist/common/antibot/antibot.service.js,w0-work/backend/apps/api/dist/common/antibot/antibot.service.js,antibot.service.js,js,5548,651dc1a4ad95f4a6b6ce733cd47480cb1978c9f791db5099287b74a75f39c79d,Build Output,api,Gate 4,4fdb484,2026-09-29,Committed compiled API output (rebuildable: pnpm build),Generated,Included,committed dist — kept for HEAD fidelity
442,workspace/w0-work/backend/apps/api/dist/common/auth/access-token.guard.js,w0-work/backend/apps/api/dist/common/auth/access-token.guard.js,access-token.guard.js,js,2473,130ec4ac25716860f8e4bb004a78261f0e387b0ee03fef155f7d1b03195cbf5b,Build Output,api,Gate 4,df45d69,2026-09-29,Committed compiled API output (rebuildable: pnpm build),Generated,Included,committed dist — kept for HEAD fidelity
443,workspace/w0-work/backend/apps/api/dist/common/auth/access-token.service.js,w0-work/backend/apps/api/dist/common/auth/access-token.service.js,access-token.service.js,js,3180,f2517cc0e71e0c0ce2678642fcd3088c86a23ad3a273b3d4b7a3f1a5ace91a3f,Build Output,api,Gate 4,4fdb484,2026-09-29,Committed compiled API output (rebuildable: pnpm build),Generated,Included,committed dist — kept for HEAD fidelity
444,workspace/w0-work/backend/apps/api/dist/common/auth/auth.module.js,w0-work/backend/apps/api/dist/common/auth/auth.module.js,auth.module.js,js,1184,7e0b6c7bfa3a6ed0de099e29afcbf77732709681cb92d9ae3ec0da3846a462ab,Build Output,api,Gate 4,4fdb484,2026-09-29,Committed compiled API output (rebuildable: pnpm build),Generated,Included,committed dist — kept for HEAD fidelity
445,workspace/w0-work/backend/apps/api/dist/common/auth/auth.spec.js,w0-work/backend/apps/api/dist/common/auth/auth.spec.js,auth.spec.js,js,655,34f767d2b01a8edd20e8756c0e40989309ef95a529b86883fa1653e49ac39d17,Build Output,api,Gate 4,df45d69,2026-09-29,Committed compiled API output (rebuildable: pnpm build),Generated,Included,committed dist — kept for HEAD fidelity
446,workspace/w0-work/backend/apps/api/dist/common/auth/auth.types.js,w0-work/backend/apps/api/dist/common/auth/auth.types.js,auth.types.js,js,146,682d52b8b0233918250d3c75d7114f61e0befa2d56e8d46061434fe430841061,Build Output,api,Gate 4,df45d69,2026-09-29,Committed compiled API output (rebuildable: pnpm build),Generated,Included,committed dist — kept for HEAD fidelity
447,workspace/w0-work/backend/apps/api/dist/common/auth/current-user.decorator.js,w0-work/backend/apps/api/dist/common/auth/current-user.decorator.js,current-user.decorator.js,js,308,959db89b46bd2b964a6fd15aa932b400f000e1edebd93fea6c042b06087b4b53,Build Output,api,Gate 4,df45d69,2026-09-29,Committed compiled API output (rebuildable: pnpm build),Generated,Included,committed dist — kept for HEAD fidelity
448,workspace/w0-work/backend/apps/api/dist/common/auth/permissions.decorator.js,w0-work/backend/apps/api/dist/common/auth/permissions.decorator.js,permissions.decorator.js,js,395,d51ea87ac927ee92b04302ebe269abc09efa3b8a697049cd84e6371b41427784,Build Output,api,Gate 4,df45d69,2026-09-29,Committed compiled API output (rebuildable: pnpm build),Generated,Included,committed dist — kept for HEAD fidelity
449,workspace/w0-work/backend/apps/api/dist/common/auth/permissions.guard.js,w0-work/backend/apps/api/dist/common/auth/permissions.guard.js,permissions.guard.js,js,2592,47b91452c3cbc03a1f8c04f3c5245bc94ec401772fd8ef4ed95ec26dbc44f426,Build Output,api,Gate 4,df45d69,2026-09-29,Committed compiled API output (rebuildable: pnpm build),Generated,Included,committed dist — kept for HEAD fidelity
450,workspace/w0-work/backend/apps/api/dist/common/auth/secret-cipher.js,w0-work/backend/apps/api/dist/common/auth/secret-cipher.js,secret-cipher.js,js,1747,47c88bb56949a8f966238f8832fd7503d64a61c8b9bbdd9cae4f05ce83448b81,Build Output,api,Gate 4,4fdb484,2026-09-29,Committed compiled API output (rebuildable: pnpm build),Generated,Included,committed dist — kept for HEAD fidelity
451,workspace/w0-work/backend/apps/api/dist/common/auth/totp.js,w0-work/backend/apps/api/dist/common/auth/totp.js,totp.js,js,3217,8ce84603bbc372187ff92dde98552e03c89a0e1dfb6a7332b0a7de8df20dd05e,Build Output,api,Gate 4,4fdb484,2026-09-29,Committed compiled API output (rebuildable: pnpm build),Generated,Included,committed dist — kept for HEAD fidelity
452,workspace/w0-work/backend/apps/api/dist/common/config/app-config.js,w0-work/backend/apps/api/dist/common/config/app-config.js,app-config.js,js,5467,d198b294e0a611f00daf4a00f785b1ccc48e20366e6ce95592b09d76fd3e52c0,Build Output,api,Gate 4,4fdb484,2026-09-29,Committed compiled API output (rebuildable: pnpm build),Generated,Included,committed dist — kept for HEAD fidelity
453,workspace/w0-work/backend/apps/api/dist/common/config/env.validation.js,w0-work/backend/apps/api/dist/common/config/env.validation.js,env.validation.js,js,1319,35616ab5d09f3731e4665164d58f19f6d1d1c832394838bfece03edd36f0b2ac,Build Output,api,Gate 4,df45d69,2026-09-29,Committed compiled API output (rebuildable: pnpm build),Generated,Included,committed dist — kept for HEAD fidelity
454,workspace/w0-work/backend/apps/api/dist/common/errors/http-exception.filter.js,w0-work/backend/apps/api/dist/common/errors/http-exception.filter.js,http-exception.filter.js,js,5015,7829d678860bfd200734e019609db8f3a24a28afce8bd870568ec9171c8370d0,Build Output,api,Gate 4,4fdb484,2026-09-29,Committed compiled API output (rebuildable: pnpm build),Generated,Included,committed dist — kept for HEAD fidelity
455,workspace/w0-work/backend/apps/api/dist/common/http/rate-limit.service.js,w0-work/backend/apps/api/dist/common/http/rate-limit.service.js,rate-limit.service.js,js,1804,b22f9aa9293e7612060f780db3dede003079920329e0a1ec752d3970efec5ca2,Build Output,api,Gate 4,4fdb484,2026-09-29,Committed compiled API output (rebuildable: pnpm build),Generated,Included,committed dist — kept for HEAD fidelity
456,workspace/w0-work/backend/apps/api/dist/common/i18n/error-catalog.js,w0-work/backend/apps/api/dist/common/i18n/error-catalog.js,error-catalog.js,js,6472,b7777ec95138f9607e56232d119e069c95865e04c8946dcb3c3d93b2e121277b,Build Output,api,Gate 4,4fdb484,2026-09-29,Committed compiled API output (rebuildable: pnpm build),Generated,Included,committed dist — kept for HEAD fidelity
457,workspace/w0-work/backend/apps/api/dist/common/observability/logger.js,w0-work/backend/apps/api/dist/common/observability/logger.js,logger.js,js,2120,07ff6127a3dd00bcab106af98f1ec5bd52dcadbd2cbc8d149e7dcb0b32aa6561,Build Output,api,Gate 4,4fdb484,2026-09-29,Committed compiled API output (rebuildable: pnpm build),Generated,Included,committed dist — kept for HEAD fidelity
458,workspace/w0-work/backend/apps/api/dist/common/observability/metrics.controller.js,w0-work/backend/apps/api/dist/common/observability/metrics.controller.js,metrics.controller.js,js,1879,88ec589981d20126a0833b09796cbe6944aee89c6936b410e179dab556f8c02c,Build Output,api,Gate 4,4fdb484,2026-09-29,Committed compiled API output (rebuildable: pnpm build),Generated,Included,committed dist — kept for HEAD fidelity
459,workspace/w0-work/backend/apps/api/dist/common/observability/metrics.js,w0-work/backend/apps/api/dist/common/observability/metrics.js,metrics.js,js,3680,91f7d13b9959df127a210aa47325f9cfcebacb66f9d2e694c18eb4c01b5c3770,Build Output,api,Gate 4,4fdb484,2026-09-29,Committed compiled API output (rebuildable: pnpm build),Generated,Included,committed dist — kept for HEAD fidelity
460,workspace/w0-work/backend/apps/api/dist/common/observability/observability.module.js,w0-work/backend/apps/api/dist/common/observability/observability.module.js,observability.module.js,js,1480,c28c1e567803a87274541060b11f0183f07cca17be12a6d41d7f536be8e23af4,Build Output,api,Gate 4,4fdb484,2026-09-29,Committed compiled API output (rebuildable: pnpm build),Generated,Included,committed dist — kept for HEAD fidelity
461,workspace/w0-work/backend/apps/api/dist/infrastructure/database.module.js,w0-work/backend/apps/api/dist/infrastructure/database.module.js,database.module.js,js,4422,2bf8b05a3f4f0109627866e1f909bfdd5d03f9ad6c169fad119e0b68670f0a18,Build Output,api,Gate 4,4fdb484,2026-09-29,Committed compiled API output (rebuildable: pnpm build),Generated,Included,committed dist — kept for HEAD fidelity
462,workspace/w0-work/backend/apps/api/dist/main.js,w0-work/backend/apps/api/dist/main.js,main.js,js,5459,af4532ef63914ba9d4f26a7df240acca49184785fec7606646b779c392f209d1,Build Output,api,Gate 4,4fdb484,2026-09-29,Committed compiled API output (rebuildable: pnpm build),Generated,Included,committed dist — kept for HEAD fidelity
463,workspace/w0-work/backend/apps/api/dist/modules/admin/admin.module.js,w0-work/backend/apps/api/dist/modules/admin/admin.module.js,admin.module.js,js,1422,5305c3d420a221ed9a059256d53dc04902c85bb33cbd2d0cdc58daa57d878985,Build Output,api,Gate 4,4fdb484,2026-09-29,Committed compiled API output (rebuildable: pnpm build),Generated,Included,committed dist — kept for HEAD fidelity
464,workspace/w0-work/backend/apps/api/dist/modules/admin/presentation/admin.controller.js,w0-work/backend/apps/api/dist/modules/admin/presentation/admin.controller.js,admin.controller.js,js,5729,9b3cfdc4d1175c2a7b9b6289ef9283eb6fe04eef51d02be7bb527788ad718cdc,Build Output,api,Gate 4,4fdb484,2026-09-29,Committed compiled API output (rebuildable: pnpm build),Generated,Included,committed dist — kept for HEAD fidelity
465,workspace/w0-work/backend/apps/api/dist/modules/advertising/advertising.module.js,w0-work/backend/apps/api/dist/modules/advertising/advertising.module.js,advertising.module.js,js,1583,6bdae4781534c84fdb57f91ea218fce40acd3c50b297a59cc34df983561cd777,Build Output,api,Gate 4,4fdb484,2026-09-29,Committed compiled API output (rebuildable: pnpm build),Generated,Included,committed dist — kept for HEAD fidelity
466,workspace/w0-work/backend/apps/api/dist/modules/advertising/application/advertising-admin.service.js,w0-work/backend/apps/api/dist/modules/advertising/application/advertising-admin.service.js,advertising-admin.service.js,js,3395,7d4618cc9761ef71a84e6a65cb364c0fea8f86ecbd96e6c259d68e22c753d39b,Build Output,api,Gate 4,4fdb484,2026-09-29,Committed compiled API output (rebuildable: pnpm build),Generated,Included,committed dist — kept for HEAD fidelity
467,workspace/w0-work/backend/apps/api/dist/modules/advertising/application/advertising.service.js,w0-work/backend/apps/api/dist/modules/advertising/application/advertising.service.js,advertising.service.js,js,6434,8b62847b3860e5dae7846cfadecd57616c36c0d3bd3c33766724797a67c1693c,Build Output,api,Gate 4,4fdb484,2026-09-29,Committed compiled API output (rebuildable: pnpm build),Generated,Included,committed dist — kept for HEAD fidelity
468,workspace/w0-work/backend/apps/api/dist/modules/advertising/presentation/ads.controller.js,w0-work/backend/apps/api/dist/modules/advertising/presentation/ads.controller.js,ads.controller.js,js,13925,467da1be55c4a719ff3ca53875f55da1c72bd2ab12a1930f0447bb5a90bb3664,Build Output,api,Gate 4,4fdb484,2026-09-29,Committed compiled API output (rebuildable: pnpm build),Generated,Included,committed dist — kept for HEAD fidelity
469,workspace/w0-work/backend/apps/api/dist/modules/authorization/authorization.module.js,w0-work/backend/apps/api/dist/modules/authorization/authorization.module.js,authorization.module.js,js,1282,f1a75cdb0ac4a52842a0c6288ba7163800dd989d841e080053d2eefcc5752df3,Build Output,api,Gate 4,df45d69,2026-09-29,Committed compiled API output (rebuildable: pnpm build),Generated,Included,committed dist — kept for HEAD fidelity
470,workspace/w0-work/backend/apps/api/dist/modules/billing/application/billing-admin.guard.js,w0-work/backend/apps/api/dist/modules/billing/application/billing-admin.guard.js,billing-admin.guard.js,js,1823,31b2e3ba48edf59aec4a7fde42031b0c73a6af6fd6fce2098802db4adb391779,Build Output,api,Gate 4,4fdb484,2026-09-29,Committed compiled API output (rebuildable: pnpm build),Generated,Included,committed dist — kept for HEAD fidelity
471,workspace/w0-work/backend/apps/api/dist/modules/billing/application/billing.service.js,w0-work/backend/apps/api/dist/modules/billing/application/billing.service.js,billing.service.js,js,8633,a9f34f75882f29d3e96d7bc9400051894fcd471809c13865c0b301594c9fe34c,Build Output,api,Gate 4,4fdb484,2026-09-29,Committed compiled API output (rebuildable: pnpm build),Generated,Included,committed dist — kept for HEAD fidelity
472,workspace/w0-work/backend/apps/api/dist/modules/billing/billing.module.js,w0-work/backend/apps/api/dist/modules/billing/billing.module.js,billing.module.js,js,1474,edad3b4553858ceff7319bc652d83fbcbb111f1381338d5319fe34b6b2797044,Build Output,api,Gate 4,4fdb484,2026-09-29,Committed compiled API output (rebuildable: pnpm build),Generated,Included,committed dist — kept for HEAD fidelity
473,workspace/w0-work/backend/apps/api/dist/modules/billing/presentation/billing.controller.js,w0-work/backend/apps/api/dist/modules/billing/presentation/billing.controller.js,billing.controller.js,js,9903,de37614bd05da162c9c84dab135556c71867fcdb279571935516096e4ee3a3c4,Build Output,api,Gate 4,4fdb484,2026-09-29,Committed compiled API output (rebuildable: pnpm build),Generated,Included,committed dist — kept for HEAD fidelity
474,workspace/w0-work/backend/apps/api/dist/modules/commission/application/commission-engine.service.js,w0-work/backend/apps/api/dist/modules/commission/application/commission-engine.service.js,commission-engine.service.js,js,8998,2b7bf0623e05b61aab9ab5bb8f820201f9f5b29f00bd08fbce4ad858b0792a47,Build Output,api,Gate 4,4fdb484,2026-09-29,Committed compiled API output (rebuildable: pnpm build),Generated,Included,committed dist — kept for HEAD fidelity
475,workspace/w0-work/backend/apps/api/dist/modules/commission/application/commission-settlement.service.js,w0-work/backend/apps/api/dist/modules/commission/application/commission-settlement.service.js,commission-settlement.service.js,js,4359,c01fc287f3414f17040a237f2e2f475a5ca8c67bc78b86144c22b8f6d32566e7,Build Output,api,Gate 4,4fdb484,2026-09-29,Committed compiled API output (rebuildable: pnpm build),Generated,Included,committed dist — kept for HEAD fidelity
476,workspace/w0-work/backend/apps/api/dist/modules/commission/commission.module.js,w0-work/backend/apps/api/dist/modules/commission/commission.module.js,commission.module.js,js,1608,8d816b8a4ca762f909e38f374c833c8c062fd01c1e5d5b02b4ccf8107eba2476,Build Output,api,Gate 4,4fdb484,2026-09-29,Committed compiled API output (rebuildable: pnpm build),Generated,Included,committed dist — kept for HEAD fidelity
477,workspace/w0-work/backend/apps/api/dist/modules/commission/presentation/commission.controller.js,w0-work/backend/apps/api/dist/modules/commission/presentation/commission.controller.js,commission.controller.js,js,13644,15cb15ac8fecac2e8f7c4d458c31dbcdb240e522bd316238396508fde28f6aa6,Build Output,api,Gate 4,4fdb484,2026-09-29,Committed compiled API output (rebuildable: pnpm build),Generated,Included,committed dist — kept for HEAD fidelity
478,workspace/w0-work/backend/apps/api/dist/modules/health/health.module.js,w0-work/backend/apps/api/dist/modules/health/health.module.js,health.module.js,js,2175,bfd8058997f89ae3d2f6b115bfa18458513d0b93cf65d63099646e099a4e8f1e,Build Output,api,Gate 4,df45d69,2026-09-29,Committed compiled API output (rebuildable: pnpm build),Generated,Included,committed dist — kept for HEAD fidelity
479,workspace/w0-work/backend/apps/api/dist/modules/i18n/application/i18n.service.js,w0-work/backend/apps/api/dist/modules/i18n/application/i18n.service.js,i18n.service.js,js,5445,b17ac80f5da7bbcafa0a4396226048a754f286b97601cceb7f734191160dfa3e,Build Output,api,Gate 4,4fdb484,2026-09-29,Committed compiled API output (rebuildable: pnpm build),Generated,Included,committed dist — kept for HEAD fidelity
480,workspace/w0-work/backend/apps/api/dist/modules/i18n/i18n.module.js,w0-work/backend/apps/api/dist/modules/i18n/i18n.module.js,i18n.module.js,js,1349,5c62ce3bde194d4c0ad047b9f1f195c22412f31939846d69eff1354e0d41b174,Build Output,api,Gate 4,4fdb484,2026-09-29,Committed compiled API output (rebuildable: pnpm build),Generated,Included,committed dist — kept for HEAD fidelity
481,workspace/w0-work/backend/apps/api/dist/modules/i18n/presentation/i18n.controller.js,w0-work/backend/apps/api/dist/modules/i18n/presentation/i18n.controller.js,i18n.controller.js,js,7038,d8800d83bf5a93caab56cbe1a51f42822f195ae6ebece479f29abd4e171e5dc9,Build Output,api,Gate 4,4fdb484,2026-09-29,Committed compiled API output (rebuildable: pnpm build),Generated,Included,committed dist — kept for HEAD fidelity
482,workspace/w0-work/backend/apps/api/dist/modules/iam/application/iam-hardening.service.js,w0-work/backend/apps/api/dist/modules/iam/application/iam-hardening.service.js,iam-hardening.service.js,js,18204,46aad0a29c8bb7a72d86b9919ee9132004fcd392c7000bbe73dac764497ea356,Build Output,api,Gate 4,4fdb484,2026-09-29,Committed compiled API output (rebuildable: pnpm build),Generated,Included,committed dist — kept for HEAD fidelity
483,workspace/w0-work/backend/apps/api/dist/modules/iam/application/iam.service.js,w0-work/backend/apps/api/dist/modules/iam/application/iam.service.js,iam.service.js,js,10482,f6102fc1f546a10392896437117c51ed36d4c48cfca5da9133a4e8e93b8d5b9c,Build Output,api,Gate 4,4fdb484,2026-09-29,Committed compiled API output (rebuildable: pnpm build),Generated,Included,committed dist — kept for HEAD fidelity
484,workspace/w0-work/backend/apps/api/dist/modules/iam/domain/iam.errors.js,w0-work/backend/apps/api/dist/modules/iam/domain/iam.errors.js,iam.errors.js,js,488,86f788b4d746e9334ec5fe9b79a520a8b8c5ef6d718d8a91fc310157234fb482,Build Output,api,Gate 4,df45d69,2026-09-29,Committed compiled API output (rebuildable: pnpm build),Generated,Included,committed dist — kept for HEAD fidelity
485,workspace/w0-work/backend/apps/api/dist/modules/iam/iam.module.js,w0-work/backend/apps/api/dist/modules/iam/iam.module.js,iam.module.js,js,2710,3f9d8ad005e7a9e23724256c2fe39ec9b611100c2ab193f0fff8fe816b9eab0d,Build Output,api,Gate 4,4fdb484,2026-09-29,Committed compiled API output (rebuildable: pnpm build),Generated,Included,committed dist — kept for HEAD fidelity
486,workspace/w0-work/backend/apps/api/dist/modules/iam/infrastructure/oauth-providers.js,w0-work/backend/apps/api/dist/modules/iam/infrastructure/oauth-providers.js,oauth-providers.js,js,4783,7379cff280bbc41246dcf4a1ed8359791417a7fc67151260a26a55ff6be1d2c2,Build Output,api,Gate 4,4fdb484,2026-09-29,Committed compiled API output (rebuildable: pnpm build),Generated,Included,committed dist — kept for HEAD fidelity
487,workspace/w0-work/backend/apps/api/dist/modules/iam/presentation/dto/hardening.dto.js,w0-work/backend/apps/api/dist/modules/iam/presentation/dto/hardening.dto.js,hardening.dto.js,js,4261,11b00c46c559a17a6e9cc1fc6f6d2e93c834b78c0ce2019561ccb75fefc5c17c,Build Output,api,Gate 4,4fdb484,2026-09-29,Committed compiled API output (rebuildable: pnpm build),Generated,Included,committed dist — kept for HEAD fidelity
488,workspace/w0-work/backend/apps/api/dist/modules/iam/presentation/dto/login.dto.js,w0-work/backend/apps/api/dist/modules/iam/presentation/dto/login.dto.js,login.dto.js,js,1328,03c1d066904365dd1ca13ef28bce2b816e8722f15dd54233abc50c4472d4c504,Build Output,api,Gate 4,df45d69,2026-09-29,Committed compiled API output (rebuildable: pnpm build),Generated,Included,committed dist — kept for HEAD fidelity
489,workspace/w0-work/backend/apps/api/dist/modules/iam/presentation/dto/refresh.dto.js,w0-work/backend/apps/api/dist/modules/iam/presentation/dto/refresh.dto.js,refresh.dto.js,js,1163,ce648a03b5883e2cca082bd9befaca3aec77c54b153d25690eb9e212c83be614,Build Output,api,Gate 4,df45d69,2026-09-29,Committed compiled API output (rebuildable: pnpm build),Generated,Included,committed dist — kept for HEAD fidelity
490,workspace/w0-work/backend/apps/api/dist/modules/iam/presentation/dto/register.dto.js,w0-work/backend/apps/api/dist/modules/iam/presentation/dto/register.dto.js,register.dto.js,js,2652,3f1a6acfbb8275c918cbf3c1f5d31b0ae023038e4e4ec2fa2c7fbe87fe9dcb52,Build Output,api,Gate 4,df45d69,2026-09-29,Committed compiled API output (rebuildable: pnpm build),Generated,Included,committed dist — kept for HEAD fidelity
491,workspace/w0-work/backend/apps/api/dist/modules/iam/presentation/iam-hardening.controller.js,w0-work/backend/apps/api/dist/modules/iam/presentation/iam-hardening.controller.js,iam-hardening.controller.js,js,11383,8acb2946870654255aabe083fa648bef08d6edb7179d712ff796747d2717ac88,Build Output,api,Gate 4,4fdb484,2026-09-29,Committed compiled API output (rebuildable: pnpm build),Generated,Included,committed dist — kept for HEAD fidelity
492,workspace/w0-work/backend/apps/api/dist/modules/iam/presentation/iam.controller.js,w0-work/backend/apps/api/dist/modules/iam/presentation/iam.controller.js,iam.controller.js,js,4368,0a8f3bbd9b7f00373e6c54e9473978ae5ba4a195ccc5602b94961a86c84a33a2,Build Output,api,Gate 4,df45d69,2026-09-29,Committed compiled API output (rebuildable: pnpm build),Generated,Included,committed dist — kept for HEAD fidelity
493,workspace/w0-work/backend/apps/api/dist/modules/legal/legal.module.js,w0-work/backend/apps/api/dist/modules/legal/legal.module.js,legal.module.js,js,4515,413f559fea16ff691e761aa1b4684d76e7cebfd1510554781e8e3fdc80b739af,Build Output,api,Gate 4,4fdb484,2026-09-29,Committed compiled API output (rebuildable: pnpm build),Generated,Included,committed dist — kept for HEAD fidelity
494,workspace/w0-work/backend/apps/api/dist/modules/listings/application/listing-search.service.js,w0-work/backend/apps/api/dist/modules/listings/application/listing-search.service.js,listing-search.service.js,js,2748,61a81f0cff8308dbe3344df0a2d6ce627f1fe5dee093c328f7a45cf1b6146942,Build Output,api,Gate 4,4fdb484,2026-09-29,Committed compiled API output (rebuildable: pnpm build),Generated,Included,committed dist — kept for HEAD fidelity
495,workspace/w0-work/backend/apps/api/dist/modules/listings/application/listing.service.js,w0-work/backend/apps/api/dist/modules/listings/application/listing.service.js,listing.service.js,js,11073,5e62b58d4dd801bdae3ade31a2e1d6514b5182da331e9b5027cc7df0bd5b6584,Build Output,api,Gate 4,4fdb484,2026-09-29,Committed compiled API output (rebuildable: pnpm build),Generated,Included,committed dist — kept for HEAD fidelity
496,workspace/w0-work/backend/apps/api/dist/modules/listings/domain/listing-state.machine.js,w0-work/backend/apps/api/dist/modules/listings/domain/listing-state.machine.js,listing-state.machine.js,js,5845,18acd8ec3959bef10d44ae7dd7b38df6a5b89b8f45612a78724d5bddc4e2b1ed,Build Output,api,Gate 4,4fdb484,2026-09-29,Committed compiled API output (rebuildable: pnpm build),Generated,Included,committed dist — kept for HEAD fidelity
497,workspace/w0-work/backend/apps/api/dist/modules/listings/domain/publication-policy.js,w0-work/backend/apps/api/dist/modules/listings/domain/publication-policy.js,publication-policy.js,js,1642,27b982f83dfd4c2aa01aefb2d8f5ba2efee65a94c2e941900b8bc0f0525a9463,Build Output,api,Gate 4,4fdb484,2026-09-29,Committed compiled API output (rebuildable: pnpm build),Generated,Included,committed dist — kept for HEAD fidelity
498,workspace/w0-work/backend/apps/api/dist/modules/listings/listings.module.js,w0-work/backend/apps/api/dist/modules/listings/listings.module.js,listings.module.js,js,1535,4a99c3132833b1c1fb0588281a6fd04521459dd0a58fa523a43ec80a945d374e,Build Output,api,Gate 4,4fdb484,2026-09-29,Committed compiled API output (rebuildable: pnpm build),Generated,Included,committed dist — kept for HEAD fidelity
499,workspace/w0-work/backend/apps/api/dist/modules/listings/presentation/dto/attach-media.dto.js,w0-work/backend/apps/api/dist/modules/listings/presentation/dto/attach-media.dto.js,attach-media.dto.js,js,1514,a2e745c5cf4f7a792c8bc1b7a05aa9a98c9dec62ac4796c45f685a649df8e0b6,Build Output,api,Gate 4,df45d69,2026-09-29,Committed compiled API output (rebuildable: pnpm build),Generated,Included,committed dist — kept for HEAD fidelity
500,workspace/w0-work/backend/apps/api/dist/modules/listings/presentation/dto/create-listing.dto.js,w0-work/backend/apps/api/dist/modules/listings/presentation/dto/create-listing.dto.js,create-listing.dto.js,js,2653,111b39945a98af947b2231d9e80000b5b5930e2bdc93388f59e89525d7f825b7,Build Output,api,Gate 4,df45d69,2026-09-29,Committed compiled API output (rebuildable: pnpm build),Generated,Included,committed dist — kept for HEAD fidelity
501,workspace/w0-work/backend/apps/api/dist/modules/listings/presentation/dto/listing-search-query.dto.js,w0-work/backend/apps/api/dist/modules/listings/presentation/dto/listing-search-query.dto.js,listing-search-query.dto.js,js,3478,7e2cdf184ff23dd6aa1b6c01779afe8c24b622dfb364f5910f03650540356fe1,Build Output,api,Gate 4,4fdb484,2026-09-29,Committed compiled API output (rebuildable: pnpm build),Generated,Included,committed dist — kept for HEAD fidelity
502,workspace/w0-work/backend/apps/api/dist/modules/listings/presentation/dto/state-transition.dto.js,w0-work/backend/apps/api/dist/modules/listings/presentation/dto/state-transition.dto.js,state-transition.dto.js,js,1440,7093377a16b2a6f87c7ff717c9126acefc2d36872aa80254f94239f5a7803d5c,Build Output,api,Gate 4,df45d69,2026-09-29,Committed compiled API output (rebuildable: pnpm build),Generated,Included,committed dist — kept for HEAD fidelity
503,workspace/w0-work/backend/apps/api/dist/modules/listings/presentation/listings.controller.js,w0-work/backend/apps/api/dist/modules/listings/presentation/listings.controller.js,listings.controller.js,js,13705,e7812bb480e6e3314cd65b4025473625cf06e72c737e207fcc4785bf43062f29,Build Output,api,Gate 4,4fdb484,2026-09-29,Committed compiled API output (rebuildable: pnpm build),Generated,Included,committed dist — kept for HEAD fidelity
504,workspace/w0-work/backend/apps/api/dist/modules/media/application/media.service.js,w0-work/backend/apps/api/dist/modules/media/application/media.service.js,media.service.js,js,6421,52f4200fbaf5d30f27097a4b5f015e830cc78ef9309020060b2efc6bc5525086,Build Output,api,Gate 4,4fdb484,2026-09-29,Committed compiled API output (rebuildable: pnpm build),Generated,Included,committed dist — kept for HEAD fidelity
505,workspace/w0-work/backend/apps/api/dist/modules/media/media.module.js,w0-work/backend/apps/api/dist/modules/media/media.module.js,media.module.js,js,1321,0755c77f2eac6b7831fa35010ff2750a8392771f12e21e24af4c323f0c87246a,Build Output,api,Gate 4,4fdb484,2026-09-29,Committed compiled API output (rebuildable: pnpm build),Generated,Included,committed dist — kept for HEAD fidelity
506,workspace/w0-work/backend/apps/api/dist/modules/media/presentation/media.controller.js,w0-work/backend/apps/api/dist/modules/media/presentation/media.controller.js,media.controller.js,js,4372,349db3fe8575d1e3a8de50a2fbf838c1ed8864fbb149d3307ae2d59fcd3f0e9c,Build Output,api,Gate 4,4fdb484,2026-09-29,Committed compiled API output (rebuildable: pnpm build),Generated,Included,committed dist — kept for HEAD fidelity
507,workspace/w0-work/backend/apps/api/dist/modules/notifications/application/notification.service.js,w0-work/backend/apps/api/dist/modules/notifications/application/notification.service.js,notification.service.js,js,4229,d7ea7a3dce8a1bac8174f1e0ff7b96b12742895835a8a9d1cd800ead844351c3,Build Output,api,Gate 4,4fdb484,2026-09-29,Committed compiled API output (rebuildable: pnpm build),Generated,Included,committed dist — kept for HEAD fidelity
508,workspace/w0-work/backend/apps/api/dist/modules/notifications/notifications.module.js,w0-work/backend/apps/api/dist/modules/notifications/notifications.module.js,notifications.module.js,js,1459,b6b58a044a0e7ac0dc11d98c8d26e4c93dd2b68aebf28e220d0ecfce341b6c15,Build Output,api,Gate 4,4fdb484,2026-09-29,Committed compiled API output (rebuildable: pnpm build),Generated,Included,committed dist — kept for HEAD fidelity
509,workspace/w0-work/backend/apps/api/dist/modules/notifications/presentation/notifications.controller.js,w0-work/backend/apps/api/dist/modules/notifications/presentation/notifications.controller.js,notifications.controller.js,js,5973,5876712dd1082a34f39259e8c37d0cb8e30b4f906feeafe7ab2610b6944e5578,Build Output,api,Gate 4,4fdb484,2026-09-29,Committed compiled API output (rebuildable: pnpm build),Generated,Included,committed dist — kept for HEAD fidelity
510,workspace/w0-work/backend/apps/api/dist/modules/properties/application/assign-owner.handler.js,w0-work/backend/apps/api/dist/modules/properties/application/assign-owner.handler.js,assign-owner.handler.js,js,2335,a1b1f16468850bf214bdfb8a682e819c978f3b4955eff0133d4b62af6bbe9ec4,Build Output,api,Gate 4,df45d69,2026-09-29,Committed compiled API output (rebuildable: pnpm build),Generated,Included,committed dist — kept for HEAD fidelity
511,workspace/w0-work/backend/apps/api/dist/modules/properties/application/create-property.handler.js,w0-work/backend/apps/api/dist/modules/properties/application/create-property.handler.js,create-property.handler.js,js,1654,89dbe97cb4e3fdd0824b7d4c5029ca884e9721bb1a91f2f5787fd38b1809a242,Build Output,api,Gate 4,df45d69,2026-09-29,Committed compiled API output (rebuildable: pnpm build),Generated,Included,committed dist — kept for HEAD fidelity
512,workspace/w0-work/backend/apps/api/dist/modules/properties/domain/property.repository.js,w0-work/backend/apps/api/dist/modules/properties/domain/property.repository.js,property.repository.js,js,77,d43aa81f5bc89faa359e0f97c814ba25155591ff078fbb9bfd40f8c7c9683230,Build Output,api,Gate 4,df45d69,2026-09-29,Committed compiled API output (rebuildable: pnpm build),Generated,Included,committed dist — kept for HEAD fidelity
513,workspace/w0-work/backend/apps/api/dist/modules/properties/presentation/dto/assign-owner.dto.js,w0-work/backend/apps/api/dist/modules/properties/presentation/dto/assign-owner.dto.js,assign-owner.dto.js,js,1728,f359f858124eda3935a2d448b89c8cf511652d7d3def8ee469fa17dfc2a563ac,Build Output,api,Gate 4,df45d69,2026-09-29,Committed compiled API output (rebuildable: pnpm build),Generated,Included,committed dist — kept for HEAD fidelity
514,workspace/w0-work/backend/apps/api/dist/modules/properties/presentation/dto/create-property.dto.js,w0-work/backend/apps/api/dist/modules/properties/presentation/dto/create-property.dto.js,create-property.dto.js,js,1637,bbedfe8802013d12df1f0361f02794707b01662ef688b9e8f5519a97d1e3a9b3,Build Output,api,Gate 4,df45d69,2026-09-29,Committed compiled API output (rebuildable: pnpm build),Generated,Included,committed dist — kept for HEAD fidelity
515,workspace/w0-work/backend/apps/api/dist/modules/properties/presentation/properties.controller.js,w0-work/backend/apps/api/dist/modules/properties/presentation/properties.controller.js,properties.controller.js,js,5214,e6e4a7eab71ff46fc4b3622d233f3fc1a394cf7336edf66f1676e4b25775acf0,Build Output,api,Gate 4,4fdb484,2026-09-29,Committed compiled API output (rebuildable: pnpm build),Generated,Included,committed dist — kept for HEAD fidelity
516,workspace/w0-work/backend/apps/api/dist/modules/properties/properties.module.js,w0-work/backend/apps/api/dist/modules/properties/properties.module.js,properties.module.js,js,1492,532b61b4b3e8f01558c8db3c4d824ebf763026236cfc2f715e9cd058ded95171,Build Output,api,Gate 4,df45d69,2026-09-29,Committed compiled API output (rebuildable: pnpm build),Generated,Included,committed dist — kept for HEAD fidelity
517,workspace/w0-work/backend/apps/api/dist/modules/search/application/search.service.js,w0-work/backend/apps/api/dist/modules/search/application/search.service.js,search.service.js,js,6547,81532e641c1b287637f99f4714fa89ec680b910abf034ce07a660353fe24bc8a,Build Output,api,Gate 4,4fdb484,2026-09-29,Committed compiled API output (rebuildable: pnpm build),Generated,Included,committed dist — kept for HEAD fidelity
518,workspace/w0-work/backend/apps/api/dist/modules/search/domain/search-engine.port.js,w0-work/backend/apps/api/dist/modules/search/domain/search-engine.port.js,search-engine.port.js,js,77,d43aa81f5bc89faa359e0f97c814ba25155591ff078fbb9bfd40f8c7c9683230,Build Output,api,Gate 4,4fdb484,2026-09-29,Committed compiled API output (rebuildable: pnpm build),Generated,Included,committed dist — kept for HEAD fidelity
519,workspace/w0-work/backend/apps/api/dist/modules/search/infrastructure/opensearch.engine.js,w0-work/backend/apps/api/dist/modules/search/infrastructure/opensearch.engine.js,opensearch.engine.js,js,7281,e3041b67e2cf4cdf6f37dc0b9d9b2d01357d07d2d08f66845ebb1c0cc6d3af54,Build Output,api,Gate 4,4fdb484,2026-09-29,Committed compiled API output (rebuildable: pnpm build),Generated,Included,committed dist — kept for HEAD fidelity
520,workspace/w0-work/backend/apps/api/dist/modules/search/infrastructure/pg-fts.engine.js,w0-work/backend/apps/api/dist/modules/search/infrastructure/pg-fts.engine.js,pg-fts.engine.js,js,8351,4a74c85d8aaf157bb695c7f08fc9f0b216efb81a78524209dda52e6a94b706d3,Build Output,api,Gate 4,4fdb484,2026-09-29,Committed compiled API output (rebuildable: pnpm build),Generated,Included,committed dist — kept for HEAD fidelity
521,workspace/w0-work/backend/apps/api/dist/modules/search/presentation/dto/search-query.dto.js,w0-work/backend/apps/api/dist/modules/search/presentation/dto/search-query.dto.js,search-query.dto.js,js,3478,7e2cdf184ff23dd6aa1b6c01779afe8c24b622dfb364f5910f03650540356fe1,Build Output,api,Gate 4,4fdb484,2026-09-29,Committed compiled API output (rebuildable: pnpm build),Generated,Included,committed dist — kept for HEAD fidelity
522,workspace/w0-work/backend/apps/api/dist/modules/search/presentation/search.controller.js,w0-work/backend/apps/api/dist/modules/search/presentation/search.controller.js,search.controller.js,js,3454,3af7384a0fc4304f6968ffc9c47a78e07c736d7ba3308eec831cc597c0609b8c,Build Output,api,Gate 4,4fdb484,2026-09-29,Committed compiled API output (rebuildable: pnpm build),Generated,Included,committed dist — kept for HEAD fidelity
523,workspace/w0-work/backend/apps/api/dist/modules/search/search.module.js,w0-work/backend/apps/api/dist/modules/search/search.module.js,search.module.js,js,1339,1867d6b7f5f378cca3c6078f5cad9c96f53efd837a829287e9e68897a0c70c0d,Build Output,api,Gate 4,4fdb484,2026-09-29,Committed compiled API output (rebuildable: pnpm build),Generated,Included,committed dist — kept for HEAD fidelity
524,workspace/w0-work/backend/apps/api/jest.config.js,w0-work/backend/apps/api/jest.config.js,jest.config.js,js,587,eb55148256489916b60444cc9bc2db1114893b4b2e5332ce24cc9aeadfeb5716,Source Code,api,Gate 4,df45d69,2026-09-29,NestJS API source (modules/IAM/listings/…),Authoritative,Included,
525,workspace/w0-work/backend/apps/api/nest-cli.json,w0-work/backend/apps/api/nest-cli.json,nest-cli.json,json,117,923a037ebaf2bc590c7ae65359551c6476e30ab79f854a03c29704b7f0817f5c,Source Code,api,Gate 4,df45d69,2026-09-29,NestJS API source (modules/IAM/listings/…),Authoritative,Included,
526,workspace/w0-work/backend/apps/api/package.json,w0-work/backend/apps/api/package.json,package.json,json,1245,e838f4334bd1866eadb37e5c7602a00f3d769342db6a5b6fc0f55b2bb7769d1c,Source Code,api,Gate 4,4fdb484,2026-09-29,NestJS API source (modules/IAM/listings/…),Authoritative,Included,
527,workspace/w0-work/backend/apps/api/src/app.module.ts,w0-work/backend/apps/api/src/app.module.ts,app.module.ts,ts,2222,22723325b810438414a7e8f85614d87b811ea01dd849b64465858d3b0a7dc666,Source Code,api,Gate 4,4fdb484,2026-09-29,NestJS API source (modules/IAM/listings/…),Authoritative,Included,
528,workspace/w0-work/backend/apps/api/src/common/antibot/antibot.service.ts,w0-work/backend/apps/api/src/common/antibot/antibot.service.ts,antibot.service.ts,ts,5473,047e7f3c230637c99b8bc8538b02a028e209e79f5db3fca9ab0321a70396bde2,Source Code,api,Gate 4,4fdb484,2026-09-29,NestJS API source (modules/IAM/listings/…),Authoritative,Included,
529,workspace/w0-work/backend/apps/api/src/common/auth/access-token.guard.ts,w0-work/backend/apps/api/src/common/auth/access-token.guard.ts,access-token.guard.ts,ts,1405,4a6f8e021ec5f81ce482428f1f2db6cbebba4fc2b283810bbd92970e70f0bf6a,Source Code,api,Gate 4,df45d69,2026-09-29,NestJS API source (modules/IAM/listings/…),Authoritative,Included,
530,workspace/w0-work/backend/apps/api/src/common/auth/access-token.service.ts,w0-work/backend/apps/api/src/common/auth/access-token.service.ts,access-token.service.ts,ts,2051,29dbdbd77f719d60e5ac62a6bbe9fbd40d16034b1bd1b5df02bd01c82a1abccc,Source Code,api,Gate 4,4fdb484,2026-09-29,NestJS API source (modules/IAM/listings/…),Authoritative,Included,
531,workspace/w0-work/backend/apps/api/src/common/auth/auth.module.ts,w0-work/backend/apps/api/src/common/auth/auth.module.ts,auth.module.ts,ts,302,6781fb7c48e7f4e440d0572ff161a3c23ec65686f90fe7753999075790c2b82a,Source Code,api,Gate 4,4fdb484,2026-09-29,NestJS API source (modules/IAM/listings/…),Authoritative,Included,
532,workspace/w0-work/backend/apps/api/src/common/auth/auth.spec.ts,w0-work/backend/apps/api/src/common/auth/auth.spec.ts,auth.spec.ts,ts,450,00feceb9bdbcd28e8d33a9bf08369a3435b578b54a00f2736582318f738cce45,Test,api,Gate 4,df45d69,2026-09-29,API unit/integration/E2E/red-team test,Authoritative,Included,
533,workspace/w0-work/backend/apps/api/src/common/auth/auth.types.ts,w0-work/backend/apps/api/src/common/auth/auth.types.ts,auth.types.ts,ts,259,98228ff28564b9f51398c932940ee4a5193d3fbd0cd75470d67d3bb57cbf2a6a,Source Code,api,Gate 4,df45d69,2026-09-29,NestJS API source (modules/IAM/listings/…),Authoritative,Included,
534,workspace/w0-work/backend/apps/api/src/common/auth/current-user.decorator.ts,w0-work/backend/apps/api/src/common/auth/current-user.decorator.ts,current-user.decorator.ts,ts,315,be9f0b7aed26e041578fab61a47b966d9a600699319c100db6ada803b2c03412,Source Code,api,Gate 4,df45d69,2026-09-29,NestJS API source (modules/IAM/listings/…),Authoritative,Included,
535,workspace/w0-work/backend/apps/api/src/common/auth/permissions.decorator.ts,w0-work/backend/apps/api/src/common/auth/permissions.decorator.ts,permissions.decorator.ts,ts,208,01e26f3aebfd11bbdc7122c477288525f5be78be179514808633c9754a67d684,Source Code,api,Gate 4,df45d69,2026-09-29,NestJS API source (modules/IAM/listings/…),Authoritative,Included,
536,workspace/w0-work/backend/apps/api/src/common/auth/permissions.guard.ts,w0-work/backend/apps/api/src/common/auth/permissions.guard.ts,permissions.guard.ts,ts,1596,3c0dc2c3440ca05f87086bc0376f22316c61977092bd5490a1c07f5d254462f8,Source Code,api,Gate 4,df45d69,2026-09-29,NestJS API source (modules/IAM/listings/…),Authoritative,Included,
537,workspace/w0-work/backend/apps/api/src/common/auth/secret-cipher.ts,w0-work/backend/apps/api/src/common/auth/secret-cipher.ts,secret-cipher.ts,ts,1535,d2b944f571ab0a66fa1d1ab5d8a82960ea282109de113f005d4fb1600a2ce9d1,Source Code,api,Gate 4,4fdb484,2026-09-29,NestJS API source (modules/IAM/listings/…),Authoritative,Included,
538,workspace/w0-work/backend/apps/api/src/common/auth/totp.ts,w0-work/backend/apps/api/src/common/auth/totp.ts,totp.ts,ts,2913,c19b3a14366e003478d08d630a1f000dae6b476bc0fe5161c05ec6ca7ace6a32,Source Code,api,Gate 4,4fdb484,2026-09-29,NestJS API source (modules/IAM/listings/…),Authoritative,Included,
539,workspace/w0-work/backend/apps/api/src/common/config/app-config.ts,w0-work/backend/apps/api/src/common/config/app-config.ts,app-config.ts,ts,4797,a6686fd49af398ff496e74cb6b5ed2a0f353aa73e81341014cda5bf1ca5477c3,Source Code,api,Gate 4,4fdb484,2026-09-29,NestJS API source (modules/IAM/listings/…),Authoritative,Included,
540,workspace/w0-work/backend/apps/api/src/common/config/env.validation.ts,w0-work/backend/apps/api/src/common/config/env.validation.ts,env.validation.ts,ts,1177,af8d33f06e0b8268af913a0f3ba6539f99aefd19067937de6f726cfb26859401,Source Code,api,Gate 4,df45d69,2026-09-29,NestJS API source (modules/IAM/listings/…),Authoritative,Included,
541,workspace/w0-work/backend/apps/api/src/common/errors/http-exception.filter.ts,w0-work/backend/apps/api/src/common/errors/http-exception.filter.ts,http-exception.filter.ts,ts,4098,3e78418b58d13e43a78b9371278c14fd1b4504d0844e2ff858963f333d38fee3,Source Code,api,Gate 4,4fdb484,2026-09-29,NestJS API source (modules/IAM/listings/…),Authoritative,Included,
542,workspace/w0-work/backend/apps/api/src/common/http/rate-limit.service.ts,w0-work/backend/apps/api/src/common/http/rate-limit.service.ts,rate-limit.service.ts,ts,2420,3ffa08682b86c88d741e9dcc06cdf22d8a63123d82cb3f69233d47eff95ebd42,Source Code,api,Gate 4,4fdb484,2026-09-29,NestJS API source (modules/IAM/listings/…),Authoritative,Included,
543,workspace/w0-work/backend/apps/api/src/common/i18n/error-catalog.ts,w0-work/backend/apps/api/src/common/i18n/error-catalog.ts,error-catalog.ts,ts,6583,510766fed2d42afb3199886b36c00740efc8d0d198ba21bc2a26d5f9e56f0731,Source Code,api,Gate 4,4fdb484,2026-09-29,NestJS API source (modules/IAM/listings/…),Authoritative,Included,
544,workspace/w0-work/backend/apps/api/src/common/observability/logger.ts,w0-work/backend/apps/api/src/common/observability/logger.ts,logger.ts,ts,2402,71b62580aa445ffb21a9ee69d7d315b43b8dceebde4d1f53d396a45c860d6fb4,Source Code,api,Gate 4,4fdb484,2026-09-29,NestJS API source (modules/IAM/listings/…),Authoritative,Included,
545,workspace/w0-work/backend/apps/api/src/common/observability/metrics.controller.ts,w0-work/backend/apps/api/src/common/observability/metrics.controller.ts,metrics.controller.ts,ts,450,d2c78aeb7bb38bcabaacb3ee21995d70c7e9923532d1bd5f5dad467d4f4d93e8,Source Code,api,Gate 4,4fdb484,2026-09-29,NestJS API source (modules/IAM/listings/…),Authoritative,Included,
546,workspace/w0-work/backend/apps/api/src/common/observability/metrics.ts,w0-work/backend/apps/api/src/common/observability/metrics.ts,metrics.ts,ts,4032,29000ba709d1a5f3bd9d981bc0dc4b22dda6062a50aed21fd51e111c80d41ebe,Source Code,api,Gate 4,4fdb484,2026-09-29,NestJS API source (modules/IAM/listings/…),Authoritative,Included,
547,workspace/w0-work/backend/apps/api/src/common/observability/observability.module.ts,w0-work/backend/apps/api/src/common/observability/observability.module.ts,observability.module.ts,ts,513,0eb3cf3fdf9819bc10fbc783e5915e59a3a06bf26843ffabeb8af508eaeee870,Source Code,api,Gate 4,4fdb484,2026-09-29,NestJS API source (modules/IAM/listings/…),Authoritative,Included,
548,workspace/w0-work/backend/apps/api/src/infrastructure/database.module.ts,w0-work/backend/apps/api/src/infrastructure/database.module.ts,database.module.ts,ts,3381,b6e502561a332eef7571ee6359932b6eb875455f1714bb04de0c95aad4e3cedc,Source Code,api,Gate 4,4fdb484,2026-09-29,NestJS API source (modules/IAM/listings/…),Authoritative,Included,
549,workspace/w0-work/backend/apps/api/src/main.ts,w0-work/backend/apps/api/src/main.ts,main.ts,ts,5155,fba6187563b65727886b56d0d9cf6f4658f71a3e0f70162027bea4f636e01f7f,Source Code,api,Gate 4,4fdb484,2026-09-29,NestJS API source (modules/IAM/listings/…),Authoritative,Included,
550,workspace/w0-work/backend/apps/api/src/modules/admin/admin.module.ts,w0-work/backend/apps/api/src/modules/admin/admin.module.ts,admin.module.ts,ts,499,1d78c9cf7441e99d2d72eb17f65811b7f37b93f9b1cda56850c1fb7010a71378,Source Code,api,Gate 4,4fdb484,2026-09-29,NestJS API source (modules/IAM/listings/…),Authoritative,Included,
551,workspace/w0-work/backend/apps/api/src/modules/admin/presentation/admin.controller.ts,w0-work/backend/apps/api/src/modules/admin/presentation/admin.controller.ts,admin.controller.ts,ts,2856,bb76232171c3abf040e47c7d124d8381c598fceb8e3715f0ef510acfd9542617,Source Code,api,Gate 4,4fdb484,2026-09-29,NestJS API source (modules/IAM/listings/…),Authoritative,Included,
552,workspace/w0-work/backend/apps/api/src/modules/advertising/advertising.module.ts,w0-work/backend/apps/api/src/modules/advertising/advertising.module.ts,advertising.module.ts,ts,588,c2188f5b139bd5f3eaeb34278751b39938d542c356b0d5cda817228ecf399218,Source Code,api,Gate 4,4fdb484,2026-09-29,NestJS API source (modules/IAM/listings/…),Authoritative,Included,
553,workspace/w0-work/backend/apps/api/src/modules/advertising/application/advertising-admin.service.ts,w0-work/backend/apps/api/src/modules/advertising/application/advertising-admin.service.ts,advertising-admin.service.ts,ts,3058,92a8968748fbce233c2526f55ba6cebe02157d9a3b2fe59324a66a67a2d50691,Source Code,api,Gate 4,4fdb484,2026-09-29,NestJS API source (modules/IAM/listings/…),Authoritative,Included,
554,workspace/w0-work/backend/apps/api/src/modules/advertising/application/advertising.service.ts,w0-work/backend/apps/api/src/modules/advertising/application/advertising.service.ts,advertising.service.ts,ts,5484,3ecc17fe78f0cc86b6086a7867f85fb4866113783e6efde921feb0d7ebf4751a,Source Code,api,Gate 4,4fdb484,2026-09-29,NestJS API source (modules/IAM/listings/…),Authoritative,Included,
555,workspace/w0-work/backend/apps/api/src/modules/advertising/presentation/ads.controller.ts,w0-work/backend/apps/api/src/modules/advertising/presentation/ads.controller.ts,ads.controller.ts,ts,5085,f160cbfdcb433582e728a24e339c28fbd31f465225383eafb3fa1fd3de202e14,Source Code,api,Gate 4,4fdb484,2026-09-29,NestJS API source (modules/IAM/listings/…),Authoritative,Included,
556,workspace/w0-work/backend/apps/api/src/modules/authorization/authorization.module.ts,w0-work/backend/apps/api/src/modules/authorization/authorization.module.ts,authorization.module.ts,ts,338,4e543f45605e5834ba3aefffe4d57ca3f2f065fb73cb1e235cf31823782cb755,Source Code,api,Gate 4,df45d69,2026-09-29,NestJS API source (modules/IAM/listings/…),Authoritative,Included,
557,workspace/w0-work/backend/apps/api/src/modules/billing/application/billing-admin.guard.ts,w0-work/backend/apps/api/src/modules/billing/application/billing-admin.guard.ts,billing-admin.guard.ts,ts,833,5fae891b611eabcddf30f722a23b8909fe145981bb633fdc71ecdd29b365a6c3,Source Code,api,Gate 4,4fdb484,2026-09-29,NestJS API source (modules/IAM/listings/…),Authoritative,Included,
558,workspace/w0-work/backend/apps/api/src/modules/billing/application/billing.service.ts,w0-work/backend/apps/api/src/modules/billing/application/billing.service.ts,billing.service.ts,ts,7998,9a9819708c34e12a0976947ad8132267845ee1b6b4e014e5da48a68f2c8032ed,Source Code,api,Gate 4,4fdb484,2026-09-29,NestJS API source (modules/IAM/listings/…),Authoritative,Included,
559,workspace/w0-work/backend/apps/api/src/modules/billing/billing.module.ts,w0-work/backend/apps/api/src/modules/billing/billing.module.ts,billing.module.ts,ts,506,742224ac3e569e37ad40d6560601f1d01b4c0828b96dd9888848eea98279d41c,Source Code,api,Gate 4,4fdb484,2026-09-29,NestJS API source (modules/IAM/listings/…),Authoritative,Included,
560,workspace/w0-work/backend/apps/api/src/modules/billing/presentation/billing.controller.ts,w0-work/backend/apps/api/src/modules/billing/presentation/billing.controller.ts,billing.controller.ts,ts,3496,75c9a003b1b05c3cdec5cf740de3d7251b6bdc4b4417ad7b5c062cffd530ef99,Source Code,api,Gate 4,4fdb484,2026-09-29,NestJS API source (modules/IAM/listings/…),Authoritative,Included,
561,workspace/w0-work/backend/apps/api/src/modules/commission/application/commission-engine.service.ts,w0-work/backend/apps/api/src/modules/commission/application/commission-engine.service.ts,commission-engine.service.ts,ts,8898,cd5e8e79e7982f14db5c3b60fc33fb7475a1d3436fb0a782c46696ca098485db,Source Code,api,Gate 4,4fdb484,2026-09-29,NestJS API source (modules/IAM/listings/…),Authoritative,Included,
562,workspace/w0-work/backend/apps/api/src/modules/commission/application/commission-settlement.service.ts,w0-work/backend/apps/api/src/modules/commission/application/commission-settlement.service.ts,commission-settlement.service.ts,ts,3678,e8ec6b968290868fea2150fa688bc7cc04b9addb7cd4389a355f1e1a79edfaf4,Source Code,api,Gate 4,4fdb484,2026-09-29,NestJS API source (modules/IAM/listings/…),Authoritative,Included,
563,workspace/w0-work/backend/apps/api/src/modules/commission/commission.module.ts,w0-work/backend/apps/api/src/modules/commission/commission.module.ts,commission.module.ts,ts,585,e0a085780e134b7b20061bcaf264001036e42de8c82d75d7da23bdf3acbe60c5,Source Code,api,Gate 4,4fdb484,2026-09-29,NestJS API source (modules/IAM/listings/…),Authoritative,Included,
564,workspace/w0-work/backend/apps/api/src/modules/commission/presentation/commission.controller.ts,w0-work/backend/apps/api/src/modules/commission/presentation/commission.controller.ts,commission.controller.ts,ts,5375,8f401e25d472ec0684f06e7bcfdbe51ef6d2d205301f0e54c9cf9e8388fa3330,Source Code,api,Gate 4,4fdb484,2026-09-29,NestJS API source (modules/IAM/listings/…),Authoritative,Included,
565,workspace/w0-work/backend/apps/api/src/modules/health/health.module.ts,w0-work/backend/apps/api/src/modules/health/health.module.ts,health.module.ts,ts,644,7a0a2be7c65499871df51d5bcdd7cbbf06e812c67174c3a6876894e8642aa826,Source Code,api,Gate 4,df45d69,2026-09-29,NestJS API source (modules/IAM/listings/…),Authoritative,Included,
566,workspace/w0-work/backend/apps/api/src/modules/i18n/application/i18n.service.ts,w0-work/backend/apps/api/src/modules/i18n/application/i18n.service.ts,i18n.service.ts,ts,5252,a75ce7384a0e5a5493c10c07faf67fa0962bff300642eadf6e7b9e4acc568bba,Source Code,api,Gate 4,4fdb484,2026-09-29,NestJS API source (modules/IAM/listings/…),Authoritative,Included,
567,workspace/w0-work/backend/apps/api/src/modules/i18n/i18n.module.ts,w0-work/backend/apps/api/src/modules/i18n/i18n.module.ts,i18n.module.ts,ts,448,973a59c8a055cffa377c575738cc41ebd424c1e4f9b7b3aa36214e45d84e5f8b,Source Code,api,Gate 4,4fdb484,2026-09-29,NestJS API source (modules/IAM/listings/…),Authoritative,Included,
568,workspace/w0-work/backend/apps/api/src/modules/i18n/presentation/i18n.controller.ts,w0-work/backend/apps/api/src/modules/i18n/presentation/i18n.controller.ts,i18n.controller.ts,ts,3252,390f149df8063081567c081e5a24c34ade1b4744fe2ab86437de4d6474032a8d,Source Code,api,Gate 4,4fdb484,2026-09-29,NestJS API source (modules/IAM/listings/…),Authoritative,Included,
569,workspace/w0-work/backend/apps/api/src/modules/iam/application/iam-hardening.service.ts,w0-work/backend/apps/api/src/modules/iam/application/iam-hardening.service.ts,iam-hardening.service.ts,ts,15171,36c119101fcaec20e88f860e50f820177363ef947a8b74525ddc1a11b592c41e,Source Code,api,Gate 4,4fdb484,2026-09-29,NestJS API source (modules/IAM/listings/…),Authoritative,Included,
570,workspace/w0-work/backend/apps/api/src/modules/iam/application/iam.service.ts,w0-work/backend/apps/api/src/modules/iam/application/iam.service.ts,iam.service.ts,ts,8350,206bf2559eab01a18c03682f974252ff323b4d01718c8b1a74d1a57b77ecfe4d,Source Code,api,Gate 4,4fdb484,2026-09-29,NestJS API source (modules/IAM/listings/…),Authoritative,Included,
571,workspace/w0-work/backend/apps/api/src/modules/iam/domain/iam.errors.ts,w0-work/backend/apps/api/src/modules/iam/domain/iam.errors.ts,iam.errors.ts,ts,157,73f0fcd21af62fcbf170059c41ab9f648e8d15ae0d59a88809a5e67be40ca34a,Source Code,api,Gate 4,df45d69,2026-09-29,NestJS API source (modules/IAM/listings/…),Authoritative,Included,
572,workspace/w0-work/backend/apps/api/src/modules/iam/iam.module.ts,w0-work/backend/apps/api/src/modules/iam/iam.module.ts,iam.module.ts,ts,1505,d1a882f3eeb8b8c35666bb1061f293f205725c45290a9fb2bb44d15eb2c81fc8,Source Code,api,Gate 4,4fdb484,2026-09-29,NestJS API source (modules/IAM/listings/…),Authoritative,Included,
573,workspace/w0-work/backend/apps/api/src/modules/iam/infrastructure/oauth-providers.ts,w0-work/backend/apps/api/src/modules/iam/infrastructure/oauth-providers.ts,oauth-providers.ts,ts,4965,a0be0cd45381bb9654b3b987ca5e4745f321e16f08f4cab7042d91357bbceb8a,Source Code,api,Gate 4,4fdb484,2026-09-29,NestJS API source (modules/IAM/listings/…),Authoritative,Included,
574,workspace/w0-work/backend/apps/api/src/modules/iam/presentation/dto/hardening.dto.ts,w0-work/backend/apps/api/src/modules/iam/presentation/dto/hardening.dto.ts,hardening.dto.ts,ts,1013,12fe08bd7d351a6edbd76331e25adb92deae41ac7e797acc43e17ae45c615e5e,Source Code,api,Gate 4,4fdb484,2026-09-29,NestJS API source (modules/IAM/listings/…),Authoritative,Included,
575,workspace/w0-work/backend/apps/api/src/modules/iam/presentation/dto/login.dto.ts,w0-work/backend/apps/api/src/modules/iam/presentation/dto/login.dto.ts,login.dto.ts,ts,193,9e1bee41d12c9cb006c0ed709395abd7fc3678ee00addc6cb82ae08b7dbf3b25,Source Code,api,Gate 4,df45d69,2026-09-29,NestJS API source (modules/IAM/listings/…),Authoritative,Included,
576,workspace/w0-work/backend/apps/api/src/modules/iam/presentation/dto/refresh.dto.ts,w0-work/backend/apps/api/src/modules/iam/presentation/dto/refresh.dto.ts,refresh.dto.ts,ts,135,eab106890e26cbae1cbe3ae11d2bab79a025d8231b146e27ab7e5545cb65bcca,Source Code,api,Gate 4,df45d69,2026-09-29,NestJS API source (modules/IAM/listings/…),Authoritative,Included,
577,workspace/w0-work/backend/apps/api/src/modules/iam/presentation/dto/register.dto.ts,w0-work/backend/apps/api/src/modules/iam/presentation/dto/register.dto.ts,register.dto.ts,ts,644,3be4d0d5558a9e0a65be86d474065fe43e6819c5bc583c557994881f0bb86a15,Source Code,api,Gate 4,df45d69,2026-09-29,NestJS API source (modules/IAM/listings/…),Authoritative,Included,
578,workspace/w0-work/backend/apps/api/src/modules/iam/presentation/iam-hardening.controller.ts,w0-work/backend/apps/api/src/modules/iam/presentation/iam-hardening.controller.ts,iam-hardening.controller.ts,ts,5524,7e7bff62f024ff94dde64f4010e51dc3f7f7800f958e0dfe2d957699481b787c,Source Code,api,Gate 4,4fdb484,2026-09-29,NestJS API source (modules/IAM/listings/…),Authoritative,Included,
579,workspace/w0-work/backend/apps/api/src/modules/iam/presentation/iam.controller.ts,w0-work/backend/apps/api/src/modules/iam/presentation/iam.controller.ts,iam.controller.ts,ts,1942,6cda677a0facb2e6f44e44dc35d3cd7470d8a5db390d0efc5f36ca4e2bf9515e,Source Code,api,Gate 4,df45d69,2026-09-29,NestJS API source (modules/IAM/listings/…),Authoritative,Included,
580,workspace/w0-work/backend/apps/api/src/modules/legal/legal.module.ts,w0-work/backend/apps/api/src/modules/legal/legal.module.ts,legal.module.ts,ts,2457,bf6fa95b78451a9454b7416d6e8b26ead6c7e9f52a0a384abb04f7fa2686d7af,Source Code,api,Gate 4,4fdb484,2026-09-29,NestJS API source (modules/IAM/listings/…),Authoritative,Included,
581,workspace/w0-work/backend/apps/api/src/modules/listings/application/listing-search.service.ts,w0-work/backend/apps/api/src/modules/listings/application/listing-search.service.ts,listing-search.service.ts,ts,1662,9d7374238e0506a61b7c3293c5b513ddece125e53c547217568f787445007ee8,Source Code,api,Gate 4,4fdb484,2026-09-29,NestJS API source (modules/IAM/listings/…),Authoritative,Included,
582,workspace/w0-work/backend/apps/api/src/modules/listings/application/listing.service.ts,w0-work/backend/apps/api/src/modules/listings/application/listing.service.ts,listing.service.ts,ts,10040,814ed1eeaf67210829aa5632ed56065ca2d597cf7aaacf202d81151bbb73b3dc,Source Code,api,Gate 4,4fdb484,2026-09-29,NestJS API source (modules/IAM/listings/…),Authoritative,Included,
583,workspace/w0-work/backend/apps/api/src/modules/listings/domain/listing-state.machine.ts,w0-work/backend/apps/api/src/modules/listings/domain/listing-state.machine.ts,listing-state.machine.ts,ts,6377,43489971d64ad0b864a483906ea9392a3e596a44603a962d1c355b808f7de5cb,Source Code,api,Gate 4,4fdb484,2026-09-29,NestJS API source (modules/IAM/listings/…),Authoritative,Included,
584,workspace/w0-work/backend/apps/api/src/modules/listings/domain/publication-policy.ts,w0-work/backend/apps/api/src/modules/listings/domain/publication-policy.ts,publication-policy.ts,ts,2135,dec3dd41684ee5a618ba32b246c7959beedf569815931edb6051cee1ff1b9de9,Source Code,api,Gate 4,4fdb484,2026-09-29,NestJS API source (modules/IAM/listings/…),Authoritative,Included,
585,workspace/w0-work/backend/apps/api/src/modules/listings/listings.module.ts,w0-work/backend/apps/api/src/modules/listings/listings.module.ts,listings.module.ts,ts,560,1016effc8127195727722a6b1f81dd26cffa22e14a018afbc35e0bdacbc96ba1,Source Code,api,Gate 4,4fdb484,2026-09-29,NestJS API source (modules/IAM/listings/…),Authoritative,Included,
586,workspace/w0-work/backend/apps/api/src/modules/listings/presentation/dto/attach-media.dto.ts,w0-work/backend/apps/api/src/modules/listings/presentation/dto/attach-media.dto.ts,attach-media.dto.ts,ts,325,78dad222500bc65713545b319fe7c4235acbd2bff45679dae7133546c822355a,Source Code,api,Gate 4,df45d69,2026-09-29,NestJS API source (modules/IAM/listings/…),Authoritative,Included,
587,workspace/w0-work/backend/apps/api/src/modules/listings/presentation/dto/create-listing.dto.ts,w0-work/backend/apps/api/src/modules/listings/presentation/dto/create-listing.dto.ts,create-listing.dto.ts,ts,727,c2c2a0aee39048557ef6aa8edebe0166489dbb2f416b8819f11eae56f2821dcc,Source Code,api,Gate 4,df45d69,2026-09-29,NestJS API source (modules/IAM/listings/…),Authoritative,Included,
588,workspace/w0-work/backend/apps/api/src/modules/listings/presentation/dto/listing-search-query.dto.ts,w0-work/backend/apps/api/src/modules/listings/presentation/dto/listing-search-query.dto.ts,listing-search-query.dto.ts,ts,937,e140b281a0eb4d393232fb8ad3190c4f9d8d7c61fca8119946f8d98a8c34f2f3,Source Code,api,Gate 4,4fdb484,2026-09-29,NestJS API source (modules/IAM/listings/…),Authoritative,Included,
589,workspace/w0-work/backend/apps/api/src/modules/listings/presentation/dto/state-transition.dto.ts,w0-work/backend/apps/api/src/modules/listings/presentation/dto/state-transition.dto.ts,state-transition.dto.ts,ts,227,4e8c3ae0b4877ac70746b9031fc771d8fb416d289599f7d4c82ba22cb06b2dfe,Source Code,api,Gate 4,df45d69,2026-09-29,NestJS API source (modules/IAM/listings/…),Authoritative,Included,
590,workspace/w0-work/backend/apps/api/src/modules/listings/presentation/listings.controller.ts,w0-work/backend/apps/api/src/modules/listings/presentation/listings.controller.ts,listings.controller.ts,ts,5581,edb5e7c1519e6b3a35e1fe3ba8d7a9a23bf2344b370b2cff82763403b405b3a6,Source Code,api,Gate 4,4fdb484,2026-09-29,NestJS API source (modules/IAM/listings/…),Authoritative,Included,
591,workspace/w0-work/backend/apps/api/src/modules/media/application/media.service.ts,w0-work/backend/apps/api/src/modules/media/application/media.service.ts,media.service.ts,ts,5297,0649614b8c72c01b80df485c5864a17f4e4deeea11f399546ae0eb7204e9c62c,Source Code,api,Gate 4,4fdb484,2026-09-29,NestJS API source (modules/IAM/listings/…),Authoritative,Included,
592,workspace/w0-work/backend/apps/api/src/modules/media/media.module.ts,w0-work/backend/apps/api/src/modules/media/media.module.ts,media.module.ts,ts,400,bf6f373b6961da048b6e5a059dc91e84f054e92f62591606afa9161b8f2dda5d,Source Code,api,Gate 4,4fdb484,2026-09-29,NestJS API source (modules/IAM/listings/…),Authoritative,Included,
593,workspace/w0-work/backend/apps/api/src/modules/media/presentation/media.controller.ts,w0-work/backend/apps/api/src/modules/media/presentation/media.controller.ts,media.controller.ts,ts,2429,30be633179e0efcbfe14e53396491babb489a7b6cf8796bf4b356efa7b4aa139,Source Code,api,Gate 4,4fdb484,2026-09-29,NestJS API source (modules/IAM/listings/…),Authoritative,Included,
594,workspace/w0-work/backend/apps/api/src/modules/notifications/application/notification.service.ts,w0-work/backend/apps/api/src/modules/notifications/application/notification.service.ts,notification.service.ts,ts,3462,e1ecfea187aa4f307315a10f7f471662b2c11419b2055ec23ba797d84b13774e,Source Code,api,Gate 4,4fdb484,2026-09-29,NestJS API source (modules/IAM/listings/…),Authoritative,Included,
595,workspace/w0-work/backend/apps/api/src/modules/notifications/notifications.module.ts,w0-work/backend/apps/api/src/modules/notifications/notifications.module.ts,notifications.module.ts,ts,460,2c45d56860e7f39b51db8b63432cd8685ceaa85ad57b23772ca1c22cb3a6f52a,Source Code,api,Gate 4,4fdb484,2026-09-29,NestJS API source (modules/IAM/listings/…),Authoritative,Included,
596,workspace/w0-work/backend/apps/api/src/modules/notifications/presentation/notifications.controller.ts,w0-work/backend/apps/api/src/modules/notifications/presentation/notifications.controller.ts,notifications.controller.ts,ts,2385,1648bbe175744f96d284ae64ecd0ca96e929cfccac738db3a23feb4651b1e473,Source Code,api,Gate 4,4fdb484,2026-09-29,NestJS API source (modules/IAM/listings/…),Authoritative,Included,
597,workspace/w0-work/backend/apps/api/src/modules/properties/application/assign-owner.handler.ts,w0-work/backend/apps/api/src/modules/properties/application/assign-owner.handler.ts,assign-owner.handler.ts,ts,1248,c53e32970f7424b58ffac00e756ab47537e3d08a7f7f4fe61ae3299199cf88f7,Source Code,api,Gate 4,df45d69,2026-09-29,NestJS API source (modules/IAM/listings/…),Authoritative,Included,
598,workspace/w0-work/backend/apps/api/src/modules/properties/application/create-property.handler.ts,w0-work/backend/apps/api/src/modules/properties/application/create-property.handler.ts,create-property.handler.ts,ts,595,ee5e5014ee7444d6daff57841eda9f077338c5d76d890b6cb9c945d70cc4e5f2,Source Code,api,Gate 4,df45d69,2026-09-29,NestJS API source (modules/IAM/listings/…),Authoritative,Included,
599,workspace/w0-work/backend/apps/api/src/modules/properties/domain/property.repository.ts,w0-work/backend/apps/api/src/modules/properties/domain/property.repository.ts,property.repository.ts,ts,173,3c293a6f10eab76b9cb7171bb7baf5a79765b0659e0b3674cd5171223a3fc001,Source Code,api,Gate 4,df45d69,2026-09-29,NestJS API source (modules/IAM/listings/…),Authoritative,Included,
600,workspace/w0-work/backend/apps/api/src/modules/properties/presentation/dto/assign-owner.dto.ts,w0-work/backend/apps/api/src/modules/properties/presentation/dto/assign-owner.dto.ts,assign-owner.dto.ts,ts,397,19d0b8e89c3b8d38beed488df6928c1f2633127e1e9e483a0dfe1720dffc9b41,Source Code,api,Gate 4,df45d69,2026-09-29,NestJS API source (modules/IAM/listings/…),Authoritative,Included,
601,workspace/w0-work/backend/apps/api/src/modules/properties/presentation/dto/create-property.dto.ts,w0-work/backend/apps/api/src/modules/properties/presentation/dto/create-property.dto.ts,create-property.dto.ts,ts,302,88355cc20769fe4a84a68c60861ddd8515e354023679a3a373cbc70d44726edb,Source Code,api,Gate 4,df45d69,2026-09-29,NestJS API source (modules/IAM/listings/…),Authoritative,Included,
602,workspace/w0-work/backend/apps/api/src/modules/properties/presentation/properties.controller.ts,w0-work/backend/apps/api/src/modules/properties/presentation/properties.controller.ts,properties.controller.ts,ts,2618,d61b8140dcdf8bcd8eca1a60e1824bdb40d17009f032ff475edcce7de2bd4ed3,Source Code,api,Gate 4,4fdb484,2026-09-29,NestJS API source (modules/IAM/listings/…),Authoritative,Included,
603,workspace/w0-work/backend/apps/api/src/modules/properties/properties.module.ts,w0-work/backend/apps/api/src/modules/properties/properties.module.ts,properties.module.ts,ts,514,9610e349bfca78d5579d9014eaafe6ed24eb08e7741cfc4947ac54f96aeeda98,Source Code,api,Gate 4,df45d69,2026-09-29,NestJS API source (modules/IAM/listings/…),Authoritative,Included,
604,workspace/w0-work/backend/apps/api/src/modules/search/application/search.service.ts,w0-work/backend/apps/api/src/modules/search/application/search.service.ts,search.service.ts,ts,5866,52f6fa7a28f97c4fa384cd23ff0b19eec923748298fe534a05486623e5724917,Source Code,api,Gate 4,4fdb484,2026-09-29,NestJS API source (modules/IAM/listings/…),Authoritative,Included,
605,workspace/w0-work/backend/apps/api/src/modules/search/domain/search-engine.port.ts,w0-work/backend/apps/api/src/modules/search/domain/search-engine.port.ts,search-engine.port.ts,ts,1459,1dbf61b9e34ee198b42466579a9d838f8ac4f356320655726ede69ad57ae0b48,Source Code,api,Gate 4,4fdb484,2026-09-29,NestJS API source (modules/IAM/listings/…),Authoritative,Included,
606,workspace/w0-work/backend/apps/api/src/modules/search/infrastructure/opensearch.engine.ts,w0-work/backend/apps/api/src/modules/search/infrastructure/opensearch.engine.ts,opensearch.engine.ts,ts,6275,0aa6be2ea873d1628ed1d0d20ed38726913d6e8501f88e789ca106abd4cf989c,Source Code,api,Gate 4,4fdb484,2026-09-29,NestJS API source (modules/IAM/listings/…),Authoritative,Included,
607,workspace/w0-work/backend/apps/api/src/modules/search/infrastructure/pg-fts.engine.ts,w0-work/backend/apps/api/src/modules/search/infrastructure/pg-fts.engine.ts,pg-fts.engine.ts,ts,7661,458f8f0220d76c7702989dab3662c466f98dd6a0c844201be287741e246ddb0e,Source Code,api,Gate 4,4fdb484,2026-09-29,NestJS API source (modules/IAM/listings/…),Authoritative,Included,
608,workspace/w0-work/backend/apps/api/src/modules/search/presentation/dto/search-query.dto.ts,w0-work/backend/apps/api/src/modules/search/presentation/dto/search-query.dto.ts,search-query.dto.ts,ts,937,e140b281a0eb4d393232fb8ad3190c4f9d8d7c61fca8119946f8d98a8c34f2f3,Source Code,api,Gate 4,4fdb484,2026-09-29,NestJS API source (modules/IAM/listings/…),Authoritative,Included,
609,workspace/w0-work/backend/apps/api/src/modules/search/presentation/search.controller.ts,w0-work/backend/apps/api/src/modules/search/presentation/search.controller.ts,search.controller.ts,ts,1639,0fef6a9e2b951a211f2d279b0662ba9abef33aa744359a27cea19d7bded7c2ab,Source Code,api,Gate 4,4fdb484,2026-09-29,NestJS API source (modules/IAM/listings/…),Authoritative,Included,
610,workspace/w0-work/backend/apps/api/src/modules/search/search.module.ts,w0-work/backend/apps/api/src/modules/search/search.module.ts,search.module.ts,ts,408,7217f8b0d792b23b7cfed9178a689f823e8fbee35afde90e660109401cc68b28,Source Code,api,Gate 4,4fdb484,2026-09-29,NestJS API source (modules/IAM/listings/…),Authoritative,Included,
611,workspace/w0-work/backend/apps/api/test/g4-commission-engine.spec.ts,w0-work/backend/apps/api/test/g4-commission-engine.spec.ts,g4-commission-engine.spec.ts,ts,6480,3c69c77d8cbcf72d05b1110d2acee038d4fab8fc9174a651b5ce9706a47fd280,Test,api,Gate 4,4fdb484,2026-09-29,API unit/integration/E2E/red-team test,Authoritative,Included,
612,workspace/w0-work/backend/apps/api/test/g4-e2e-redteam.spec.ts,w0-work/backend/apps/api/test/g4-e2e-redteam.spec.ts,g4-e2e-redteam.spec.ts,ts,17369,ec54de1b53b66053708c76a05cb4c62a965ebebd2d7dea69fccffefc5045992a,Test,api,Gate 4,4fdb484,2026-09-29,API unit/integration/E2E/red-team test,Authoritative,Included,
613,workspace/w0-work/backend/apps/api/test/g4-i18n.spec.ts,w0-work/backend/apps/api/test/g4-i18n.spec.ts,g4-i18n.spec.ts,ts,2875,bc3fe9f67a3b8c63707afde08e11489c10a440a4eda5f0282d23a73016608a11,Test,api,Gate 4,4fdb484,2026-09-29,API unit/integration/E2E/red-team test,Authoritative,Included,
614,workspace/w0-work/backend/apps/api/test/g4-listing-state-machine.spec.ts,w0-work/backend/apps/api/test/g4-listing-state-machine.spec.ts,g4-listing-state-machine.spec.ts,ts,2082,aab447c58c63a29cb67e21dd27f176abfb30d491d45271b062ab906ccd40e9b1,Test,api,Gate 4,4fdb484,2026-09-29,API unit/integration/E2E/red-team test,Authoritative,Included,
615,workspace/w0-work/backend/apps/api/test/g4-mfa-antibot.spec.ts,w0-work/backend/apps/api/test/g4-mfa-antibot.spec.ts,g4-mfa-antibot.spec.ts,ts,2940,6497c6d060d579dbaa128d6684a39341a04daef2ade0391f2d2773639a3a0d6f,Test,api,Gate 4,4fdb484,2026-09-29,API unit/integration/E2E/red-team test,Authoritative,Included,
616,workspace/w0-work/backend/apps/api/test/g4-publication-policy.spec.ts,w0-work/backend/apps/api/test/g4-publication-policy.spec.ts,g4-publication-policy.spec.ts,ts,3296,0cc6b8cad5ac66298837a40699d9e177e8ebd8816654eaacc8e31bd65780f85f,Test,api,Gate 4,4fdb484,2026-09-29,API unit/integration/E2E/red-team test,Authoritative,Included,
617,workspace/w0-work/backend/apps/api/test/iam.service.spec.ts,w0-work/backend/apps/api/test/iam.service.spec.ts,iam.service.spec.ts,ts,2768,07136f7ec1375f7c1b8bab6913a6092e27770b3dee6c0048358da594fbee61df,Test,api,Gate 4,4fdb484,2026-09-29,API unit/integration/E2E/red-team test,Authoritative,Included,
618,workspace/w0-work/backend/apps/api/test/integration/db.integration.spec.ts,w0-work/backend/apps/api/test/integration/db.integration.spec.ts,db.integration.spec.ts,ts,536,f30aaf04fbea0ab0574715de94ed89ce15f83f2e3d2a6484ee3d9b9d70ffb4dd,Test,api,Gate 4,df45d69,2026-09-29,API unit/integration/E2E/red-team test,Authoritative,Included,
619,workspace/w0-work/backend/apps/api/test/integration/g4.integration.spec.ts,w0-work/backend/apps/api/test/integration/g4.integration.spec.ts,g4.integration.spec.ts,ts,17347,c9ac904180d829ff3770cb53f13e948794081bab28a51f8d40143144c14837ca,Test,api,Gate 4,4fdb484,2026-09-29,API unit/integration/E2E/red-team test,Authoritative,Included,
620,workspace/w0-work/backend/apps/api/test/jest-e2e.json,w0-work/backend/apps/api/test/jest-e2e.json,jest-e2e.json,json,242,c1acdb73764f2beb2365a388ef88c1256f1be321d62de05a1ce713d1b73d7f11,Test,api,Gate 4,df45d69,2026-09-29,API unit/integration/E2E/red-team test,Authoritative,Included,
621,workspace/w0-work/backend/apps/api/test/jest-integration.json,w0-work/backend/apps/api/test/jest-integration.json,jest-integration.json,json,254,a357df6a6736301786ba4d054f7d5c4b7306695ff23cc7dfc604617fb0af974a,Test,api,Gate 4,df45d69,2026-09-29,API unit/integration/E2E/red-team test,Authoritative,Included,
622,workspace/w0-work/backend/apps/api/test/listing-state.machine.spec.ts,w0-work/backend/apps/api/test/listing-state.machine.spec.ts,listing-state.machine.spec.ts,ts,809,55912d22bdae95f7ef1d64935afc6f2d2f7637057a09b658889c3598e95af283,Test,api,Gate 4,df45d69,2026-09-29,API unit/integration/E2E/red-team test,Authoritative,Included,
623,workspace/w0-work/backend/apps/api/test/property.repository.contract.spec.ts,w0-work/backend/apps/api/test/property.repository.contract.spec.ts,property.repository.contract.spec.ts,ts,367,583526b10b583f1bacfa0a00ceaa36535e506806921f8d607f0f3e2cdbe23da8,Test,api,Gate 4,df45d69,2026-09-29,API unit/integration/E2E/red-team test,Authoritative,Included,
624,workspace/w0-work/backend/apps/api/tsconfig.json,w0-work/backend/apps/api/tsconfig.json,tsconfig.json,json,331,806dda9b70fb9b336185645c4763ba0bc6509d6c587af25f5b8b2ab9df106b57,Source Code,api,Gate 4,df45d69,2026-09-29,NestJS API source (modules/IAM/listings/…),Authoritative,Included,
625,workspace/w0-work/backend/apps/worker/dist/main.d.ts,w0-work/backend/apps/worker/dist/main.d.ts,main.d.ts,ts,11,8e609bb71c20b858c77f0e9f90bb1319db8477b13f9f965f1a1e18524bf50881,Build Output,worker,Gate 4,4fdb484,2026-09-29,Committed compiled worker output,Generated,Included,committed dist — kept for HEAD fidelity
626,workspace/w0-work/backend/apps/worker/dist/main.js,w0-work/backend/apps/worker/dist/main.js,main.js,js,5051,a22a3b8ad66a6555d5e271805d20c6ef0f054bb04b27e57ae1c6b3f67b657c77,Build Output,worker,Gate 4,4fdb484,2026-09-29,Committed compiled worker output,Generated,Included,committed dist — kept for HEAD fidelity
627,workspace/w0-work/backend/apps/worker/dist/runner.d.ts,w0-work/backend/apps/worker/dist/runner.d.ts,runner.d.ts,ts,1132,a45e05bb40105fe3c568b4cbc497a7415cb6c1b5c5de1922997909a70f7cfb8a,Build Output,worker,Gate 4,4fdb484,2026-09-29,Committed compiled worker output,Generated,Included,committed dist — kept for HEAD fidelity
628,workspace/w0-work/backend/apps/worker/dist/runner.js,w0-work/backend/apps/worker/dist/runner.js,runner.js,js,3331,7ac77b35d70d8cc0675211a88433c15286d9adc4463e8a97c893e6f756fe83b3,Build Output,worker,Gate 4,4fdb484,2026-09-29,Committed compiled worker output,Generated,Included,committed dist — kept for HEAD fidelity
629,workspace/w0-work/backend/apps/worker/dist/transports/transports.d.ts,w0-work/backend/apps/worker/dist/transports/transports.d.ts,transports.d.ts,ts,2506,be77e66f98e1e625f43fa2ab8272477199f03dab002d57a3d9f918d3e5c4f309,Build Output,worker,Gate 4,4fdb484,2026-09-29,Committed compiled worker output,Generated,Included,committed dist — kept for HEAD fidelity
630,workspace/w0-work/backend/apps/worker/dist/transports/transports.js,w0-work/backend/apps/worker/dist/transports/transports.js,transports.js,js,3677,3c2dcc72ddd8d5d70e0e5d8a4396ad75682785dde842d3db13e7f77d1cd484ba,Build Output,worker,Gate 4,4fdb484,2026-09-29,Committed compiled worker output,Generated,Included,committed dist — kept for HEAD fidelity
631,workspace/w0-work/backend/apps/worker/dist/workers/analytics.worker.d.ts,w0-work/backend/apps/worker/dist/workers/analytics.worker.d.ts,analytics.worker.d.ts,ts,419,f610717dfe4f53ff76f301f44cd1010bb8df625cae32a8991296b4dad085d431,Build Output,worker,Gate 4,4fdb484,2026-09-29,Committed compiled worker output,Generated,Included,committed dist — kept for HEAD fidelity
632,workspace/w0-work/backend/apps/worker/dist/workers/analytics.worker.js,w0-work/backend/apps/worker/dist/workers/analytics.worker.js,analytics.worker.js,js,2745,36061dac3d8125392b10f426769ac293c6402ca24a7779775a8830f7c8c78a3b,Build Output,worker,Gate 4,4fdb484,2026-09-29,Committed compiled worker output,Generated,Included,committed dist — kept for HEAD fidelity
633,workspace/w0-work/backend/apps/worker/dist/workers/cleanup.worker.d.ts,w0-work/backend/apps/worker/dist/workers/cleanup.worker.d.ts,cleanup.worker.d.ts,ts,455,47e03d568d2aab850287a3c5184ef720c4468f49a881d800b993149674dbf86c,Build Output,worker,Gate 4,4fdb484,2026-09-29,Committed compiled worker output,Generated,Included,committed dist — kept for HEAD fidelity
634,workspace/w0-work/backend/apps/worker/dist/workers/cleanup.worker.js,w0-work/backend/apps/worker/dist/workers/cleanup.worker.js,cleanup.worker.js,js,2399,e9cd451384eadcd45635c66027ba25a6f8d9281e38a2a1db74d97fe2cdf2038d,Build Output,worker,Gate 4,4fdb484,2026-09-29,Committed compiled worker output,Generated,Included,committed dist — kept for HEAD fidelity
635,workspace/w0-work/backend/apps/worker/dist/workers/fraud.worker.d.ts,w0-work/backend/apps/worker/dist/workers/fraud.worker.d.ts,fraud.worker.d.ts,ts,514,df467acdb058fb5e4a20fc72f7e87d4ada569ddbf256056a29324c3c18560fa2,Build Output,worker,Gate 4,4fdb484,2026-09-29,Committed compiled worker output,Generated,Included,committed dist — kept for HEAD fidelity
636,workspace/w0-work/backend/apps/worker/dist/workers/fraud.worker.js,w0-work/backend/apps/worker/dist/workers/fraud.worker.js,fraud.worker.js,js,2885,ee1320c4b78dddf44d0e0a26e1f31050849ca7e2fc2421d5f62ab11a769f66bd,Build Output,worker,Gate 4,4fdb484,2026-09-29,Committed compiled worker output,Generated,Included,committed dist — kept for HEAD fidelity
637,workspace/w0-work/backend/apps/worker/dist/workers/media.worker.d.ts,w0-work/backend/apps/worker/dist/workers/media.worker.d.ts,media.worker.d.ts,ts,186,52b1af8200880b359aa427b9d55871bca8c1f649f288542058b0b3972c4a742e,Build Output,worker,Gate 4,4fdb484,2026-09-29,Committed compiled worker output,Generated,Included,committed dist — kept for HEAD fidelity
638,workspace/w0-work/backend/apps/worker/dist/workers/media.worker.js,w0-work/backend/apps/worker/dist/workers/media.worker.js,media.worker.js,js,8071,508de06a302f6d21e19230099bfbc01de5ac9dfcc8515d79bc350e93bcb0e7b6,Build Output,worker,Gate 4,4fdb484,2026-09-29,Committed compiled worker output,Generated,Included,committed dist — kept for HEAD fidelity
639,workspace/w0-work/backend/apps/worker/dist/workers/notifications.d.ts,w0-work/backend/apps/worker/dist/workers/notifications.d.ts,notifications.d.ts,ts,373,fae5cc05c5b621a4f2bff38a55c79a615ab26cf38b80793dbd203537862d5d10,Build Output,worker,Gate 4,4fdb484,2026-09-29,Committed compiled worker output,Generated,Included,committed dist — kept for HEAD fidelity
640,workspace/w0-work/backend/apps/worker/dist/workers/notifications.js,w0-work/backend/apps/worker/dist/workers/notifications.js,notifications.js,js,5569,a1514b4eafef6c1404176a64f92513df440eacc4040d13c259d2f32039f9fe9d,Build Output,worker,Gate 4,4fdb484,2026-09-29,Committed compiled worker output,Generated,Included,committed dist — kept for HEAD fidelity
641,workspace/w0-work/backend/apps/worker/dist/workers/outbox-and-search.d.ts,w0-work/backend/apps/worker/dist/workers/outbox-and-search.d.ts,outbox-and-search.d.ts,ts,1060,f78266589f793b1d6295934acd4baf8773bb731d07b8dfca06ac1713aaf9cbeb,Build Output,worker,Gate 4,4fdb484,2026-09-29,Committed compiled worker output,Generated,Included,committed dist — kept for HEAD fidelity
642,workspace/w0-work/backend/apps/worker/dist/workers/outbox-and-search.js,w0-work/backend/apps/worker/dist/workers/outbox-and-search.js,outbox-and-search.js,js,6360,235d71a3fe73a863026b2a03d41d225b66fecf1deeb17860999299f722658d7f,Build Output,worker,Gate 4,4fdb484,2026-09-29,Committed compiled worker output,Generated,Included,committed dist — kept for HEAD fidelity
643,workspace/w0-work/backend/apps/worker/package.json,w0-work/backend/apps/worker/package.json,package.json,json,555,6d4086542313b745e95f4618d02901fce79bfd5442080ecf3cea2c1dc30bbf44,Source Code,worker,Gate 4,4fdb484,2026-09-29,Worker app (9 background workers),Authoritative,Included,
644,workspace/w0-work/backend/apps/worker/src/main.ts,w0-work/backend/apps/worker/src/main.ts,main.ts,ts,4899,b93242b8c6c9987862d53c76b1a5c688945220a2679bdd65d07b1daf8e564aeb,Source Code,worker,Gate 4,4fdb484,2026-09-29,Worker app (9 background workers),Authoritative,Included,
645,workspace/w0-work/backend/apps/worker/src/runner.ts,w0-work/backend/apps/worker/src/runner.ts,runner.ts,ts,3360,f221664a87ace0d59c7b852bddfcfe09038d8483421aae43ad37ba1227134d0e,Source Code,worker,Gate 4,4fdb484,2026-09-29,Worker app (9 background workers),Authoritative,Included,
646,workspace/w0-work/backend/apps/worker/src/transports/transports.ts,w0-work/backend/apps/worker/src/transports/transports.ts,transports.ts,ts,4705,90a606ba25485d6d9d6527d9c611ee7a9834baf8058dcfce0c3b864d606bac9a,Source Code,worker,Gate 4,4fdb484,2026-09-29,Worker app (9 background workers),Authoritative,Included,
647,workspace/w0-work/backend/apps/worker/src/workers/analytics.worker.ts,w0-work/backend/apps/worker/src/workers/analytics.worker.ts,analytics.worker.ts,ts,2653,bce086b6f15943429e8c02e5053741b77f298d74663bea231f7e2425974bd290,Source Code,worker,Gate 4,4fdb484,2026-09-29,Worker app (9 background workers),Authoritative,Included,
648,workspace/w0-work/backend/apps/worker/src/workers/cleanup.worker.ts,w0-work/backend/apps/worker/src/workers/cleanup.worker.ts,cleanup.worker.ts,ts,2106,519cb67c54ba33be0567d6396b08600e29c6392d2b90e65ff341b4e486f25645,Source Code,worker,Gate 4,4fdb484,2026-09-29,Worker app (9 background workers),Authoritative,Included,
649,workspace/w0-work/backend/apps/worker/src/workers/fraud.worker.ts,w0-work/backend/apps/worker/src/workers/fraud.worker.ts,fraud.worker.ts,ts,2929,c21d6503e4f8274016640e851713e1695da7cf6295e7060dcc4ef220d70615b3,Source Code,worker,Gate 4,4fdb484,2026-09-29,Worker app (9 background workers),Authoritative,Included,
650,workspace/w0-work/backend/apps/worker/src/workers/media.worker.ts,w0-work/backend/apps/worker/src/workers/media.worker.ts,media.worker.ts,ts,7300,c7981272839e863b370b8ad2befd6e7d353ccadd733bdc2eddb60f3161b1d71c,Source Code,worker,Gate 4,4fdb484,2026-09-29,Worker app (9 background workers),Authoritative,Included,
651,workspace/w0-work/backend/apps/worker/src/workers/notifications.ts,w0-work/backend/apps/worker/src/workers/notifications.ts,notifications.ts,ts,5891,c12b48f9c71ab176d1ba7e7ace3af3352bc2a857905b5ca7bb1afbb0b52e3040,Source Code,worker,Gate 4,4fdb484,2026-09-29,Worker app (9 background workers),Authoritative,Included,
652,workspace/w0-work/backend/apps/worker/src/workers/outbox-and-search.ts,w0-work/backend/apps/worker/src/workers/outbox-and-search.ts,outbox-and-search.ts,ts,5781,5c9c4ba47749c90d42fdb232a5018523c20b128bfbad9ec11e6df1e535897097,Source Code,worker,Gate 4,4fdb484,2026-09-29,Worker app (9 background workers),Authoritative,Included,
653,workspace/w0-work/backend/apps/worker/tsconfig.json,w0-work/backend/apps/worker/tsconfig.json,tsconfig.json,json,414,5239174321a7668c6ab41c8fd97beae813bcc8c8854a00735b895b6891c0d696,Source Code,worker,Gate 4,4fdb484,2026-09-29,Worker app (9 background workers),Authoritative,Included,
654,workspace/w0-work/backend/database/base/enterprise_real_estate_schema_frozen_v1.sql,w0-work/backend/database/base/enterprise_real_estate_schema_frozen_v1.sql,enterprise_real_estate_schema_frozen_v1.sql,sql,93699,166dc3b0134538819db064d871dca6950c267dc9708f79c4fcd018617dd51e30,Database Schema,database,W0,df45d69,2026-09-29,Frozen base schema (Database Contract v1),Authoritative,Included,
655,workspace/w0-work/backend/database/errata/0024_backend_critical_hardening.sql,w0-work/backend/database/errata/0024_backend_critical_hardening.sql,0024_backend_critical_hardening.sql,sql,5280,f2de8d451475ecaffc5ff75563c70780434a481cf649241766d57eed2764f898,Database Errata,database,W0,df45d69,2026-09-29,Schema errata migrations (0024/0025/0026),Authoritative,Included,
656,workspace/w0-work/backend/database/errata/0024_backend_critical_hardening_fixed.sql,w0-work/backend/database/errata/0024_backend_critical_hardening_fixed.sql,0024_backend_critical_hardening_fixed.sql,sql,6644,99057633180f92fe3d8ef819cbf98cbe89d050a7992d45ae6e37409102275723,Database Errata,database,W0,df45d69,2026-09-29,Schema errata migrations (0024/0025/0026),Authoritative,Included,
657,workspace/w0-work/backend/database/errata/0025_additional_indexes.sql,w0-work/backend/database/errata/0025_additional_indexes.sql,0025_additional_indexes.sql,sql,422,9064790b6038d90f8eae7683a8818f04ccdb002d672862728b0001256629bae9,Database Errata,database,W0,df45d69,2026-09-29,Schema errata migrations (0024/0025/0026),Authoritative,Included,
658,workspace/w0-work/backend/database/errata/0026_outbox_claiming.sql,w0-work/backend/database/errata/0026_outbox_claiming.sql,0026_outbox_claiming.sql,sql,277,1600280b3f639a76cc754d4ffe26d7c2d4ce075edd513a8a9605519e687c510e,Database Errata,database,W0,df45d69,2026-09-29,Schema errata migrations (0024/0025/0026),Authoritative,Included,
659,workspace/w0-work/backend/database/migrations/0027_commission_domain.sql,w0-work/backend/database/migrations/0027_commission_domain.sql,0027_commission_domain.sql,sql,7528,6715f2ad68503f64d243d442feebb8640bf78a4ce88649e5dd89e34e771064a6,Migration,database,Gate 3-DB/4,df45d69,2026-09-29,Canonical migration chain (0001..0034),Authoritative,Included,
660,workspace/w0-work/backend/database/migrations/0028_advertising_domain.sql,w0-work/backend/database/migrations/0028_advertising_domain.sql,0028_advertising_domain.sql,sql,10155,e810ff4aa01ce9eb64d52a3c7b3941713e86d29d08044b8cef8df1aff27470eb,Migration,database,Gate 3-DB/4,df45d69,2026-09-29,Canonical migration chain (0001..0034),Authoritative,Included,
661,workspace/w0-work/backend/database/migrations/0029_i18n_translations.sql,w0-work/backend/database/migrations/0029_i18n_translations.sql,0029_i18n_translations.sql,sql,6111,2f5d510ad179c9a2b3997c190c44fab9be3e1fd546a93c554ed71749b8c3cf26,Migration,database,Gate 3-DB/4,df45d69,2026-09-29,Canonical migration chain (0001..0034),Authoritative,Included,
662,workspace/w0-work/backend/database/migrations/0030_iam_personal_scope_authorization.sql,w0-work/backend/database/migrations/0030_iam_personal_scope_authorization.sql,0030_iam_personal_scope_authorization.sql,sql,5003,f7279511364b284b0282f0176549de1424703c804547f69e0d18bf856ae8f6e0,Migration,database,Gate 3-DB/4,df45d69,2026-09-29,Canonical migration chain (0001..0034),Authoritative,Included,
663,workspace/w0-work/backend/database/migrations/0031_listing_state_reconciliation.sql,w0-work/backend/database/migrations/0031_listing_state_reconciliation.sql,0031_listing_state_reconciliation.sql,sql,6935,e4499089560bbc7e8bc526ba5fbcf2f67c450f784836f676d52d46381c0f126e,Migration,database,Gate 3-DB/4,df45d69,2026-09-29,Canonical migration chain (0001..0034),Authoritative,Included,
664,workspace/w0-work/backend/database/migrations/0032_gate4_platform_infrastructure.sql,w0-work/backend/database/migrations/0032_gate4_platform_infrastructure.sql,0032_gate4_platform_infrastructure.sql,sql,10199,e2fae56f1cd4afa2d79d08b70ceef9322e001418ca2cf4030aebddb5168b7008,Migration,database,Gate 3-DB/4,4fdb484,2026-09-29,Canonical migration chain (0001..0034),Authoritative,Included,
665,workspace/w0-work/backend/database/migrations/0033_gate4_iam_hardening.sql,w0-work/backend/database/migrations/0033_gate4_iam_hardening.sql,0033_gate4_iam_hardening.sql,sql,4190,eb7eda693787b0d2bebda498353bd40f74a00c43f2e42101c600ed39aa8ca536,Migration,database,Gate 3-DB/4,4fdb484,2026-09-29,Canonical migration chain (0001..0034),Authoritative,Included,
666,workspace/w0-work/backend/database/migrations/0034_gate4_billing_plans.sql,w0-work/backend/database/migrations/0034_gate4_billing_plans.sql,0034_gate4_billing_plans.sql,sql,2766,209e35062f663d8af5db8e11e9d8c2932ef41895026bf37029f87d5dec796b1b,Migration,database,Gate 3-DB/4,4fdb484,2026-09-29,Canonical migration chain (0001..0034),Authoritative,Included,
667,workspace/w0-work/backend/database/seed/seed_reference.sql,w0-work/backend/database/seed/seed_reference.sql,seed_reference.sql,sql,4756,a07bf35ec298ff7fd8227c3ad996a980fba101b5c077c3525cd1f51fb96325fc,Configuration,config,Current,df45d69,2026-09-29,Workspace/lockfile/tooling config,Authoritative,Included,
668,workspace/w0-work/backend/database/verify/critical-invariants.sql,w0-work/backend/database/verify/critical-invariants.sql,critical-invariants.sql,sql,832,0d8f44490f93385c860e3c9ebfc690494f6c42c9ec5e80ee540e4d90cb0b6026,SQL Verification,database,Gate 3-DB/4,df45d69,2026-09-29,SQL invariant verification suites,Authoritative,Included,
669,workspace/w0-work/backend/database/verify/g3-verification.sql,w0-work/backend/database/verify/g3-verification.sql,g3-verification.sql,sql,16863,b9d579c68e65ada2a9b4770e61485686dfcc773d001fb90a21c0e84fad6e2e62,SQL Verification,database,Gate 3-DB/4,4fdb484,2026-09-29,SQL invariant verification suites,Authoritative,Included,
670,workspace/w0-work/backend/database/verify/g4-verification.sql,w0-work/backend/database/verify/g4-verification.sql,g4-verification.sql,sql,9334,57452f3d28f2d71f617aeb7aade7f49ece38bcce0591809085a9633df28fb333,SQL Verification,database,Gate 3-DB/4,4fdb484,2026-09-29,SQL invariant verification suites,Authoritative,Included,
671,workspace/w0-work/backend/docker-compose.postgres.yml,w0-work/backend/docker-compose.postgres.yml,docker-compose.postgres.yml,yml,455,e0eb695653211fcff6a82f01bb4851447186479ab3e74d21c9ea622779fc7f70,Configuration,config,Current,df45d69,2026-09-29,Local PostgreSQL+PostGIS compose file,Authoritative,Included,REDACTED in exported copy (dev default password) — original not exported
672,workspace/w0-work/backend/docs/API_CONTRACT_DELTA_GATE2.md,w0-work/backend/docs/API_CONTRACT_DELTA_GATE2.md,API_CONTRACT_DELTA_GATE2.md,md,870,250179f4da66bb712d3f408ae41398cc591879cbcaac12070ad029d199b7ab9e,Documentation,docs,Current,df45d69,2026-09-29,Backend documentation,Authoritative,Included,
673,workspace/w0-work/backend/docs/DEEP_AUDIT_GATE1_FILE_BY_FILE.md,w0-work/backend/docs/DEEP_AUDIT_GATE1_FILE_BY_FILE.md,DEEP_AUDIT_GATE1_FILE_BY_FILE.md,md,10282,903e847c7aeae539c6c71f073588ea028028e13074264bb2ed3631db598832c2,Documentation,docs,Current,df45d69,2026-09-29,Backend documentation,Authoritative,Included,
674,workspace/w0-work/backend/docs/FILE_INVENTORY_GATE2.txt,w0-work/backend/docs/FILE_INVENTORY_GATE2.txt,FILE_INVENTORY_GATE2.txt,txt,3501,7ec75081a861f3f5ca56334736636a8678cfcb51b42da9b8358babe6db0827e8,Documentation,docs,Current,df45d69,2026-09-29,Backend documentation,Authoritative,Included,
675,workspace/w0-work/backend/docs/GATE2_CORE_DOMAIN.md,w0-work/backend/docs/GATE2_CORE_DOMAIN.md,GATE2_CORE_DOMAIN.md,md,1384,aa2f41cf36d5dd0c3c036b11d7403f53f91e6295346bee71d0f5c72d664af2fc,Documentation,docs,Current,df45d69,2026-09-29,Backend documentation,Authoritative,Included,
676,workspace/w0-work/backend/docs/GATE2_MANIFEST.md,w0-work/backend/docs/GATE2_MANIFEST.md,GATE2_MANIFEST.md,md,1367,f31e55762acaa8fa78b8f7dd82b485d59b5cd167fdef506ef184b3b469fc6010,Documentation,docs,Current,df45d69,2026-09-29,Backend documentation,Authoritative,Included,
677,workspace/w0-work/backend/docs/IMPLEMENTATION_GATE_1.md,w0-work/backend/docs/IMPLEMENTATION_GATE_1.md,IMPLEMENTATION_GATE_1.md,md,114,8fd3ab6e54d9feec18497b1b0789c62868124fdd660e4fbbe3000f3b85ecfbaa,Documentation,docs,Current,df45d69,2026-09-29,Backend documentation,Authoritative,Included,
678,workspace/w0-work/backend/docs/IMPLEMENTATION_GATE_2.md,w0-work/backend/docs/IMPLEMENTATION_GATE_2.md,IMPLEMENTATION_GATE_2.md,md,288,bd83a69f8d244e862f696f0611080186629afbef13e67425e3cf28f7020d6e99,Documentation,docs,Current,df45d69,2026-09-29,Backend documentation,Authoritative,Included,
679,workspace/w0-work/backend/docs/IMPLEMENTATION_STATUS.md,w0-work/backend/docs/IMPLEMENTATION_STATUS.md,IMPLEMENTATION_STATUS.md,md,583,2e337964b849047e314a418d24906f89c843f0dd010c286d303749c68c508991,Documentation,docs,Current,df45d69,2026-09-29,Backend documentation,Authoritative,Included,
680,workspace/w0-work/backend/docs/NEXT_GATE.md,w0-work/backend/docs/NEXT_GATE.md,NEXT_GATE.md,md,176,9b2bbe36ae6997dc3641bcf820bc7c799207fe8946d2934571067d972a1e65d7,Documentation,docs,Current,df45d69,2026-09-29,Backend documentation,Authoritative,Included,
681,workspace/w0-work/backend/docs/SCHEMA_ERRATA_1_1.md,w0-work/backend/docs/SCHEMA_ERRATA_1_1.md,SCHEMA_ERRATA_1_1.md,md,966,114d79921cd4feb1d7959f55d8ec4600d8d425586f9d3285ec9413147648fef4,Documentation,docs,Current,df45d69,2026-09-29,Backend documentation,Authoritative,Included,
682,workspace/w0-work/backend/docs/SHA256SUMS.txt,w0-work/backend/docs/SHA256SUMS.txt,SHA256SUMS.txt,txt,9025,6cc65964715c9e7d87522272b0613186fdc7abed4f9dcc163422a7d5f2fcdb6c,Documentation,docs,Current,df45d69,2026-09-29,Backend documentation,Authoritative,Included,
683,workspace/w0-work/backend/docs/STATIC_REVIEW_CHECKS.md,w0-work/backend/docs/STATIC_REVIEW_CHECKS.md,STATIC_REVIEW_CHECKS.md,md,1189,0dbc512990eed73fffeda31d83f8f8feed5642d3800ab2de5393abb7973b7175,Documentation,docs,Current,df45d69,2026-09-29,Backend documentation,Authoritative,Included,
684,workspace/w0-work/backend/docs/STATIC_TS_SYNTAX_REPORT.json,w0-work/backend/docs/STATIC_TS_SYNTAX_REPORT.json,STATIC_TS_SYNTAX_REPORT.json,json,31,c020bd9d052a211452d137fe189a34016481317de8ade82e20626081efff6a57,Documentation,docs,Current,df45d69,2026-09-29,Backend documentation,Authoritative,Included,
685,workspace/w0-work/backend/docs/reference/Karen_Home_Reference_Bundle_af3a60e5.zip,w0-work/backend/docs/reference/Karen_Home_Reference_Bundle_af3a60e5.zip,Karen_Home_Reference_Bundle_af3a60e5.zip,zip,351458,af3a60e5af59fc1f90fe9c5edfd9e5dddd8afe8faf4d0de49baf3c5c00b4982a,Documentation,docs,Current,df45d69,2026-09-29,Backend documentation,Authoritative,Included,
686,workspace/w0-work/backend/docs/reference/README.md,w0-work/backend/docs/reference/README.md,README.md,md,1782,87f77907b063f0fa2fc0814e423a04dc83da343f24fb671bd01442d313160088,Documentation,docs,Current,df45d69,2026-09-29,Backend documentation,Authoritative,Included,
687,workspace/w0-work/backend/eslint.config.mjs,w0-work/backend/eslint.config.mjs,eslint.config.mjs,mjs,1729,281e299826d0222977567297cd06a83bc125c45bea3595376f774e43c721e2e0,Configuration,config,Current,4fdb484,2026-09-29,Workspace/lockfile/tooling config,Authoritative,Included,
688,workspace/w0-work/backend/package.json,w0-work/backend/package.json,package.json,json,1118,2c7e7ce1b1230a70195335903e49010fec5929455eb30ce658767c39b67557ae,Configuration,config,Current,4fdb484,2026-09-29,Workspace/lockfile/tooling config,Authoritative,Included,
689,workspace/w0-work/backend/packages/contracts/dist/errors.d.ts,w0-work/backend/packages/contracts/dist/errors.d.ts,errors.d.ts,ts,1920,b115c2d8c783b708313a6ba3cbc2ce55ad304b7e7331fe4029a7bdfd96fa18cf,Contracts,contracts,Gate 4,4fdb484,2026-09-29,Shared TypeScript contracts package,Authoritative,Included,
690,workspace/w0-work/backend/packages/contracts/dist/errors.js,w0-work/backend/packages/contracts/dist/errors.js,errors.js,js,3493,281fdeaebe1a9832bfd65cfa575d00c6a73d28f3762ae30ae6db3ec5c45f359e,Contracts,contracts,Gate 4,4fdb484,2026-09-29,Shared TypeScript contracts package,Authoritative,Included,
691,workspace/w0-work/backend/packages/contracts/dist/index.d.ts,w0-work/backend/packages/contracts/dist/index.d.ts,index.d.ts,ts,618,87b200342b72b3f0b47388e97e736a84ba572b2a07cc45f9f488c0d7964bb399,Contracts,contracts,Gate 4,4fdb484,2026-09-29,Shared TypeScript contracts package,Authoritative,Included,
692,workspace/w0-work/backend/packages/contracts/dist/index.js,w0-work/backend/packages/contracts/dist/index.js,index.js,js,859,9755ead700fdb8cfaec5bfb27df6d1d10c1efe3bbcbc7540223744dcc3606434,Contracts,contracts,Gate 4,4fdb484,2026-09-29,Shared TypeScript contracts package,Authoritative,Included,
693,workspace/w0-work/backend/packages/contracts/package.json,w0-work/backend/packages/contracts/package.json,package.json,json,240,660e7ef2d4e3512cc51635d07c6db19c8dbecd752b121df0933c7da069720332,Contracts,contracts,Gate 4,df45d69,2026-09-29,Shared TypeScript contracts package,Authoritative,Included,
694,workspace/w0-work/backend/packages/contracts/src/errors.ts,w0-work/backend/packages/contracts/src/errors.ts,errors.ts,ts,3555,8d17e25d15b8cb79f99c40b048ed60570c525402fa2c5b8361d1d3fd6598e7fc,Contracts,contracts,Gate 4,4fdb484,2026-09-29,Shared TypeScript contracts package,Authoritative,Included,
695,workspace/w0-work/backend/packages/contracts/src/index.ts,w0-work/backend/packages/contracts/src/index.ts,index.ts,ts,588,6b49e49ab8af87984451bc95c1a3fd8a8d8691c4e1285427a1060ecc721462df,Contracts,contracts,Gate 4,4fdb484,2026-09-29,Shared TypeScript contracts package,Authoritative,Included,
696,workspace/w0-work/backend/packages/contracts/tsconfig.json,w0-work/backend/packages/contracts/tsconfig.json,tsconfig.json,json,286,89b84208b883bd999233174b1ff4c1c94ff75db04cc2e511f579b37a10e79b4c,Contracts,contracts,Gate 4,df45d69,2026-09-29,Shared TypeScript contracts package,Authoritative,Included,
697,workspace/w0-work/backend/packages/db/dist/advertising-repository.d.ts,w0-work/backend/packages/db/dist/advertising-repository.d.ts,advertising-repository.d.ts,ts,4760,a0b437ae56cf70b7055e76f6a7cfcdb7ec943ffc20410015ebba34ccc649cc8f,Source Code,db,Gate 4,4fdb484,2026-09-29,Database access package (repositories),Authoritative,Included,
698,workspace/w0-work/backend/packages/db/dist/advertising-repository.js,w0-work/backend/packages/db/dist/advertising-repository.js,advertising-repository.js,js,12050,b60ce8cb5b32ac166a084508e8d9ade1d29d12d885d7a2623c7dd87067601465,Source Code,db,Gate 4,4fdb484,2026-09-29,Database access package (repositories),Authoritative,Included,
699,workspace/w0-work/backend/packages/db/dist/audit-repository.d.ts,w0-work/backend/packages/db/dist/audit-repository.d.ts,audit-repository.d.ts,ts,600,3d0e072e0f58b6a9863b3f7e5f872e566661d3a815fba7b814c8a60853b8d626,Source Code,db,Gate 4,4fdb484,2026-09-29,Database access package (repositories),Authoritative,Included,
700,workspace/w0-work/backend/packages/db/dist/audit-repository.js,w0-work/backend/packages/db/dist/audit-repository.js,audit-repository.js,js,864,92686d016de962bb6291f73b1f92e36b636f1e269901f7dc3e00cb24c01d4a95,Source Code,db,Gate 4,df45d69,2026-09-29,Database access package (repositories),Authoritative,Included,
701,workspace/w0-work/backend/packages/db/dist/billing-repository.d.ts,w0-work/backend/packages/db/dist/billing-repository.d.ts,billing-repository.d.ts,ts,3045,abec9ae76f87e9969c047a2446caad35f0acf5495c9fea9f5f9a4510b90c30cc,Source Code,db,Gate 4,4fdb484,2026-09-29,Database access package (repositories),Authoritative,Included,
702,workspace/w0-work/backend/packages/db/dist/billing-repository.js,w0-work/backend/packages/db/dist/billing-repository.js,billing-repository.js,js,9876,b3c0655144dc84023e753d958b318304c19606ce87af78c1b86faa5d31bf4cf1,Source Code,db,Gate 4,4fdb484,2026-09-29,Database access package (repositories),Authoritative,Included,
703,workspace/w0-work/backend/packages/db/dist/commission-repository.d.ts,w0-work/backend/packages/db/dist/commission-repository.d.ts,commission-repository.d.ts,ts,4415,9b83ac0735fdc1e792c355f51c93555ceb8fa4c2f870fccddeb62fce7651f82a,Source Code,db,Gate 4,4fdb484,2026-09-29,Database access package (repositories),Authoritative,Included,
704,workspace/w0-work/backend/packages/db/dist/commission-repository.js,w0-work/backend/packages/db/dist/commission-repository.js,commission-repository.js,js,9402,3756f9ee71ec07a81025ea4809533b9a5198ce9f68e5b6f8266def59dba7e2c8,Source Code,db,Gate 4,4fdb484,2026-09-29,Database access package (repositories),Authoritative,Included,
705,workspace/w0-work/backend/packages/db/dist/iam-hardening-repository.d.ts,w0-work/backend/packages/db/dist/iam-hardening-repository.d.ts,iam-hardening-repository.d.ts,ts,3761,bb0670df9930b9dbc730ca96aa8054615c646540479d9b4b10d07090ba9433e8,Source Code,db,Gate 4,4fdb484,2026-09-29,Database access package (repositories),Authoritative,Included,
706,workspace/w0-work/backend/packages/db/dist/iam-hardening-repository.js,w0-work/backend/packages/db/dist/iam-hardening-repository.js,iam-hardening-repository.js,js,12009,7294cba9e7e0782181a3f107122eac4d048a19be606e8aaa897ad4d6fee268f6,Source Code,db,Gate 4,4fdb484,2026-09-29,Database access package (repositories),Authoritative,Included,
707,workspace/w0-work/backend/packages/db/dist/iam-repository.d.ts,w0-work/backend/packages/db/dist/iam-repository.d.ts,iam-repository.d.ts,ts,2592,db7811d98918665131d95cf889030f08aaddf31d5f519b5e20ec8721098c33f9,Source Code,db,Gate 4,4fdb484,2026-09-29,Database access package (repositories),Authoritative,Included,
708,workspace/w0-work/backend/packages/db/dist/iam-repository.js,w0-work/backend/packages/db/dist/iam-repository.js,iam-repository.js,js,7255,bf6d471a584193342fa85409d2a9ac19995a7039ffe94a864cb18123bb7ea856,Source Code,db,Gate 4,4fdb484,2026-09-29,Database access package (repositories),Authoritative,Included,
709,workspace/w0-work/backend/packages/db/dist/index.d.ts,w0-work/backend/packages/db/dist/index.d.ts,index.d.ts,ts,573,70e5f7766b69fe67545d88754c502c0c54782df50fd94c4521e2bf896592862b,Source Code,db,Gate 4,4fdb484,2026-09-29,Database access package (repositories),Authoritative,Included,
710,workspace/w0-work/backend/packages/db/dist/index.js,w0-work/backend/packages/db/dist/index.js,index.js,js,1600,9b259d316febdd159f3934c9725904c7dfc55f72768402ef89a1551ac9f4ad83,Source Code,db,Gate 4,4fdb484,2026-09-29,Database access package (repositories),Authoritative,Included,
711,workspace/w0-work/backend/packages/db/dist/job-repository.d.ts,w0-work/backend/packages/db/dist/job-repository.d.ts,job-repository.d.ts,ts,2021,29bd7f82dfb3b899be3bdb49298cf034b64fd1f268f493137417b1ffb01d6c3e,Source Code,db,Gate 4,4fdb484,2026-09-29,Database access package (repositories),Authoritative,Included,
712,workspace/w0-work/backend/packages/db/dist/job-repository.js,w0-work/backend/packages/db/dist/job-repository.js,job-repository.js,js,6706,66ba830fa9dd807a8742aa44f2e862844ba571701fd5540b591eb6b775548c0b,Source Code,db,Gate 4,4fdb484,2026-09-29,Database access package (repositories),Authoritative,Included,
713,workspace/w0-work/backend/packages/db/dist/listing-repository.d.ts,w0-work/backend/packages/db/dist/listing-repository.d.ts,listing-repository.d.ts,ts,1974,34d1df5eafa537b83ce900c7ca5042f3f232ebac51ef83209d020cd29ef76aec,Source Code,db,Gate 4,4fdb484,2026-09-29,Database access package (repositories),Authoritative,Included,
714,workspace/w0-work/backend/packages/db/dist/listing-repository.js,w0-work/backend/packages/db/dist/listing-repository.js,listing-repository.js,js,7136,ab48465037ae50954de821c22d6fd20b463ae26c43e5e2b7b89d1cb68b80fd37,Source Code,db,Gate 4,4fdb484,2026-09-29,Database access package (repositories),Authoritative,Included,
715,workspace/w0-work/backend/packages/db/dist/media-repository.d.ts,w0-work/backend/packages/db/dist/media-repository.d.ts,media-repository.d.ts,ts,3029,3a92d845b3615071a37de11e26b3ddd4d969e702c4b89494bc7c2b96d8357a0f,Source Code,db,Gate 4,4fdb484,2026-09-29,Database access package (repositories),Authoritative,Included,
716,workspace/w0-work/backend/packages/db/dist/media-repository.js,w0-work/backend/packages/db/dist/media-repository.js,media-repository.js,js,6265,a59266b45e86d14a6ffd6eed75f3bb09539d4a40eeadb60ac77c48fff5f27da9,Source Code,db,Gate 4,4fdb484,2026-09-29,Database access package (repositories),Authoritative,Included,
717,workspace/w0-work/backend/packages/db/dist/notification-repository.d.ts,w0-work/backend/packages/db/dist/notification-repository.d.ts,notification-repository.d.ts,ts,2698,06f4a7e022dc09069f86b9e9c32acbe32b1d0197dbd8025db674523b99e5db6a,Source Code,db,Gate 4,4fdb484,2026-09-29,Database access package (repositories),Authoritative,Included,
718,workspace/w0-work/backend/packages/db/dist/notification-repository.js,w0-work/backend/packages/db/dist/notification-repository.js,notification-repository.js,js,5988,a2b3928887173ad72e4543b330f55a5fa0e7d1ebe0a20ae20e546e4acd468c03,Source Code,db,Gate 4,4fdb484,2026-09-29,Database access package (repositories),Authoritative,Included,
719,workspace/w0-work/backend/packages/db/dist/outbox-repository.d.ts,w0-work/backend/packages/db/dist/outbox-repository.d.ts,outbox-repository.d.ts,ts,774,900b8b0a463d6a2e86a66e8215c827c201b977a47ec934d29b766a8cf6ee426c,Source Code,db,Gate 4,df45d69,2026-09-29,Database access package (repositories),Authoritative,Included,
720,workspace/w0-work/backend/packages/db/dist/outbox-repository.js,w0-work/backend/packages/db/dist/outbox-repository.js,outbox-repository.js,js,2092,b72f30c2087d9f609f8ae396c018fe1760eecd3d886b2c3da146b52e1a63418e,Source Code,db,Gate 4,df45d69,2026-09-29,Database access package (repositories),Authoritative,Included,
721,workspace/w0-work/backend/packages/db/dist/policy-repository.d.ts,w0-work/backend/packages/db/dist/policy-repository.d.ts,policy-repository.d.ts,ts,2170,69f4ad71871cc34fe2139e6dd7417c236aca3d9dfea12683d32bcdde34de7c96,Source Code,db,Gate 4,4fdb484,2026-09-29,Database access package (repositories),Authoritative,Included,
722,workspace/w0-work/backend/packages/db/dist/policy-repository.js,w0-work/backend/packages/db/dist/policy-repository.js,policy-repository.js,js,6143,f90ef5b190e7ddb9cb4cf0003c1f1c0aab5943be60a07bbe08d5830ae25bd5d1,Source Code,db,Gate 4,4fdb484,2026-09-29,Database access package (repositories),Authoritative,Included,
723,workspace/w0-work/backend/packages/db/dist/postgres-database.d.ts,w0-work/backend/packages/db/dist/postgres-database.d.ts,postgres-database.d.ts,ts,960,d5afcdbb007eff41c5e37d0a5c257590e9c040559f8219bef7c4e94675cee43f,Source Code,db,Gate 4,df45d69,2026-09-29,Database access package (repositories),Authoritative,Included,
724,workspace/w0-work/backend/packages/db/dist/postgres-database.js,w0-work/backend/packages/db/dist/postgres-database.js,postgres-database.js,js,2160,54e3ba33fbb04a4dbef70d2d4dd2f189941b0d5abc06b13cc61a701455597eeb,Source Code,db,Gate 4,df45d69,2026-09-29,Database access package (repositories),Authoritative,Included,
725,workspace/w0-work/backend/packages/db/dist/property-repository.d.ts,w0-work/backend/packages/db/dist/property-repository.d.ts,property-repository.d.ts,ts,2269,91b9692651522716087bfde61def0a66ca75a1a8d8b542545c1f2c0e44a99b1e,Source Code,db,Gate 4,4fdb484,2026-09-29,Database access package (repositories),Authoritative,Included,
726,workspace/w0-work/backend/packages/db/dist/property-repository.js,w0-work/backend/packages/db/dist/property-repository.js,property-repository.js,js,6150,d2b5e941e8ac5ea4c2b4f5b89d3cb3e0da11d14e3644b0ca01e7f70c144277aa,Source Code,db,Gate 4,4fdb484,2026-09-29,Database access package (repositories),Authoritative,Included,
727,workspace/w0-work/backend/packages/db/dist/search-repository.d.ts,w0-work/backend/packages/db/dist/search-repository.d.ts,search-repository.d.ts,ts,1667,9b3f377801ed02305cfe5af0a3f7c5d6b0fe9a649eb8c6b26d54282d74931798,Source Code,db,Gate 4,4fdb484,2026-09-29,Database access package (repositories),Authoritative,Included,
728,workspace/w0-work/backend/packages/db/dist/search-repository.js,w0-work/backend/packages/db/dist/search-repository.js,search-repository.js,js,7280,840a6512fc83352a1ba400a348a5500967606c4b2895ac16af6545d22dee0f34,Source Code,db,Gate 4,4fdb484,2026-09-29,Database access package (repositories),Authoritative,Included,
729,workspace/w0-work/backend/packages/db/package.json,w0-work/backend/packages/db/package.json,package.json,json,367,6eadbba2ee4a3938a85b3cb78f2693e52fc647054f19f77aad11403889af0f56,Source Code,db,Gate 4,df45d69,2026-09-29,Database access package (repositories),Authoritative,Included,
730,workspace/w0-work/backend/packages/db/src/README.md,w0-work/backend/packages/db/src/README.md,README.md,md,293,4852ae52a10eeecfaa43a9b590686df6aba35c8658b157dc260978b17a9ed221,Source Code,db,Gate 4,df45d69,2026-09-29,Database access package (repositories),Authoritative,Included,
731,workspace/w0-work/backend/packages/db/src/advertising-repository.ts,w0-work/backend/packages/db/src/advertising-repository.ts,advertising-repository.ts,ts,15408,45d2e942f7e28dfabcf23def5c44ecdb98b471980f185577af96e18ad7d66dd3,Source Code,db,Gate 4,4fdb484,2026-09-29,Database access package (repositories),Authoritative,Included,
732,workspace/w0-work/backend/packages/db/src/audit-repository.ts,w0-work/backend/packages/db/src/audit-repository.ts,audit-repository.ts,ts,1151,5835f05db305fbae7105902d301aa7a4e6e285803d2aeb5ad5ab67a8b997da73,Source Code,db,Gate 4,4fdb484,2026-09-29,Database access package (repositories),Authoritative,Included,
733,workspace/w0-work/backend/packages/db/src/billing-repository.ts,w0-work/backend/packages/db/src/billing-repository.ts,billing-repository.ts,ts,14132,9ed4a1736465ce4c78490aefe679f0fe8c9945b28a91dc749d7d9a99a946924d,Source Code,db,Gate 4,4fdb484,2026-09-29,Database access package (repositories),Authoritative,Included,
734,workspace/w0-work/backend/packages/db/src/commission-repository.ts,w0-work/backend/packages/db/src/commission-repository.ts,commission-repository.ts,ts,13504,bf23ecf3846c7a40c3416e7931f1f897fcf804f467ee2f08b76a20531a1a876e,Source Code,db,Gate 4,4fdb484,2026-09-29,Database access package (repositories),Authoritative,Included,
735,workspace/w0-work/backend/packages/db/src/iam-hardening-repository.ts,w0-work/backend/packages/db/src/iam-hardening-repository.ts,iam-hardening-repository.ts,ts,14710,94717cd74f123315b76be4205cf51bb2ee06cb78a58b65a698d159c846fe418b,Source Code,db,Gate 4,4fdb484,2026-09-29,Database access package (repositories),Authoritative,Included,
736,workspace/w0-work/backend/packages/db/src/iam-repository.ts,w0-work/backend/packages/db/src/iam-repository.ts,iam-repository.ts,ts,9344,25dd663778a3820282ba1f982da4f7702ec8992265aca2db775ddc649e3a5d3b,Source Code,db,Gate 4,4fdb484,2026-09-29,Database access package (repositories),Authoritative,Included,
737,workspace/w0-work/backend/packages/db/src/index.ts,w0-work/backend/packages/db/src/index.ts,index.ts,ts,573,70e5f7766b69fe67545d88754c502c0c54782df50fd94c4521e2bf896592862b,Source Code,db,Gate 4,4fdb484,2026-09-29,Database access package (repositories),Authoritative,Included,
738,workspace/w0-work/backend/packages/db/src/job-repository.ts,w0-work/backend/packages/db/src/job-repository.ts,job-repository.ts,ts,8137,2d63fa13d3d28969e7c697e7002957f41ae61db4cd190033b4f7c8534ae08e95,Source Code,db,Gate 4,4fdb484,2026-09-29,Database access package (repositories),Authoritative,Included,
739,workspace/w0-work/backend/packages/db/src/listing-repository.ts,w0-work/backend/packages/db/src/listing-repository.ts,listing-repository.ts,ts,8949,52129c61313e59f161aadf8ae700af2629ac16889d852279051a16ca66117563,Source Code,db,Gate 4,4fdb484,2026-09-29,Database access package (repositories),Authoritative,Included,
740,workspace/w0-work/backend/packages/db/src/media-repository.ts,w0-work/backend/packages/db/src/media-repository.ts,media-repository.ts,ts,8724,43917db6537c302b287087d46b96deb7f36283a3a87fa93153d0a5e6c342ae1f,Source Code,db,Gate 4,4fdb484,2026-09-29,Database access package (repositories),Authoritative,Included,
741,workspace/w0-work/backend/packages/db/src/notification-repository.ts,w0-work/backend/packages/db/src/notification-repository.ts,notification-repository.ts,ts,7921,b0ce4df1828d97aadb802eaa58df592bdec8eef11614dd8c9fbf5fd3480f4d4d,Source Code,db,Gate 4,4fdb484,2026-09-29,Database access package (repositories),Authoritative,Included,
742,workspace/w0-work/backend/packages/db/src/outbox-repository.ts,w0-work/backend/packages/db/src/outbox-repository.ts,outbox-repository.ts,ts,2498,e71e12304424b711b8cea6d8d278cd6c9d45e26d43d3bba76380ddfe552fb1bd,Source Code,db,Gate 4,df45d69,2026-09-29,Database access package (repositories),Authoritative,Included,
743,workspace/w0-work/backend/packages/db/src/policy-repository.ts,w0-work/backend/packages/db/src/policy-repository.ts,policy-repository.ts,ts,7394,56b2204e5c0c96b5b777db46c7c0172d007123332a7743460200a6e4860120d6,Source Code,db,Gate 4,4fdb484,2026-09-29,Database access package (repositories),Authoritative,Included,
744,workspace/w0-work/backend/packages/db/src/postgres-database.ts,w0-work/backend/packages/db/src/postgres-database.ts,postgres-database.ts,ts,2470,e36494c4a81cadc95e996a76c02fb121f9592c762df790c8402eb22f71dad6da,Source Code,db,Gate 4,df45d69,2026-09-29,Database access package (repositories),Authoritative,Included,
745,workspace/w0-work/backend/packages/db/src/property-repository.ts,w0-work/backend/packages/db/src/property-repository.ts,property-repository.ts,ts,8297,9f34b32158e6a64fb63117fe4829ec983c3f9fc7d0d692260d133438aef91549,Source Code,db,Gate 4,4fdb484,2026-09-29,Database access package (repositories),Authoritative,Included,
746,workspace/w0-work/backend/packages/db/src/search-repository.ts,w0-work/backend/packages/db/src/search-repository.ts,search-repository.ts,ts,8423,fad597f87b0bfc981ceecb82919045cfa30e22af06b621b25a02b7e1f77ec398,Source Code,db,Gate 4,4fdb484,2026-09-29,Database access package (repositories),Authoritative,Included,
747,workspace/w0-work/backend/packages/db/tsconfig.json,w0-work/backend/packages/db/tsconfig.json,tsconfig.json,json,309,4ba87aeb53eb637bbfaada247a414c1e859e47c838d667795c837e4309a4a542,Source Code,db,Gate 4,df45d69,2026-09-29,Database access package (repositories),Authoritative,Included,
748,workspace/w0-work/backend/pnpm-lock.yaml,w0-work/backend/pnpm-lock.yaml,pnpm-lock.yaml,yaml,272226,74b48a3340a5cfb1c2267d0ca63057c8d4110a5d10dfd8263c69cc21d29d8b3e,Configuration,config,Current,4fdb484,2026-09-29,Workspace/lockfile/tooling config,Authoritative,Included,
749,workspace/w0-work/backend/pnpm-workspace.yaml,w0-work/backend/pnpm-workspace.yaml,pnpm-workspace.yaml,yaml,36,253208fa7c1b64372c219b9e19cef15ed70ca93b66a4d5c4c4d2297a5aff8880,Configuration,config,Current,df45d69,2026-09-29,Workspace/lockfile/tooling config,Authoritative,Included,
750,workspace/w0-work/backend/scripts/apply-all-migrations.sh,w0-work/backend/scripts/apply-all-migrations.sh,apply-all-migrations.sh,sh,2775,08afabb2ea769d6ed0064a4277ff183020919affcf7c886334a28eb5cb480857,Scripts,scripts,Current,4fdb484,2026-09-29,"Operational scripts (apply-migrations, concurrency, benchmarks)",Authoritative,Included,
751,workspace/w0-work/backend/scripts/apply-schema.sh,w0-work/backend/scripts/apply-schema.sh,apply-schema.sh,sh,636,669dd5a20a4dfed22f42b70d50c1b8da32d3fe262154b84cfdbe6fe277ebb775,Scripts,scripts,Current,df45d69,2026-09-29,"Operational scripts (apply-migrations, concurrency, benchmarks)",Authoritative,Included,
752,workspace/w0-work/backend/scripts/catalog-dump.sql,w0-work/backend/scripts/catalog-dump.sql,catalog-dump.sql,sql,1729,34e3fddf3e676dc1642eb8fd38fae4fd7b772fc00167de512ff337958766b837,Scripts,scripts,Current,df45d69,2026-09-29,"Operational scripts (apply-migrations, concurrency, benchmarks)",Authoritative,Included,
753,workspace/w0-work/backend/scripts/g3-concurrency.js,w0-work/backend/scripts/g3-concurrency.js,g3-concurrency.js,js,6771,e4bc5ee938ecd3ee9703da1a5393793e5c9c6bbb2be22c775a768837b897eeae,Scripts,scripts,Current,df45d69,2026-09-29,"Operational scripts (apply-migrations, concurrency, benchmarks)",Authoritative,Included,
754,workspace/w0-work/backend/scripts/g4-benchmark.js,w0-work/backend/scripts/g4-benchmark.js,g4-benchmark.js,js,3223,acae39d00e2fbc4e828b3db4189f814b95b2266ab6fd1c0e24718e8367f5a177,Scripts,scripts,Current,4fdb484,2026-09-29,"Operational scripts (apply-migrations, concurrency, benchmarks)",Authoritative,Included,
755,workspace/w0-work/backend/scripts/g4-concurrency.js,w0-work/backend/scripts/g4-concurrency.js,g4-concurrency.js,js,10571,70bfaf55abcbf905223816fff9379b35a9c0a8d25154d9b787a8dce416a649b9,Scripts,scripts,Current,4fdb484,2026-09-29,"Operational scripts (apply-migrations, concurrency, benchmarks)",Authoritative,Included,
756,workspace/worklog.md,worklog.md,worklog.md,md,9548,3f7a7b52f7dc3a2b3670b17ce070ffec00ba4b1db4e54aff81f0151ab465fca1,Work Log,governance,Current,73c9c0a,2026-09-29,Multi-agent shared worklog (append-only),Authoritative,Included,
757,00_manifest/SHA256SUMS,(generated in this bundle),SHA256SUMS,,133389,ea4b2c7ed92961df373e5c599d6ad8f7e6ed93f3c19b107a2bbb29475f096a46,Integrity,governance,Current,—,2026-09-29,SHA-256 of every bundle file (except self + manifests),Generated,Included,generated by mandatory export task
758,00_manifest/EXPORT_EXCLUSIONS.md,(generated in this bundle),EXPORT_EXCLUSIONS.md,md,2183,10002acbef1e4d33d8edf76ba4d96ae1f6a1535c4ad63dc9503530d9e2a72daf,Governance,governance,Current,—,2026-09-29,All exclusions with reasons (user rule §4),Generated,Included,generated by mandatory export task
759,00_manifest/SENSITIVE_DATA_REDACTIONS.md,(generated in this bundle),SENSITIVE_DATA_REDACTIONS.md,md,4359,0104f6f0154160d9b12887e206d9faa9bfb8fb4ad5c709ef6edd940108cf9968,Governance,governance,Current,—,2026-09-29,Secret scan + redaction register (user rule §13),Generated,Included,generated by mandatory export task
760,00_manifest/FILE_COUNTS.txt,(generated in this bundle),FILE_COUNTS.txt,txt,1331,faf78948c631e14d63fe8cfa7e4918737b8799c356c27aa87ffa9b66ed3b8426,Governance,governance,Current,—,2026-09-29,Discovered/exported/excluded/failed counts,Generated,Included,generated by mandatory export task
761,00_manifest/GIT_STATE.txt,(generated in this bundle),GIT_STATE.txt,txt,1149,c85c966ca29b2e5fb3d11f9e3ff39b270989f8b00cdaec2722d283177669d8d2,Governance,governance,Current,—,2026-09-29,git status/HEAD/log/tag at export time,Generated,Included,generated by mandatory export task
762,00_manifest/CATEGORY_INDEX.md,(generated in this bundle),CATEGORY_INDEX.md,md,2411,5056d8a9edb351c4f3137280482356876d31568c02714022f80350502eb300db,Governance,governance,Current,—,2026-09-29,Requested-category → location mapping,Generated,Included,generated by mandatory export task
763,00_manifest/CURRENT_PROJECT_STATE.md,(generated in this bundle),CURRENT_PROJECT_STATE.md,md,6674,81fe159171a1ffd26827c87f35b5241f8a1c1248eaace3c2ae4034e2bb7ca4c0,State,governance,Current,—,2026-09-29,Full current project state (user rule §11),Generated,Included,generated by mandatory export task
764,00_manifest/RECOVERY_FROM_EXPORT.md,(generated in this bundle),RECOVERY_FROM_EXPORT.md,md,5881,34293245a30501262f48ffc253d2f75344ad3ae829bd1717f6edd211a606f780,Recovery,governance,Current,—,2026-09-29,One-session restore guide (user rule §12),Generated,Included,generated by mandatory export task
765,99_original_paths/ORIGINAL_PATH_INDEX.md,(generated in this bundle),ORIGINAL_PATH_INDEX.md,md,1294,a53cff15de9d3fdd5204894bffb4e53264768eccb726150034a174e1d6aeca40,Governance,governance,Current,—,2026-09-29,Original-path mirror explanation + root counts,Generated,Included,generated by mandatory export task
